"State","Facility Name","Facility ID","Year","Gross Load (MWh)","Steam Load (1000 lb)","SO2 Mass (short tons)","CO2 Mass (short tons)","NOx Mass (short tons)","Heat Input (mmBtu)"
"AL","Barry",3,2012,5742904.5,,10713.473,5992011.15,5222.99,58401720.35
"AL","Gadsden",7,2012,,2536106.25,943.012,218510.225,290.65,3087112.45
"AL","Gorgas",8,2012,3357289.25,,3220.224,3239325.527,3260.21,31572418.975
"AL","Greene County",10,2012,2184540.75,,32459.579,2370851.451,4509.087,23107776.825
"AL","E C Gaston",26,2012,8757199,,57832.574,8966433.575,12817.146,87392339.625
"AL","Colbert",47,2012,3682423.83,,12856.403,3718101.785,6524.471,35980144.396
"AL","Widows Creek",50,2012,4791280.75,,6320.523,4997647.15,1555.64,48710049.25
"LA","Dolet Hills Power Station",51,2012,4991767.84,,20887.276,5678438.025,4940.73,52157338.15
"AL","Charles R Lowman",56,2012,2119928.08,,3618.979,2326098.159,2361.947,22671589.201
"NE","Platte",59,2012,490708.08,,1813.209,587336.647,923.335,5600123.183
"NE","Gerald Whelan Energy Center",60,2012,1505420.93,,2133.036,1596948.091,901.774,15226411.546
"NM","Escalante",87,2012,1208594.4,,789.131,1383242.059,2264.516,13188845.443
"KS","Holcomb",108,2012,2141507.66,,1053.367,2154747.243,1756.669,20544889.739
"AZ","Cholla",113,2012,7702659.35,,6174.045,8468675.828,9299.567,82540692.896
"AZ","Irvington Generating Station",126,2012,549288.19,,371.363,432626.824,944.93,6313719.36
"TX","Oklaunion Power Station",127,2012,3344170.34,,3641.623,3614819.618,5530.165,34466254.457
"SC","Cross",130,2012,13905798.47,,8018.414,14130509.429,4350.079,137724340.524
"FL","Seminole (136)",136,2012,8156590.49,,13760.777,7532424.151,1853.695,73415439.39
"AZ","Apache Station",160,2012,1822065.23,,1626.953,1850014.692,3082.634,19716888.352
"OK","Grand River Dam Authority",165,2012,5437272.51,,14946.259,6448235.159,12498.007,62975702.699
"FL","St. Johns River Power",207,2012,6689841.29,,12798.554,6858097.592,12869.256,66854387.693
"TX","Limestone",298,2012,12252756.5,,20671.259,12537785.652,11230.037,115179887.527
"IL","Joliet 29",384,2012,5439094.25,,11148.846,5948570.326,2664.615,56077853.3
"CO","Arapahoe",465,2012,875204.66,,2448.905,1132490.34,2231.701,10797997.847
"CO","Cherokee",469,2012,3347122.16,,3253.99,3357484.903,5050.694,32843206.199
"CO","Comanche (470)",470,2012,9925586.35,,3378.991,9713562.19,5035.265,93141120.103
"CO","Valmont",477,2012,1077964.11,,766.418,1197772.841,1902.745,11674172.766
"CO","Martin Drake",492,2012,1523702.26,,4791.928,1771789.153,2866.503,16962600.235
"CO","Lamar",508,2012,,,,,,
"CO","Hayden",525,2012,2702808.92,,1818.832,2897174.089,5128.838,28245660.967
"CO","Nucla",527,2012,628041.18,,1135.946,736317.264,1054.372,7181280.248
"FL","Curtis H. Stanton Energy Center",564,2012,3413211.62,,1978.066,3314876.572,3185.039,33359099.693
"CT","Bridgeport Harbor Station",568,2012,129294.56,,144.859,156454.144,106.006,1491744.004
"DE","Indian River",594,2012,1607482.75,,2596.55,1502778.75,750.544,14646986
"MD","Brandon Shores",602,2012,5266370.81,,2848.128,5322511.886,4139.641,51876285.952
"FL","Crystal River",628,2012,10993173.89,,26667.662,11507532.502,7717.453,112159158.585
"FL","Gulf Clean Energy Center",641,2012,3178090,,942.242,3519887.648,2605.072,34898320.775
"FL","Scholz Electric Generating Plant",642,2012,6976,,156.954,9546.875,23.347,93062.375
"FL","Lansing Smith Generating Plant",643,2012,909521.75,,5220.62,925492.202,1729.553,9020459.95
"FL","Big Bend",645,2012,10274710.75,,9157.722,11346987.4,4774.355,110594509.25
"FL","Deerhaven",663,2012,1022365.5,,1176.629,956165.475,279.39,9328342.275
"FL","Northside",667,2012,967754.53,,888.751,1110939.708,258.3,10951579.111
"FL","C D McIntosh Jr Power Plant",676,2012,1398640.59,,5145.26,1595417.995,1616.176,15549946.746
"GA","Bowen",703,2012,10426188,,3118.548,10532521.65,4651.116,102656193.675
"GA","Hammond",708,2012,1582347,,978.267,1745474.743,1917.191,17018635.95
"GA","Harllee Branch",709,2012,2285230.5,,20984.276,2359260.875,4810.606,22994773.675
"GA","Jack McDonough",710,2012,52238.5,,398.33,55048,62.561,537257.575
"GA","Mitchell (GA)",727,2012,3281,,39.185,3587.95,10.187,34974.025
"GA","Yates",728,2012,2589660.25,,29789.829,2644256.201,3764.545,25772613.975
"GA","Kraft",733,2012,683231,,1190.122,515326.28,920.183,5022706.2
"IL","E D Edwards",856,2012,4594203.61,,11802.717,4635705.654,3309.329,44200087.694
"IL","Coffeen",861,2012,5565493.81,,103.296,5680242.971,1973.551,54159484.31
"IL","Crawford",867,2012,1390640.25,,3747.171,1659475.925,783.42,15682872.45
"IL","Joliet 9",874,2012,1104453,,2210.477,1178162.75,683.824,11136574.825
"IL","Kincaid Generating Station",876,2012,5652303.81,,12155.224,5960453.625,10559.754,56831348.32
"IL","Powerton",879,2012,8821734.75,,21083.153,9862840.268,4659.537,92679299.325
"IL","Waukegan",883,2012,3596551.75,,7261.995,3801124.55,2019.136,35935258.2
"IL","Will County",884,2012,3477332,,8285.035,3896166.95,1480.405,36749407.225
"IL","Fisk",886,2012,970177,,2200.761,1053954.575,599.081,9984035.625
"IL","Joppa Steam",887,2012,7000739.37,,16990.769,7507662.602,4065.484,71583571.452
"IL","Baldwin Energy Complex",889,2012,13240315.32,,10203.708,13703649.025,5109.163,130660329.776
"IL","Havana",891,2012,3023729.33,,5814.238,3456597.838,1219.09,32957601.915
"IL","Hennepin Power Station",892,2012,2323325.68,,5905.88,2470683.115,1694.019,23559781.295
"IL","Wood River Power Station",898,2012,2933949.07,,6755.683,2978532.812,1997.426,28400397.492
"IL","Dallman",963,2012,2289007.3,,1103.653,2418415.23,773.525,23589177.91
"IL","Marion",976,2012,1892767,,5848.413,2582404.645,2102.874,23768001.064
"IN","State Line Generating Station (IN)",981,2012,596249.62,,2038.765,607368.01,1510.855,5791089.572
"IN","Clifty Creek",983,2012,6444767.47,,52838.926,6271075.266,13816.446,59792853.906
"IN","Tanners Creek",988,2012,3043226.04,,18576.449,2972739.723,3519.023,28344163.584
"IN","IPL - Harding Street Station (EW Stout)",990,2012,4048855.44,,21541.357,4174428.224,3065.722,40686448.877
"IN","IPL - Eagle Valley Generating Station",991,2012,350211.29,,3436.215,341675.621,556.671,3330170.853
"IN","C. C. Perry K Steam Plant",992,2012,,2326281.71,,,755.779,3529743.752
"IN","IPL - Petersburg Generating Station",994,2012,10595937.99,,15463.084,10231748.273,9292.743,99724680.175
"IN","Bailly Generating Station",995,2012,2129621.47,,1813.451,2446865.365,1510.608,23848561.514
"IN","Dean H Mitchell Generating Station",996,2012,,,,,,
"IN","Michigan City Generating Station",997,2012,2498441.79,,11584.243,2415242.555,1169.681,23028642.08
"IN","Cayuga",1001,2012,5300493.86,,3221.972,5174573.242,7567.742,50434372.282
"IN","Edwardsport Generating Station",1004,2012,197231.31,,26.501,137772.869,90.412,2067834.751
"IN","R Gallagher",1008,2012,286458.58,,925.724,291120.86,504.412,2837442.047
"IN","Wabash River Gen Station",1010,2012,1797876.34,,24024.333,1750631.576,2873.403,17062691.212
"IN","F B Culley Generating Station",1012,2012,1856465.99,,2115.985,2161126.163,1384.196,21276064.96
"IN","Whitewater Valley",1040,2012,30060.79,,573.093,35187.854,52.953,342959.928
"IN","Frank E Ratts",1043,2012,521781.93,,6682.087,544424.474,547.793,5306288.483
"IA","Lansing",1047,2012,1241001.41,,4477.283,1389770.01,948.742,13251043.275
"IA","Milton L Kapp",1048,2012,610467.15,,2205.95,690517.871,408.876,6583908.369
"IA","Prairie Creek",1073,2012,,5712545.8,2614.793,928503.455,1399.965,8946919.007
"IA","Sutherland",1077,2012,,2091818.63,1769.46,288754.802,467.321,3264420.102
"IA","Riverside (1081)",1081,2012,663012.3,,2373.818,672879.033,740.371,6434091.882
"IA","Walter Scott Jr. Energy Center",1082,2012,12329624,,14073.312,11788936.6,7816.619,112420791.625
"IA","George Neal North",1091,2012,4491477.25,,9787.925,4631956.775,5798.746,44225717.5
"IA","Burlington (IA)",1104,2012,1250978.05,,4697.076,1464969.997,1034.89,13973963.211
"IA","Ames",1122,2012,361097,,820.549,474584.775,652.325,4525046.3
"IA","Streeter Station",1131,2012,11929.45,,63.859,16181.095,59.32,171708.606
"IA","Muscatine",1167,2012,977664.61,,1923.102,1252907.429,2506.745,11946127.564
"IA","Pella",1175,2012,,244877.83,108.28,33800.151,71.917,322276.241
"IA","Earl F Wisdom",1217,2012,5080.13,,64.099,6513.114,18.873,63476.673
"IA","Fair Station",1218,2012,87896.59,,1366.199,115621.712,245.733,1126912.074
"KS","Riverton",1239,2012,115377.75,,946.563,140286.601,215.815,1371556.722
"KS","La Cygne",1241,2012,9262519.47,,16234.817,9575102.408,9659.364,91295758.506
"KS","Lawrence Energy Center",1250,2012,3306943.22,,2034.953,3490925.043,3526.075,33298111.166
"KS","Tecumseh Energy Center",1252,2012,1330063.49,,3978.575,1423644.774,1659.397,13605209.538
"KS","Quindaro",1295,2012,985690.22,,2757.542,1079680.68,2887.956,10418202.155
"KY","Big Sandy",1353,2012,2796220.1,,19699.108,2713315.983,2065.515,25870691.423
"KY","E W Brown",1355,2012,2685991.28,,1631.331,2907450.793,5327.181,28337741.707
"KY","Ghent",1356,2012,13441331.81,,10772.178,12465663.824,8159.349,121497734.352
"KY","Green River",1357,2012,975396.47,,18989.665,1007843.241,2066.499,9823095.206
"KY","Tyrone",1361,2012,,,,,,
"KY","Cane Run",1363,2012,2953110.11,,6127.256,2928367.719,4736.687,28541637.264
"KY","Mill Creek",1364,2012,9292542.57,,30499.067,8794353.027,7218.901,85714938.011
"KY","Elmer Smith",1374,2012,2688490.3,,4957.687,2835758.836,4258.141,27571453.625
"KY","Paradise",1378,2012,15967981.44,,28025.557,16369416.613,10197.547,159546029.303
"KY","Shawnee",1379,2012,7605134.7,,27114.87,7822681.164,13064.852,75577883.66
"KY","Coleman",1381,2012,3394859.75,,5057.513,3644184.261,6119.637,35518406.05
"KY","HMP and L Station 2",1382,2012,2227050.5,,3714.375,2269602.3,855.452,22120894.275
"KY","Robert Reid",1383,2012,28121,,805.037,34413.5,68.043,335413.3
"KY","John S. Cooper",1384,2012,1587365.78,,7428.196,1418126.167,1657.074,13821870.347
"KY","William C. Dale",1385,2012,265033.91,,1758.07,271248.701,476.626,2643808.385
"LA","R S Nelson",1393,2012,3318912.65,,12507.346,3887421.566,2919.199,35707043.633
"MD","C P Crane",1552,2012,792002.46,,2173.214,944062.864,1817.019,9001342.947
"MD","Herbert A Wagner",1554,2012,1250484.52,,7472.987,1304106.468,1483.534,12710614.843
"MD","R. Paul Smith Power Station",1570,2012,90572.82,,558.66,92982.151,167.211,906264.251
"MD","Chalk Point",1571,2012,1987473.72,,4646.567,2037414.551,2340.026,20277459.835
"MD","Dickerson",1572,2012,1219351.8,,817.8,1155145.912,1439.344,11258702.402
"MD","Morgantown",1573,2012,5628972.77,,2930.261,5212153.52,801.85,50801846.82
"MA","Mount Tom",1606,2012,121786,,133.602,151659.525,73.826,1478188.975
"MA","Brayton Point",1619,2012,2100914,,9121.156,1931380.475,1280.969,19179882
"MA","Salem Harbor Station",1626,2012,256254.72,,1504.655,278658.11,109.64,2716004.882
"MI","B C Cobb",1695,2012,1706358.08,,6091.514,1699124.443,2201.682,16200652.943
"MI","Dan E Karn",1702,2012,2422772.99,,6779.576,2453597.281,2160.303,23394338.44
"MI","J H Campbell",1710,2012,8274454.55,,21501.188,8649174.251,6594.049,82467369.72
"MI","J C Weadock",1720,2012,1707800.97,,6654.81,1654195.625,2387.346,15772312.163
"MI","J R Whiting",1723,2012,1452654.94,,4885.277,1605565.773,1853.779,15308625.937
"MI","Harbor Beach",1731,2012,87962.22,,587.742,106544.954,280.39,1015879.441
"MI","Monroe",1733,2012,16668343.9,,49150.616,16638859.371,13309.16,158646594.393
"MI","River Rouge",1740,2012,,17416965.79,8202.34,2324231.892,2543.603,23100105.686
"MI","St. Clair",1743,2012,5985025.71,,28208.476,6326421.868,7852.148,60320659.934
"MI","Trenton Channel",1745,2012,,28514036.69,22426.038,3900209.285,4487.247,37187316.668
"MI","Presque Isle",1769,2012,2120770.95,,6028.223,2464370.206,3695.012,23497203.112
"MI","J B Sims",1825,2012,281245.1,,286.778,261490.71,328.31,2548612.011
"MI","James De Young",1830,2012,11573.03,,58.564,16791.076,31.715,160461.29
"MI","Eckert Station",1831,2012,997548.53,,3677.073,1338017.994,1448.04,12757638.071
"MI","Erickson",1832,2012,750098.52,,2685.382,878016.306,920.304,8371636.535
"MI","Shiras",1843,2012,297728,,250.8,377496.1,298.705,3599350.8
"MI","Wyandotte",1866,2012,,1540127.48,326.381,218331.762,224.334,2497805.577
"MN","Laskin Energy Center",1891,2012,412255.83,,262.006,514149.49,431.418,4902418.953
"MN","Boswell Energy Center",1893,2012,7910109.36,,4645.027,8535045.596,4625.384,81379196.702
"MN","Hibbard Energy Center",1897,2012,,1765674.55,163.036,297460.029,501.781,2857167.136
"MN","Black Dog",1904,2012,1319536.93,,2796.042,1499907.55,6043.656,14301168.652
"MN","Allen S King",1915,2012,3681980.19,,1637.942,3570472.751,1390.767,34043418.982
"MN","Hoot Lake",1943,2012,692951.75,,2657.562,866359.3,808.779,8260507.075
"MN","Northeast Station",1961,2012,10746.71,,4.018,8915.217,13.868,86902.618
"MN","Silver Lake",2008,2012,7392.28,,8.943,8160.835,11.216,90280.342
"MS","Watson Electric Generating Plant",2049,2012,2060674.25,,23117.267,1894950.425,3603.449,19552624.75
"MO","Asbury",2076,2012,1279415.34,,6261.08,1447182.184,1254.815,13798472.302
"MO","Hawthorn",2079,2012,3919945.67,,1576.022,3955691.274,1348.87,37731155.384
"MO","Montrose",2080,2012,1958396.73,,6445.198,2176652.501,2530.089,20753790.623
"MO","Sibley",2094,2012,2335710.58,,6094.828,2326261.478,1945.224,22180477.51
"MO","Lake Road",2098,2012,408483.19,,1088.94,432106.944,1395.847,4120031.658
"MO","Labadie",2103,2012,16164542.95,,42234.654,15514284.718,7305.989,147924296.568
"MO","Meramec",2104,2012,4381066.53,,9532.712,4664633.962,3350.87,44475917.02
"MO","Sioux",2107,2012,5329154.09,,2658.454,4949068.431,5877.631,47187954.82
"MO","Columbia",2123,2012,,403175.18,350.954,64035.238,164.52,624152.019
"MO","Blue Valley",2132,2012,39148.93,,1294.837,55188.87,74.211,541789.929
"MO","James River",2161,2012,700009.8,,1587.971,666917.289,758.32,6963546.773
"MO","New Madrid Power Plant",2167,2012,7961838.51,,14399.142,7786162.86,19810.087,74240248.063
"MO","Thomas Hill Energy Center",2168,2012,7507337.31,,15389.307,7826164.139,12528.95,74625064.376
"MO","Chamois Power Plant",2169,2012,305321.1,,927.955,340811.482,1476.031,3249559.916
"MT","J E Corette",2187,2012,765068.06,,1950.961,864369.45,1155.684,8241538.037
"NE","Lon D Wright Power Plant",2240,2012,400685.4,,1094.905,462786.496,427.016,4459576.915
"NE","Sheldon",2277,2012,1149389.21,,2760.247,1264722.725,3194.03,12058767.769
"NE","North Omaha Station",2291,2012,3305317.04,,11377.163,3677848.538,5571.683,35111946.973
"NV","Reid Gardner",2324,2012,1610223.35,,759.339,1736218.85,1606.895,16554391.522
"NH","Merrimack",2364,2012,1293757.06,,1004.233,1395642.239,1833.616,13602754.886
"NH","Schiller",2367,2012,481390.81,,736.46,668152.719,344.553,6443693.965
"NJ","B L England",2378,2012,185769.33,,1004.963,203023.519,390.149,1978684.471
"NJ","Hudson Generating Station",2403,2012,962998.35,,138.88,663637.308,372.827,9651734.886
"NJ","Mercer Generating Station",2408,2012,438888.96,,158.613,450684.705,223.915,5170134.547
"NM","Four Corners Steam Elec Station",2442,2012,14777882.75,,11748.866,15145753.13,40739.686,147635991.12
"NM","San Juan",2451,2012,11341944.77,,4603.969,11906236.262,15974.539,113541759.814
"NY","Danskammer Generating Station",2480,2012,293573.28,,1425.115,322589.106,411.574,3207224.826
"NY","GMMM Westover",2526,2012,,,,,,
"NY","Greenidge Generation LLC",2527,2012,,,,,,
"NY","Cayuga Operating Company, LLC",2535,2012,534010.34,,1544.92,554794.829,837.189,5406983.383
"NY","Huntley Power",2549,2012,739755.99,,2715.544,809796.388,530.227,7721290.159
"NY","NRG Dunkirk Power",2554,2012,665765.12,,2165.442,730779.34,576.414,6967767.072
"NY","S A Carlson",2682,2012,,86891.5,214.243,16731.075,32.031,163076.2
"NC","Asheville",2706,2012,2033252.68,,1812.377,1987490.072,958.803,19399838.361
"NC","Cape Fear",2708,2012,524533.75,,3298.309,476900.825,703.385,4651253.825
"NC","H F Lee Steam Electric Plant",2709,2012,899338.25,,5927.278,848169.525,1505.239,8271657.425
"NC","Roxboro",2712,2012,6645307.99,55234358.47,13372.574,14555177.666,13068.324,141877409.31
"NC","L V Sutton",2713,2012,1376962.75,,10331.77,1519472.951,3319.582,14831412.875
"NC","W H Weatherspoon",2716,2012,,,,,,
"NC","G G Allen",2718,2012,2206904.48,,707.328,2072474.946,2296.541,20199555.767
"NC","Buck",2720,2012,244234.27,,1411.502,242569.42,213.177,2364198.396
"NC","Cliffside",2721,2012,1462393.87,,298.775,1357756.978,409.26,13233473.993
"NC","Dan River",2723,2012,,,,,,
"NC","Marshall",2727,2012,10240007.05,,4599.068,9862615.511,11027.224,96126861.607
"NC","Riverbend",2732,2012,185268.55,,1548.702,202305.758,215.824,1971762.191
"ND","R M Heskett",2790,2012,440038.54,,1868.261,521348.248,967.028,4788735.371
"ND","Leland Olds",2817,2012,3727051.9,,38323.349,4049313.117,5259.759,37194043.976
"ND","Milton R Young",2823,2012,5696110.05,,2219.541,6052609.426,9266.152,55594760.849
"ND","Stanton",2824,2012,,8409636,2378.857,1393072.111,1791.057,13282629.519
"OH","Cardinal",2828,2012,7916182.09,,8143.937,7494512.883,2257.748,71457967.015
"OH","Walter C Beckjord Generating Station",2830,2012,3562010.29,,67068.831,3494429.067,7435.016,34059319.224
"OH","Miami Fort Power Station",2832,2012,9007809.79,,26406.888,8301341.758,6853.258,80909898.68
"OH","Ashtabula",2835,2012,305683.71,,6289.49,353810.671,528.623,3373490.662
"OH","Avon Lake Power Plant",2836,2012,2756686.85,568304.99,38307.484,2480887.925,4580.935,24180211.763
"OH","Eastlake",2837,2012,4867618.56,,54850.414,4599012.513,7120.049,43850224.159
"OH","Lake Shore",2838,2012,190026.9,,776.782,238992.057,332.014,2278738.011
"OH","Conesville",2840,2012,6314707.86,,12880.668,6761255.133,8462.512,64466601.447
"OH","Picway",2843,2012,4053.89,,66.891,5515.521,11.188,52588.888
"OH","O H Hutchings",2848,2012,59411.97,,411.011,71996.393,130.153,707149.354
"OH","J M Stuart",2850,2012,12610597,,8864.161,12386793.164,7838.728,120729042.511
"OH","Niles",2861,2012,56072.94,,1360.472,61141.01,282.305,595865.714
"OH","R E Burger",2864,2012,,,,,,
"OH","W H Sammis",2866,2012,9806974.35,,4064.266,9369803.374,5756.101,89338416.39
"OH","Muskingum River",2872,2012,1890167.87,,36137.348,1877552.785,2650.753,17901893.496
"OH","Kyger Creek",2876,2012,5168054.2,,4988.937,5658163.765,4578.577,53948938.514
"OH","Bay Shore",2878,2012,425551.22,10410577.66,4251.692,1973918.222,1310.391,18745770.833
"OH","Hamilton Municipal Power Plant",2917,2012,96720.49,,420.279,100694.171,155.96,984784.115
"OK","Muskogee",2952,2012,8597983.15,,22646.562,9528087.959,13921.969,91287176.805
"OK","Northeastern",2963,2012,6321321.48,,15486.969,6330701.443,6125.557,60361429.001
"PA","Elrama",3098,2012,107586.76,,249.511,130750.745,273.272,1274373.84
"PA","Portland",3113,2012,172764.04,,2381.997,175857.489,317.662,1714008.057
"PA","Titus",3115,2012,108646.07,,1077.677,109557.592,188.584,1067820.435
"PA","Conemaugh",3118,2012,11376057.55,,6311.717,10766149.413,16455.728,104961149.229
"PA","Homer City",3122,2012,10568174.55,,99773.562,10041794.29,10290.968,97873325.188
"PA","Seward",3130,2012,,13512102.06,4333.295,2133324.355,953.062,20814196.866
"PA","Shawville",3131,2012,1509192.41,,20483.046,1457952.128,2889.158,14210141.536
"PA","Keystone",3136,2012,10222266.29,,29419.793,9816792.366,17454.536,95680331.817
"PA","New Castle",3138,2012,412522.23,,4994.688,445836.486,855.879,4345416.782
"PA","Brunner Island, LLC",3140,2012,6531944.51,,12254.494,6048178.357,11321.248,58949145.354
"PA","Montour, LLC",3149,2012,8549004.1,,15136.639,7891446.405,15115.259,76914687.115
"PA","Sunbury",3152,2012,,1613508.42,2955.96,226845.997,327.696,2211009.696
"PA","Eddystone Generating Station",3161,2012,,,,,,
"PA","Armstrong Power Station",3178,2012,373714.39,,5184.473,363083.997,605.152,3538811.486
"PA","Hatfield's Ferry Power Station",3179,2012,10495729.16,,3790.599,9927195.281,23588.861,96756252.062
"PA","Mitchell Power Station",3181,2012,1267322.25,,1569.044,1271715.734,1969.914,12394902.878
"SC","H B Robinson",3251,2012,239474.5,,2235.503,245561.775,692.395,2397078.475
"SC","W S Lee",3264,2012,151894.91,,1308.848,159408.648,178.718,1553726.316
"SC","Canadys Steam",3280,2012,1757225.96,,16745.652,1626642.071,2718.226,15854223.456
"SC","McMeekin",3287,2012,637426.17,,2847.9,521581.064,895.295,5083678.348
"SC","Urquhart",3295,2012,445832.27,,2392.357,350937.679,393.775,4082612.646
"SC","Wateree",3297,2012,4046621.21,,3531.36,4075988.577,1856.823,39727052.728
"SC","Williams",3298,2012,4010667.08,,1030.797,3481583.082,1728.276,33933557.901
"SC","Dolphus M Grainger",3317,2012,,,,,,
"SC","Jefferies",3319,2012,356565.76,,4229.621,371185.986,867.372,3617804.618
"TN","Allen",3393,2012,4525560.19,,9608.901,4433339.36,1807.375,42385855.976
"TN","Bull Run",3396,2012,2068767.06,,304.568,1922962.502,747.456,18742325.726
"TN","Cumberland",3399,2012,15375732.15,,10100.837,15481824.877,7285.877,150894973.359
"TN","Gallatin",3403,2012,7033881.71,,21731.603,7227350.734,5315.161,68910766.157
"TN","John Sevier",3405,2012,644928.41,,4380.014,673770.362,793.759,6566997.409
"TN","Johnsonville",3406,2012,3618994.81,,17810.311,3961472.572,4457.985,38081957.486
"TN","Kingston",3407,2012,4416984.92,,2266.223,4859634.421,1429.898,46669691.444
"TX","W A Parish",3470,2012,14506838.21,,37857.762,15063386.727,3525.624,143880351.063
"TX","Big Brown",3497,2012,7783530.04,,60681.143,8290306.514,5043.903,76148636.166
"UT","Carbon",3644,2012,1380198.06,,8307.207,1533476.336,3614.586,14946130.757
"VA","Clinch River",3775,2012,896618.42,,3881.48,918331.166,872.526,8756097.682
"VA","Glen Lyn",3776,2012,82143.7,,612.619,98132.991,199.687,935720.957
"VA","Potomac River",3788,2012,360981.51,,519.425,434300.173,459.217,4232986.17
"VA","Bremo Power Station",3796,2012,383407.36,,2949.706,368692.678,856.236,3593688.857
"VA","Chesterfield Power Station",3797,2012,3868623.94,,1222.727,3787923.48,1530.619,36919348.373
"VA","Chesapeake Energy Center",3803,2012,1486785.83,,9471.934,1539543.699,2844.874,15005348.408
"VA","Yorktown Power Station",3809,2012,712597.38,,7488.047,686899.483,1787.423,6694949.066
"WA","Centralia",3845,2012,3996516.19,,1228.017,4542415.372,4649.437,43735155.998
"WV","John E Amos",3935,2012,14119179.67,,3133.18,13060997.293,3240.303,124532808.176
"WV","Kanawha River",3936,2012,1103762.36,,7258.868,1137942.384,1497.792,10849974.869
"WV","Phil Sporn",3938,2012,1066434.12,,8078.254,1085964.936,1225.141,10354363.129
"WV","Albright Power Station",3942,2012,194882.54,,2488.947,208567.053,343.762,2032840.564
"WV","Fort Martin Power Station",3943,2012,5993892.29,,3422.365,5579623.911,7961.535,53200257.26
"WV","Harrison Power Station",3944,2012,10889216.49,,12048.773,10348557.328,15609.339,100863106.744
"WV","Rivesville Power Station",3945,2012,1804.63,,22.143,8404.585,25.445,81909.909
"WV","Willow Island Power Station",3946,2012,19378.52,,185.677,25561.248,66.31,246923.402
"WV","Kammer",3947,2012,1900408.36,,19716.638,1885501.441,3854.406,17977744.241
"WV","Mitchell (WV)",3948,2012,8190711.47,,3454.653,7695799.418,1866.387,73377203.498
"WV","Mount Storm Power Station",3954,2012,9031681.54,,5448.92,9031420.178,3693.484,88025546.239
"WI","Bay Front",3982,2012,202765.91,,67.697,358551.421,254.756,3469746.866
"WI","South Oak Creek",4041,2012,4371893.22,,2071.251,4865640.483,1977.586,46544125.114
"WI","Valley (WEPCO)",4042,2012,,7601079.52,3518.961,931958.947,1002.004,9083408.671
"WI","Edgewater (4050)",4050,2012,3833509.1,,11264.69,3990738.955,2606.299,38050543.046
"WI","Nelson Dewey",4054,2012,940019.08,,3303.755,1198230.503,2625.517,11422654.324
"WI","Pulliam",4072,2012,639652.94,,1845.471,709589.492,849.394,6814161.304
"WI","Weston",4078,2012,5374845.97,,6056.196,4919484.335,2117.174,46959696.017
"WI","Manitowoc",4125,2012,,933772.91,207.732,145247.268,75.046,1395358.389
"WI","Alma",4140,2012,85248.23,,877.483,98381.679,170.538,938040.481
"WI","Genoa",4143,2012,982143.66,,2378.891,1042716.143,545.684,9941995.18
"WY","Dave Johnston",4158,2012,5360810.93,,8722.443,5720670.762,6999.289,54544910.881
"WY","Naughton",4162,2012,5444941.23,,7993.119,5661930.288,8310.969,54026744.715
"MI","Michigan Hub Plant",4259,2012,267670.79,,856.304,395873.201,406.126,3858411.838
"WI","J P Madgett",4271,2012,2103104.21,,4276.096,2306552.573,2840.646,21992319.065
"AZ","Navajo Generating Station",4941,2012,17364176.61,,4402.459,16925558.46,16468.328,164966569.945
"AL","James H Miller Jr",6002,2012,18831544,,736.661,20294975.475,6934.358,193506649.85
"WV","Pleasants Power Station",6004,2012,8770165.05,,12896.851,7999232.727,5202.767,77825308.205
"AR","White Bluff",6009,2012,9920444.93,,31687.164,11212812.887,14235.626,106932720.244
"IL","Duck Creek",6016,2012,3075539.42,,295.852,2645073.227,1246.525,25219962.032
"IL","Newton",6017,2012,5898531.66,,16519.06,5875890.299,3003.877,56024904.645
"KY","East Bend",6018,2012,3514682.46,,1496.631,3328014.129,2939.439,32436811.435
"OH","W H Zimmer Generating Station",6019,2012,5273005.24,,11975.469,4666502.286,6574.813,45482538.957
"CO","Craig",6021,2012,9874824.79,,3960.968,9887989.406,13498.487,94279071.673
"ND","Coal Creek",6030,2012,9939065.7,,16272.73,10519914.368,8658.126,96628220.116
"OH","Killen Station",6031,2012,4066542.3,,5362.147,3619605.533,5822.192,35296108.364
"MI","Belle River",6034,2012,7944618.44,,24868.333,8235860.806,8425.103,78526542.307
"KY","H L Spurlock",6041,2012,9022580.73,,5131.114,8374487.307,3177.782,81622650.035
"GA","Wansley (6052)",6052,2012,5395150.5,,2101.742,5291957.9,1668.482,51578511.05
"LA","Big Cajun 2",6055,2012,10918503.47,,34871.631,11034921.49,9798.045,105214721.359
"MS","R D Morrow Senior Generating Plant",6061,2012,1198420.9,,3947.555,1291587.587,2737.754,12588607.524
"KS","Nearman Creek",6064,2012,1075859.47,,4611.824,1475131.088,2304.219,14064027.727
"MO","Iatan",6065,2012,12581106.96,,485.504,12210736.894,3530.129,116425750.955
"KS","Jeffrey Energy Center",6068,2012,12784411.93,,1313.229,13879788.239,8786.522,132349508.699
"KY","Trimble County",6071,2012,7846307.08,,2892.467,7464117.647,2885.686,72033487.64
"MS","Daniel Electric Generating Plant",6073,2012,1929819.25,,7016.959,2177632.85,2976.428,21224502.1
"MT","Colstrip",6076,2012,13503507.7,,9748.111,14766181.886,14415.201,140807028.598
"NE","Gerald Gentleman Station",6077,2012,9397958,,26437.554,9383998.875,9495.566,89473663.825
"NY","Somerset Operating Company  (Kintigh)",6082,2012,2194135.3,,5653.082,2198965.255,3657.287,21432372.332
"IN","R M Schahfer Generating Station",6085,2012,6683366.7,,14899.319,7663787.325,5862.737,73792733.455
"MT","Lewis & Clark",6089,2012,277381.69,,599.849,334414.124,597.585,3075991.375
"MN","Sherburne County",6090,2012,8976017.76,,10375.74,9278102.514,8343.676,88464890.751
"PA","Bruce Mansfield",6094,2012,19437921.26,,19082.197,17833496.767,9517.536,173815829.02
"OK","Sooner",6095,2012,6131315.05,,15883.842,6371739.013,10512.769,60774083.528
"NE","Nebraska City Station",6096,2012,10276573.54,,16765.895,9921057.596,6160.921,94594399.123
"SD","Big Stone",6098,2012,2973557.1,,12289.662,3169636.08,10578.55,30221558.499
"WY","Wyodak",6101,2012,2845398.02,,2297.861,3315332.296,3051.131,31610752.547
"OR","Boardman",6106,2012,2785404.35,,11463.08,2745242.592,2703.764,26175067.445
"IN","Gibson",6113,2012,20265007.45,,22446.782,18484994.959,12642.028,180165607.449
"GA","McIntosh (6124)",6124,2012,,,,,,
"TX","Gibbons Creek Steam Electric Station",6136,2012,1628226.4,,309.008,1755371.257,1028.34,17108915.099
"IN","A B Brown Generating Station",6137,2012,2619003.44,,7091.115,2748927.279,2102.474,26792766.198
"AR","Flint Creek Power Plant",6138,2012,4015502.98,,8409.396,4150943.846,5455.769,39578106.92
"TX","Welsh Power Plant",6139,2012,10774971.94,,23212.133,11388893.067,10074.352,108589742.851
"TX","Martin Lake",6146,2012,15985626.69,,43093.473,17048443.252,11665.841,156594495.902
"TX","Monticello",6147,2012,8016596.77,,31447.166,8729260.714,5893.238,80180553.756
"MO","Rush Island",6155,2012,8552038.52,,20422.811,7632343.33,2953.769,72773193.863
"UT","Hunter",6165,2012,9809595.55,,4532.36,9715839.571,13577.247,94696235.831
"IN","Rockport",6166,2012,19717921.29,,54389.964,19565038.165,21643.683,186546892.078
"WI","Pleasant Prairie",6170,2012,5940604.01,,738.86,6890497.426,2097.403,65740005.099
"AZ","Coronado Generating Station",6177,2012,6311242.66,,1219.309,6895115.949,9835.848,65742917.392
"TX","Coleto Creek",6178,2012,5618819.83,,16218.165,5530020.779,3367.027,52727118.544
"TX","Sam Seymour",6179,2012,8957943.35,,1116.673,10051589.175,4783.382,95839007.263
"TX","Oak Grove",6180,2012,11931205.34,,6530.918,12370922.733,4033.936,113675681.824
"TX","J T Deely",6181,2012,3773568,,9013.139,3839280.675,1399.042,37419877.1
"TX","San Miguel",6183,2012,3234179.25,,10950.166,3782604.75,3111.58,34744207.45
"LA","Brame Energy Center",6190,2012,5206287.44,,10748.365,5451163.49,3127.259,52641975.071
"TX","Harrington Station",6193,2012,6603279.41,,15383.147,6961820.233,5215.935,66431667.126
"TX","Tolk Station",6194,2012,7966833.77,,19168.186,7745031.005,5769.822,73863773.731
"MO","John Twitty Energy Center",6195,2012,2189909.63,,2798.616,2112527.481,772.599,20224994.914
"WY","Laramie River",6204,2012,11804593.63,,8384.001,13324302.66,12188.034,127043306.658
"IN","Merom",6213,2012,5882734.27,,4377.45,6092814.611,2246.625,59384208.777
"CO","Pawnee",6248,2012,3480731.02,,13510.133,3719842.614,3473.894,35469549.513
"SC","Winyah",6249,2012,2870771.3,,1256.662,2983342.474,1274.193,29077462.189
"NC","Mayo",6250,2012,,26974854.8,6060.737,3814374.959,2968.438,37234174.577
"IA","Ottumwa",6254,2012,3130607,,11985.117,3772270.191,2542.986,35967485.312
"GA","Scherer",6257,2012,21680205,,42349.162,23858823.05,14986.592,227486912.275
"WV","Mountaineer (1301)",6264,2012,9023750.56,,1151.263,8716836.616,2263.628,83112472.103
"ND","Antelope Valley",6469,2012,6820634.88,,13905.086,7737865.241,12416.13,71074404.865
"UT","Intermountain",6481,2012,10454727.75,,3551.113,9713702.95,17182.371,94675451.975
"KY","R D Green",6639,2012,3216402.25,,2680.168,3372513.35,3339.099,32870564.575
"AR","Independence",6641,2012,10898693.96,,32973.75,11800821.217,11066.772,112554164.041
"TX","Sandow",6648,2012,4768397.36,,22511.483,4902043.255,1500.37,45026584.465
"IA","Louisa",6664,2012,5539061.1,,8743.18,5446776.151,4691.001,51933352.865
"IN","Alcoa Allowance Management Inc",6705,2012,5767974.94,,5170.495,6399920.397,10691.686,62377407.195
"CO","Rawhide Energy Station",6761,2012,2303847.12,,876.151,2241291.334,1354.775,21370057.837
"MO","Sikeston",6768,2012,1678592.8,,5242.861,1775014.23,1936.526,16924233.843
"OK","Hugo",6772,2012,2703013.26,,8065.952,2742130.488,2414.329,26732185.223
"KY","D B Wilson",6823,2012,3284474.75,,7386.676,3350517.425,1025.822,32656137.15
"TX","Twin Oaks",7030,2012,1742563.04,,4038.005,1726974.503,1170.191,15862738.529
"TX","J K Spruce",7097,2012,9776039.25,,1401.922,10050753.075,3788.067,97960606.65
"SC","Cope Station",7210,2012,2110947.67,,1322.442,1846265.938,1061.453,17994829.79
"VA","Clover Power Station",7213,2012,4769393.08,,1875.151,4897874.915,6694.146,47737548.856
"IA","George Neal South",7343,2012,4620111,,14272.828,4693780.625,4795.084,44759321.75
"WY","Neil Simpson II",7504,2012,639137.41,,419.559,780568.089,498.226,7442474.568
"WV","North Branch Power Station",7537,2012,,,,,,
"SC","WestRock Charleston Kraft, LLC",7737,2012,,3017828.67,,,565.853,4303976.412
"UT","Bonanza",7790,2012,3259179.75,,1357.316,3314096.525,6870.968,32301130.35
"TX","H W Pirkey Power Plant",7902,2012,4662623.05,,3853.152,4525367.597,3499.045,41566693.117
"WI","Columbia",8023,2012,7756308.88,,24598.552,8637894.4,5597.816,82359840.657
"NC","Belews Creek",8042,2012,14766539.8,,4074.688,13278469.89,4954.802,129419799.118
"WY","Jim Bridger",8066,2012,14541728.14,,9974.773,14994886.137,13761.705,142971824.402
"UT","Huntington",8069,2012,7165814.14,,2299.562,6801854.471,7391.191,66294949.918
"OH","Gen J M Gavin",8102,2012,18595366.87,,31269.034,18190041.135,7246.748,173436761.311
"CO","Ray D Nixon",8219,2012,1619739.17,,3469.13,1679930.736,1867.41,16021509.537
"ND","Coyote",8222,2012,2439038.28,,10639.444,2940380.84,9943.581,27008172.983
"AZ","Springerville Generating Station",8223,2012,11244281.34,,6154.893,10384406.991,6787.976,99046928.478
"NV","North Valmy",8224,2012,1814804.2,,3666.367,1728078.664,2459.272,16476710.319
"PA","Cheswick",8226,2012,2652930.94,,1910.824,2571151.621,4484.302,25114795.791
"VA","RockTenn West Point Mill",10017,2012,,1129954.26,,,286.897,1662571.002
"NY","RED-Rochester, LLC-Eastman Business Park",10025,2012,,7710800.93,,,2353.146,9788778.694
"DE","Energy Center Dover LLC",10030,2012,,524325.45,,,181.497,737405.13
"NJ","Logan Generating Plant",10043,2012,,5120838.67,1179.961,1306451.141,831.67,12737243.172
"VA","Virginia Renewable Power-Portsmouth LLC",10071,2012,,339311.72,155.121,52908.014,84.592,515679.815
"MN","Taconite Harbor Energy Center",10075,2012,949021.32,,2655.804,1162783.389,1197.52,11086804.838
"MI","DTE Pontiac North LLC",10111,2012,,,,,,
"PA","Gilberton Power Company",10113,2012,,4063000.81,929.996,629003.545,118.937,5254869.46
"PA","Colver Green Energy",10143,2012,1002004.33,,2546.976,,878.022,10539723.244
"WV","Grant Town Power Plant",10151,2012,,6499869.66,2094.373,1000609.364,1513.2,9752497.521
"OH","Pixelle Specialty Solutions LLC",10244,2012,,4301944.01,,,1676.751,6683338.943
"MI","T B Simon Power Plant",10328,2012,,1843918.83,,,240.897,3015401.059
"FL","Brooksville Power Plant",10333,2012,,,,,,
"PA","Mt. Carmel Cogeneration",10343,2012,286278.48,,464.747,518972.587,303.634,4610015.477
"VA","City Point Energy Center",10377,2012,,2981955.35,1510.604,463569.803,780.81,4518207.494
"NC","CPI USA North Carolina Southport",10378,2012,,5213301.6,2922.749,,873.265,7943753.173
"NC","CPI USA North Carolina Roxboro",10379,2012,,2375699.07,1014.175,,403.799,3765237.527
"NC","NC Renewable Power - Elizabethtown",10380,2012,,,,,,
"NC","Duplin BioEnergy, LLC",10381,2012,,2022007.08,,,446.994,3844054.018
"NC","NC Renewable Power - Lumberton LLC",10382,2012,,,,,,
"NC","Edgecombe Genco, LLC",10384,2012,,2623564.74,121.277,416410.734,992.938,4058583.868
"OH","Cleveland-Cliffs Cleveland Works LLC",10398,2012,,,,,,
"NY","Black River Generation, LLC",10464,2012,,,,,,
"NJ","Carneys Point",10566,2012,,7707826.5,1057.937,1091754.05,742.514,10640176.3
"PA","Ebensburg Power Company",10603,2012,492877.13,,2002.512,,315.99,6451583.693
"PA","Cambria Cogen",10641,2012,,6409011.45,1754.682,,986.086,9436886.987
"TX","AES Deepwater, Inc.",10670,2012,64226,,278.919,89299.65,20.134,835587.9
"FL","Cedar Bay Generating Co. LP",10672,2012,,7600511.32,799.707,1222635.989,981.653,11943717.365
"PA","AES Beaver Valley LLC",10676,2012,,10596568.75,3204.885,,2960.05,13101227.9
"MD","AES Warrior Run",10678,2012,1322780.08,,1234.73,1539522.399,580.018,15009597.664
"WV","Morgantown Energy Facility",10743,2012,,4671301.69,908.73,,907.299,6790110.457
"VA","Hopewell Power Station",10771,2012,,241269.53,11.513,34941.278,49.314,340577.073
"VA","Altavista Power Station",10773,2012,,,,,,
"VA","Southampton Power Station",10774,2012,,536787.03,25.645,75805.689,146.97,738847.718
"IL","Archer Daniels Midland Co.",10865,2012,,33476146.28,,,2107.005,10881081.811
"IL","Tate & Lyle",10867,2012,,4628843.64,,,396.041,8096472.354
"LA","Nelson Industrial Steam Company",50030,2012,,13324547.14,6705.717,,1411.848,19390197.1
"PA","Northeastern Power Company",50039,2012,412911.46,,699.648,637683.145,101.237,5457291.849
"WV","UCC South Charleston Plant",50151,2012,,75376.98,,,11.719,98509.434
"NY","Niagara Generation, LLC",50202,2012,138482.9,,354.737,186614.811,141.437,1720514.917
"IN","Purdue University-Wade Utility",50240,2012,,2645156.43,,,544.567,3777995.988
"NC","Blue Ridge Paper Products Inc.",50244,2012,,3143026.65,,,1148.822,4309082.131
"OH","Smart Papers LLC",50247,2012,,158515.67,,,31.296,255040.84
"NC","WestRock Kraft Paper, LLC",50254,2012,,2177957.39,,,991.375,4324088.127
"MD","Luke Paper Company",50282,2012,,6458910.87,,911455.903,2707.172,
"PA","Pixelle Specialty Solutions",50397,2012,,5515624,,,1169.453,8232770.55
"PA","Kimberly-Clark Tissue Company",50410,2012,,4008669,,,126.677,6196346.9
"TN","Eastman Chemical Company",50481,2012,,11623864.57,,,2950.488,16902058.397
"WV","Axiall Corporation Natrium Plant",50491,2012,,6192986.75,,836468.2,2001.638,8153047.375
"PA","Rausch Creek Generation, LLC",50611,2012,227229.32,,271.579,369071.087,230.017,3124046.076
"NY","Syracuse Energy Corporation",50651,2012,,2620748.15,1912.532,396507.736,630.752,3864616.747
"PA","Panther Creek Energy Facility",50776,2012,,6306798.74,556.256,,542.554,8512483.652
"SC","WestRock CP, LLC Florence Mill",50806,2012,,1979550.48,,,551.465,3256789.393
"MI","TES Filer City Station",50835,2012,,4987157.3,567.722,,1238.9,6567574.38
"PA","Wheelabrator Frackville Energy",50879,2012,,3313154.88,475.547,643838.358,446.151,4959745.437
"PA","Northampton Generating Plant",50888,2012,901112.34,,473.713,1042891.392,383.447,9242761.107
"VA","WestRock Virginia Corp Covington Ops",50900,2012,,9304101.84,,,2952.059,14810593.523
"TN","Resolute Forest Products - Calhoun Ops",50956,2012,,611797.45,,,98.078,603049.78
"PA","Scrubgrass Generating Plant",50974,2012,,6541776.33,1806.764,1041413.156,756.505,10425866.275
"FL","Indiantown Cogeneration, LP",50976,2012,,6676184.27,1509.126,1069506.305,1204.052,10611864.797
"VA","Mecklenburg Power Station",52007,2012,,1708858.04,143.566,253910.31,346.233,2474752.051
"TX","Sandow Station",52071,2012,4838300.95,,2152.598,4621065.333,1365.524,42463343.598
"VA","Celanese Acetate LLC",52089,2012,,542452.85,,,258.452,804745.959
"AL","International Paper-Prattville Mill",52140,2012,,3271611.46,,,1075.489,4577603.86
"SC","International Paper-Eastover Mill",52151,2012,,610459.34,,,163.933,731792.428
"VA","International Paper-Franklin Mill",52152,2012,,,,,,
"NC","Roanoke Valley Energy Facility I",54035,2012,,8150623.39,527.354,1083366.489,1605.213,10559174.373
"VA","Spruance Operating Services, LLC",54081,2012,,6683548.47,501.179,1062685.971,1534.442,10357618.505
"PA","Piney Creek Power Plant",54144,2012,304550.67,,1085.654,,264.154,3670146.818
"OH","Cleveland-Cliffs Warren",54207,2012,,115976.97,,,222.592,702233.72
"AL","Resolute FP - Coosa Pines Mill",54216,2012,,490453.75,,,179.547,796447.05
"NC","University of NC Chapel Hill",54276,2012,,599651.75,,,169.01,980209
"VA","Birchwood Power Facility",54304,2012,447864.21,,194.507,,215.105,4423896.266
"IL","Ingredion Incorporated Argo Plant",54556,2012,,6247119.31,,,595.829,8286422.996
"PA","St. Nicholas Cogeneration Project",54634,2012,,6342640.45,1938.666,1357317.691,239.596,11248880.955
"PA","Domtar Paper Company, LLC",54638,2012,,961475,,,243.281,1306079.7
"NC","Roanoke Valley Energy Facility II",54755,2012,,3056542.7,153.34,381433.723,306.832,3717694.622
"MS","Red Hills Generation Facility",55076,2012,,21355801.5,3036.717,3991941.625,1917.064,36784678.9
"IL","Tuscola Plant",55245,2012,,3129226.31,,,783.473,3117126.801
"WY","Wygen I",55479,2012,762024.9,,393.957,895125.961,558.79,8534731.621
"MT","Hardin Generating Station",55749,2012,526554.69,,299.978,641774.395,249.203,6120470.041
"IL","Prairie State Generating Station",55856,2012,4809965.43,,2701.964,5076512.482,1521.573,49478690.699
"WI","Elm Road Generating Station",56068,2012,2241865.26,,128.742,2226187.061,553.462,21743092.824
"NV","TS Power Plant",56224,2012,1238207.53,,214.73,1236909.184,256.848,11827233.407
"WY","Wygen II",56319,2012,647517.27,,164.818,745459.233,222.147,7107754.2
"AR","Plum Point Energy Station",56456,2012,4763442.89,,3153.244,4944118.066,1530.829,47155540.871
"AR","John W. Turk Jr. Power Plant",56564,2012,205317.07,,49.308,188785.648,43.889,1800016.089
"WY","Wygen III",56596,2012,947192.99,,325.872,1004747.784,200.553,9580025.357
"WY","Dry Fork Station",56609,2012,3408938.65,,691.514,3555712.918,619.58,33902656.398
"TX","Sandy Creek Energy Station",56611,2012,110438,,4954.75,627972.6,4353.515,8715730.9
"WV","Longview Power",56671,2012,4617513.37,,954.835,3816811.112,1179.329,37279691.696
"VA","Virginia City Hybrid Energy Center",56808,2012,,9821089.83,167.85,1465830.279,404.172,14314851.181
"OH","Procter & Gamble Company - Ivorydale",880028,2012,,724237.25,,,273.186,953077.396
"OH","Emery Oleochemicals, LLC",880033,2012,,,,,,
"OH","Cargill Incorporated - Dayton",880039,2012,,585277,,,87.634,681595.2
"AL","Ascend (Decatur Plant)",880041,2012,,2401890.5,,,873.334,3304087.8
"NY","Holcim US Inc",880043,2012,,,,,,
"NY","Lafarge Building Materials, Inc.",880044,2012,,,,,3584.855,
"NY","Lehigh Northeast Cement Company",880052,2012,,,,,362.165,
"WV","Altivia Services Institute Facility",880053,2012,,1101518.09,,,132.328,883337.278
"SC","Sonoco Products Company",880078,2012,,337330.5,,,131.807,506383
"TN","Tate & Lyle-Loudon",880079,2012,,2823788.39,,,506.598,3467315.364
"IL","Pacific Ethanol Pekin, Inc.",880086,2012,,798829,,,271.07,
"IN","Noble Americas South Bend Ethanol, LLC.",880087,2012,,367097.29,,,80.614,419630.447
