Timestamp,difficulty
1/2/09 23:00,1
1/5/09 23:00,0
1/8/09 23:00,1
1/11/09 23:00,1
1/14/09 23:00,1
1/17/09 23:00,1
1/20/09 23:00,1
1/23/09 23:00,1
1/26/09 23:00,1
1/29/09 23:00,1
2/1/09 23:00,1
2/4/09 23:00,1
2/7/09 23:00,1
2/10/09 23:00,1
2/13/09 23:00,1
2/16/09 23:00,1
2/19/09 23:00,1
2/22/09 23:00,1
2/25/09 23:00,1
2/28/09 23:00,1
3/3/09 23:00,1
3/6/09 23:00,1
3/10/09 0:00,1
3/13/09 0:00,1
3/16/09 0:00,1
3/19/09 0:00,1
3/22/09 0:00,1
3/25/09 0:00,1
3/28/09 0:00,1
3/31/09 0:00,1
4/3/09 0:00,1
4/6/09 0:00,1
4/9/09 0:00,1
4/12/09 0:00,1
4/15/09 0:00,1
4/18/09 0:00,1
4/21/09 0:00,1
4/24/09 0:00,1
4/27/09 0:00,1
4/30/09 0:00,1
5/3/09 0:00,1
5/6/09 0:00,1
5/9/09 0:00,1
5/12/09 0:00,1
5/15/09 0:00,1
5/18/09 0:00,1
5/21/09 0:00,1
5/24/09 0:00,1
5/27/09 0:00,1
5/30/09 0:00,1
6/2/09 0:00,1
6/5/09 0:00,1
6/8/09 0:00,1
6/11/09 0:00,1
6/14/09 0:00,1
6/17/09 0:00,1
6/20/09 0:00,1
6/23/09 0:00,1
6/26/09 0:00,1
6/29/09 0:00,1
7/2/09 0:00,1
7/5/09 0:00,1
7/8/09 0:00,1
7/11/09 0:00,1
7/14/09 0:00,1
7/17/09 0:00,1
7/20/09 0:00,1
7/23/09 0:00,1
7/26/09 0:00,1
7/29/09 0:00,1
8/1/09 0:00,1
8/4/09 0:00,1
8/7/09 0:00,1
8/10/09 0:00,1
8/13/09 0:00,1
8/16/09 0:00,1
8/19/09 0:00,1
8/22/09 0:00,1
8/25/09 0:00,1
8/28/09 0:00,1
8/31/09 0:00,1
9/3/09 0:00,1
9/6/09 0:00,1
9/9/09 0:00,1
9/12/09 0:00,1
9/15/09 0:00,1
9/18/09 0:00,1
9/21/09 0:00,1
9/24/09 0:00,1
9/27/09 0:00,1
9/30/09 0:00,1
10/3/09 0:00,1
10/6/09 0:00,1
10/9/09 0:00,1
10/12/09 0:00,1
10/15/09 0:00,1
10/18/09 0:00,1
10/21/09 0:00,1
10/24/09 0:00,1
10/27/09 0:00,1
10/30/09 0:00,1
11/1/09 23:00,1
11/4/09 23:00,1
11/7/09 23:00,1
11/10/09 23:00,1
11/13/09 23:00,1
11/16/09 23:00,1
11/19/09 23:00,1
11/22/09 23:00,1
11/25/09 23:00,1
11/28/09 23:00,1
12/1/09 23:00,1
12/4/09 23:00,1
12/7/09 23:00,1
12/10/09 23:00,1
12/13/09 23:00,1
12/16/09 23:00,1
12/19/09 23:00,1
12/22/09 23:00,1
12/25/09 23:00,1
12/28/09 23:00,1
12/31/09 23:00,1.182899534
1/3/10 23:00,1.182899534
1/6/10 23:00,1.182899534
1/9/10 23:00,1.182899534
1/12/10 23:00,1.305062132
1/15/10 23:00,1.305062132
1/18/10 23:00,1.305062132
1/21/10 23:00,1.305062132
1/24/10 23:00,1.344224971
1/27/10 23:00,1.344224971
1/30/10 23:00,1.344224971
2/2/10 23:00,1.344224971
2/5/10 23:00,1.818648536
2/8/10 23:00,1.818648536
2/11/10 23:00,1.818648536
2/14/10 23:00,2.527738215
2/17/10 23:00,2.527738215
2/20/10 23:00,2.527738215
2/23/10 23:00,3.781179252
2/26/10 23:00,3.781179252
3/1/10 23:00,3.781179252
3/4/10 23:00,3.781179252
3/7/10 23:00,4.53108175
3/10/10 23:00,4.53108175
3/13/10 23:00,4.53108175
3/17/10 0:00,4.53108175
3/20/10 0:00,4.53108175
3/23/10 0:00,4.56516291
3/26/10 0:00,4.56516291
3/29/10 0:00,4.56516291
4/1/10 0:00,6.085476906
4/4/10 0:00,6.085476906
4/7/10 0:00,6.085476906
4/10/10 0:00,6.085476906
4/13/10 0:00,7.819796993
4/16/10 0:00,7.819796993
4/19/10 0:00,7.819796993
4/22/10 0:00,11.46431581
4/25/10 0:00,11.46431581
4/28/10 0:00,11.46431581
5/1/10 0:00,11.46431581
5/4/10 0:00,12.84918315
5/7/10 0:00,12.84918315
5/10/10 0:00,12.84918315
5/13/10 0:00,12.84918315
5/16/10 0:00,12.84918315
5/19/10 0:00,12.84918315
5/22/10 0:00,11.84622815
5/25/10 0:00,11.84622815
5/28/10 0:00,11.84622815
5/31/10 0:00,16.61907875
6/3/10 0:00,16.61907875
6/6/10 0:00,16.61907875
6/9/10 0:00,16.61907875
6/12/10 0:00,17.38148816
6/15/10 0:00,17.38148816
6/18/10 0:00,17.38148816
6/21/10 0:00,17.38148816
6/24/10 0:00,19.40479633
6/27/10 0:00,19.40479633
6/30/10 0:00,19.40479633
7/3/10 0:00,19.40479633
7/6/10 0:00,23.50125722
7/9/10 0:00,23.50125722
7/12/10 0:00,23.50125722
7/15/10 0:00,45.38582234
7/18/10 0:00,181.5432894
7/21/10 0:00,181.5432894
7/24/10 0:00,181.5432894
7/27/10 0:00,244.2132231
7/30/10 0:00,244.2132231
8/2/10 0:00,244.2132231
8/5/10 0:00,244.2132231
8/8/10 0:00,352.1612091
8/11/10 0:00,352.1612091
8/14/10 0:00,352.1612091
8/17/10 0:00,511.7735343
8/20/10 0:00,511.7735343
8/23/10 0:00,511.7735343
8/26/10 0:00,511.7735343
8/29/10 0:00,623.3869599
9/1/10 0:00,623.3869599
9/4/10 0:00,623.3869599
9/7/10 0:00,623.3869599
9/10/10 0:00,712.8848646
9/13/10 0:00,712.8848646
9/16/10 0:00,712.8848646
9/19/10 0:00,917.8307413
9/22/10 0:00,917.8307413
9/25/10 0:00,917.8307413
9/28/10 0:00,917.8307413
10/1/10 0:00,1318.67005
10/4/10 0:00,1318.67005
10/7/10 0:00,1318.67005
10/10/10 0:00,1318.67005
10/13/10 0:00,1378.028165
10/16/10 0:00,1378.028165
10/19/10 0:00,1378.028165
10/22/10 0:00,2149.021815
10/25/10 0:00,2149.021815
10/28/10 0:00,2149.021815
10/31/10 0:00,3091.73689
11/3/10 0:00,3091.73689
11/6/10 0:00,3091.73689
11/8/10 23:00,4536.353723
11/11/10 23:00,4536.353723
11/14/10 23:00,4536.353723
11/17/10 23:00,4536.353723
11/20/10 23:00,6866.898649
11/23/10 23:00,6866.898649
11/26/10 23:00,6866.898649
11/29/10 23:00,8078.195258
12/2/10 23:00,8078.195258
12/5/10 23:00,8078.195258
12/8/10 23:00,8078.195258
12/11/10 23:00,12251.99976
12/14/10 23:00,12251.99976
12/17/10 23:00,12251.99976
12/20/10 23:00,12251.99976
12/23/10 23:00,14484.16236
12/26/10 23:00,14484.16236
12/29/10 23:00,14484.16236
1/1/11 23:00,14484.16236
1/4/11 23:00,16307.42094
1/7/11 23:00,16307.42094
1/10/11 23:00,16307.42094
1/13/11 23:00,16307.42094
1/16/11 23:00,18437.64439
1/19/11 23:00,18437.64439
1/22/11 23:00,18437.64439
1/25/11 23:00,18437.64439
1/28/11 23:00,22012.38134
1/31/11 23:00,22012.38134
2/3/11 23:00,22012.38134
2/6/11 23:00,22012.38134
2/9/11 23:00,25997.87993
2/12/11 23:00,25997.87993
2/15/11 23:00,25997.87993
2/18/11 23:00,36459.88693
2/21/11 23:00,36459.88693
2/24/11 23:00,36459.88693
2/27/11 23:00,55589.51813
3/2/11 23:00,55589.51813
3/5/11 23:00,55589.51813
3/8/11 23:00,76192.61935
3/11/11 23:00,76192.61935
3/15/11 0:00,76192.61935
3/18/11 0:00,76192.61935
3/21/11 0:00,76192.61935
3/24/11 0:00,76192.61935
3/27/11 0:00,68977.78463
3/30/11 0:00,68977.78463
4/2/11 0:00,68977.78463
4/5/11 0:00,68977.78463
4/8/11 0:00,82345.64411
4/11/11 0:00,82345.64411
4/14/11 0:00,82345.64411
4/17/11 0:00,82345.64411
4/20/11 0:00,92347.59095
4/23/11 0:00,92347.59095
4/26/11 0:00,92347.59095
4/29/11 0:00,92347.59095
5/2/11 0:00,109670.1333
5/5/11 0:00,109670.1333
5/8/11 0:00,109670.1333
5/11/11 0:00,157416.4018
5/14/11 0:00,157416.4018
5/17/11 0:00,157416.4018
5/20/11 0:00,244112.4878
5/23/11 0:00,244112.4878
5/26/11 0:00,244112.4878
5/29/11 0:00,434877.0455
6/1/11 0:00,434877.0455
6/4/11 0:00,434877.0455
6/7/11 0:00,567269.5302
6/10/11 0:00,567269.5302
6/13/11 0:00,567269.5302
6/16/11 0:00,876954.4935
6/19/11 0:00,876954.4935
6/22/11 0:00,876954.4935
6/25/11 0:00,1379192.288
6/28/11 0:00,1379192.288
7/1/11 0:00,1379192.288
7/4/11 0:00,1379192.288
7/7/11 0:00,1563027.996
7/10/11 0:00,1563027.996
7/13/11 0:00,1563027.996
7/16/11 0:00,1563027.996
7/19/11 0:00,1563027.996
7/22/11 0:00,1690895.803
7/25/11 0:00,1690895.803
7/28/11 0:00,1690895.803
7/31/11 0:00,1690895.803
8/3/11 0:00,1888786.705
8/6/11 0:00,1888786.705
8/9/11 0:00,1888786.705
8/12/11 0:00,1888786.705
8/15/11 0:00,1888786.705
8/18/11 0:00,1805700.836
8/21/11 0:00,1805700.836
8/24/11 0:00,1805700.836
8/27/11 0:00,1805700.836
8/30/11 0:00,1805700.836
9/2/11 0:00,1777774.482
9/5/11 0:00,1777774.482
9/8/11 0:00,1777774.482
9/11/11 0:00,1777774.482
9/14/11 0:00,1755425.32
9/17/11 0:00,1755425.32
9/20/11 0:00,1755425.32
9/23/11 0:00,1755425.32
9/26/11 0:00,1755425.32
9/29/11 0:00,1689334.405
10/2/11 0:00,1689334.405
10/5/11 0:00,1689334.405
10/8/11 0:00,1689334.405
10/11/11 0:00,1689334.405
10/14/11 0:00,1689334.405
10/17/11 0:00,1468195.427
10/20/11 0:00,1468195.427
10/23/11 0:00,1468195.427
10/26/11 0:00,1468195.427
10/29/11 0:00,1468195.427
11/1/11 0:00,1203461.926
11/4/11 0:00,1203461.926
11/6/11 23:00,1203461.926
11/9/11 23:00,1203461.926
11/12/11 23:00,1203461.926
11/15/11 23:00,1192497.75
11/18/11 23:00,1192497.75
11/21/11 23:00,1192497.75
11/24/11 23:00,1192497.75
11/27/11 23:00,1192497.75
11/30/11 23:00,1090715.68
12/3/11 23:00,1090715.68
12/6/11 23:00,1090715.68
12/9/11 23:00,1090715.68
12/12/11 23:00,1155038.334
12/15/11 23:00,1155038.334
12/18/11 23:00,1155038.334
12/21/11 23:00,1155038.334
12/24/11 23:00,1155038.334
12/27/11 23:00,1159929.497
12/30/11 23:00,1159929.497
1/2/12 23:00,1159929.497
1/5/12 23:00,1159929.497
1/8/12 23:00,1250757.739
1/11/12 23:00,1250757.739
1/14/12 23:00,1250757.739
1/17/12 23:00,1250757.739
1/20/12 23:00,1250757.739
1/23/12 23:00,1307728.361
1/26/12 23:00,1307728.361
1/29/12 23:00,1307728.361
2/1/12 23:00,1307728.361
2/4/12 23:00,1379647.439
2/7/12 23:00,1379647.439
2/10/12 23:00,1379647.439
2/13/12 23:00,1379647.439
2/16/12 23:00,1379647.439
2/19/12 23:00,1376302.268
2/22/12 23:00,1376302.268
2/25/12 23:00,1376302.268
2/28/12 23:00,1376302.268
3/2/12 23:00,1496978.595
3/5/12 23:00,1496978.595
3/8/12 23:00,1496978.595
3/12/12 0:00,1496978.595
3/15/12 0:00,1496978.595
3/18/12 0:00,1498294.363
3/21/12 0:00,1498294.363
3/24/12 0:00,1498294.363
3/27/12 0:00,1498294.363
3/30/12 0:00,1626553.481
4/2/12 0:00,1626553.481
4/5/12 0:00,1626553.481
4/8/12 0:00,1626553.481
4/11/12 0:00,1626553.481
4/14/12 0:00,1577913.486
4/17/12 0:00,1577913.486
4/20/12 0:00,1577913.486
4/23/12 0:00,1577913.486
4/26/12 0:00,1577913.486
4/29/12 0:00,1508589.672
5/2/12 0:00,1508589.672
5/5/12 0:00,1508589.672
5/8/12 0:00,1508589.672
5/11/12 0:00,1733207.514
5/14/12 0:00,1733207.514
5/17/12 0:00,1733207.514
5/20/12 0:00,1733207.514
5/23/12 0:00,1733207.514
5/26/12 0:00,1591074.962
5/29/12 0:00,1591074.962
6/1/12 0:00,1591074.962
6/4/12 0:00,1591074.962
6/7/12 0:00,1591074.962
6/10/12 0:00,1583177.847
6/13/12 0:00,1583177.847
6/16/12 0:00,1583177.847
6/19/12 0:00,1583177.847
6/22/12 0:00,1726566.559
6/25/12 0:00,1726566.559
6/28/12 0:00,1726566.559
7/1/12 0:00,1726566.559
7/4/12 0:00,1751454.535
7/7/12 0:00,1751454.535
7/10/12 0:00,1751454.535
7/13/12 0:00,1751454.535
7/16/12 0:00,1751454.535
7/19/12 0:00,1866391.305
7/22/12 0:00,1866391.305
7/25/12 0:00,1866391.305
7/28/12 0:00,1866391.305
7/31/12 0:00,2036671.089
8/3/12 0:00,2036671.089
8/6/12 0:00,2036671.089
8/9/12 0:00,2036671.089
8/12/12 0:00,2190865.97
8/15/12 0:00,2190865.97
8/18/12 0:00,2190865.97
8/21/12 0:00,2190865.97
8/24/12 0:00,2190865.97
8/27/12 0:00,2440642.607
8/30/12 0:00,2440642.607
9/2/12 0:00,2440642.607
9/5/12 0:00,2440642.607
9/8/12 0:00,2694047.953
9/11/12 0:00,2694047.953
9/14/12 0:00,2694047.953
9/17/12 0:00,2694047.953
9/20/12 0:00,2864140.508
9/23/12 0:00,2864140.508
9/26/12 0:00,2864140.508
9/29/12 0:00,2864140.508
10/2/12 0:00,2864140.508
10/5/12 0:00,3054627.527
10/8/12 0:00,3054627.527
10/11/12 0:00,3054627.527
10/14/12 0:00,3054627.527
10/17/12 0:00,3072321.732
10/20/12 0:00,3072321.732
10/23/12 0:00,3072321.732
10/26/12 0:00,3072321.732
10/29/12 0:00,3072321.732
11/1/12 0:00,3304356.393
11/4/12 0:00,3304356.393
11/6/12 23:00,3304356.393
11/9/12 23:00,3304356.393
11/12/12 23:00,3368767.141
11/15/12 23:00,3368767.141
11/18/12 23:00,3368767.141
11/21/12 23:00,3368767.141
11/24/12 23:00,3368767.141
11/27/12 23:00,3438908.96
11/30/12 23:00,3438908.96
12/3/12 23:00,3438908.96
12/6/12 23:00,3438908.96
12/9/12 23:00,3438908.96
12/12/12 23:00,3370181.799
12/15/12 23:00,3370181.799
12/18/12 23:00,3370181.799
12/21/12 23:00,3370181.799
12/24/12 23:00,3370181.799
12/27/12 23:00,2979636.617
12/30/12 23:00,2979636.617
1/2/13 23:00,2979636.617
1/5/13 23:00,2979636.617
1/8/13 23:00,3249549.584
1/11/13 23:00,3249549.584
1/14/13 23:00,3249549.584
1/17/13 23:00,3249549.584
1/20/13 23:00,3249549.584
1/23/13 23:00,3249549.584
1/26/13 23:00,2968775.332
1/29/13 23:00,2968775.332
2/1/13 23:00,2968775.332
2/4/13 23:00,3275464.587
2/7/13 23:00,3275464.587
2/10/13 23:00,3275464.587
2/13/13 23:00,3275464.587
2/16/13 23:00,3275464.587
2/19/13 23:00,3651011.631
2/22/13 23:00,3651011.631
2/25/13 23:00,3651011.631
2/28/13 23:00,4367876.001
3/3/13 23:00,4367876.001
3/6/13 23:00,4367876.001
3/9/13 23:00,4367876.001
3/13/13 0:00,4367876.001
3/16/13 0:00,4847647.152
3/19/13 0:00,4847647.152
3/22/13 0:00,4847647.152
3/25/13 0:00,6695826.283
3/28/13 0:00,6695826.283
3/31/13 0:00,6695826.283
4/3/13 0:00,6695826.283
4/6/13 0:00,7672999.92
4/9/13 0:00,7672999.92
4/12/13 0:00,7672999.92
4/15/13 0:00,7672999.92
4/18/13 0:00,8974296.015
4/21/13 0:00,8974296.015
4/24/13 0:00,8974296.015
4/27/13 0:00,8974296.015
4/30/13 0:00,10076292.88
5/3/13 0:00,10076292.88
5/6/13 0:00,10076292.88
5/9/13 0:00,10076292.88
5/12/13 0:00,10076292.88
5/15/13 0:00,11187257.46
5/18/13 0:00,11187257.46
5/21/13 0:00,11187257.46
5/24/13 0:00,11187257.46
5/27/13 0:00,12153411.71
5/30/13 0:00,12153411.71
6/2/13 0:00,12153411.71
6/5/13 0:00,15605632.68
6/8/13 0:00,15605632.68
6/11/13 0:00,15605632.68
6/14/13 0:00,15605632.68
6/17/13 0:00,19339258.27
6/20/13 0:00,19339258.27
6/23/13 0:00,19339258.27
6/26/13 0:00,19339258.27
6/29/13 0:00,21335329.11
7/2/13 0:00,21335329.11
7/5/13 0:00,21335329.11
7/8/13 0:00,21335329.11
7/11/13 0:00,26162875.68
7/14/13 0:00,26162875.68
7/17/13 0:00,26162875.68
7/20/13 0:00,26162875.68
7/23/13 0:00,31256960.73
7/26/13 0:00,31256960.73
7/29/13 0:00,31256960.73
8/1/13 0:00,31256960.73
8/4/13 0:00,37392766.14
8/7/13 0:00,37392766.14
8/10/13 0:00,37392766.14
8/13/13 0:00,50810339.05
8/16/13 0:00,50810339.05
8/19/13 0:00,50810339.05
8/22/13 0:00,50810339.05
8/25/13 0:00,65750060.15
8/28/13 0:00,65750060.15
8/31/13 0:00,65750060.15
9/3/13 0:00,65750060.15
9/6/13 0:00,86933017.77
9/9/13 0:00,86933017.77
9/12/13 0:00,86933017.77
9/15/13 0:00,112628548.7
9/18/13 0:00,112628548.7
9/21/13 0:00,112628548.7
9/24/13 0:00,112628548.7
9/27/13 0:00,148819199.8
9/30/13 0:00,148819199.8
10/3/13 0:00,148819199.8
10/6/13 0:00,189281249.3
10/9/13 0:00,189281249.3
10/12/13 0:00,189281249.3
10/15/13 0:00,189281249.3
10/18/13 0:00,267731249.5
10/21/13 0:00,267731249.5
10/24/13 0:00,267731249.5
10/27/13 0:00,390928787.6
10/30/13 0:00,390928787.6
11/2/13 0:00,390928787.6
11/4/13 23:00,390928787.6
11/7/13 23:00,510929738
11/10/13 23:00,510929738
11/13/13 23:00,510929738
11/16/13 23:00,609482679.9
11/19/13 23:00,609482679.9
11/22/13 23:00,609482679.9
11/25/13 23:00,609482679.9
11/28/13 23:00,707408283.1
12/1/13 23:00,707408283.1
12/4/13 23:00,707408283.1
12/7/13 23:00,707408283.1
12/10/13 23:00,908350862.4
12/13/13 23:00,908350862.4
12/16/13 23:00,908350862.4
12/19/13 23:00,908350862.4
12/22/13 23:00,1180923195
12/25/13 23:00,1180923195
12/28/13 23:00,1180923195
12/31/13 23:00,1180923195
1/3/14 23:00,1418481395
1/6/14 23:00,1418481395
1/9/14 23:00,1418481395
1/12/14 23:00,1789546951
1/15/14 23:00,1789546951
1/18/14 23:00,1789546951
1/21/14 23:00,1789546951
1/24/14 23:00,2193847870
1/27/14 23:00,2193847870
1/30/14 23:00,2193847870
2/2/14 23:00,2193847870
2/5/14 23:00,2621404453
2/8/14 23:00,2621404453
2/11/14 23:00,2621404453
2/14/14 23:00,2621404453
2/17/14 23:00,3129573175
2/20/14 23:00,3129573175
2/23/14 23:00,3129573175
2/26/14 23:00,3129573175
3/1/14 23:00,3815723799
3/4/14 23:00,3815723799
3/7/14 23:00,3815723799
3/11/14 0:00,3815723799
3/14/14 0:00,4250217920
3/17/14 0:00,4250217920
3/20/14 0:00,4250217920
3/23/14 0:00,4250217920
3/26/14 0:00,5006860589
3/29/14 0:00,5006860589
4/1/14 0:00,5006860589
4/4/14 0:00,5006860589
4/7/14 0:00,6119726089
4/10/14 0:00,6119726089
4/13/14 0:00,6119726089
4/16/14 0:00,6119726089
4/19/14 0:00,6978842650
4/22/14 0:00,6978842650
4/25/14 0:00,6978842650
4/28/14 0:00,6978842650
5/1/14 0:00,8000872136
5/4/14 0:00,8000872136
5/7/14 0:00,8000872136
5/10/14 0:00,8000872136
5/13/14 0:00,8853416309
5/16/14 0:00,8853416309
5/19/14 0:00,8853416309
5/22/14 0:00,8853416309
5/25/14 0:00,10455720138
5/28/14 0:00,10455720138
5/31/14 0:00,10455720138
6/3/14 0:00,10455720138
6/6/14 0:00,11756551917
6/9/14 0:00,11756551917
6/12/14 0:00,11756551917
6/15/14 0:00,11756551917
6/18/14 0:00,13462580115
6/21/14 0:00,13462580115
6/24/14 0:00,13462580115
6/27/14 0:00,13462580115
6/30/14 0:00,16818461371
7/3/14 0:00,16818461371
7/6/14 0:00,16818461371
7/9/14 0:00,16818461371
7/12/14 0:00,16818461371
7/15/14 0:00,17336316979
7/18/14 0:00,17336316979
7/21/14 0:00,17336316979
7/24/14 0:00,17336316979
7/27/14 0:00,18736441558
7/30/14 0:00,18736441558
8/2/14 0:00,18736441558
8/5/14 0:00,18736441558
8/8/14 0:00,19729645941
8/11/14 0:00,19729645941
8/14/14 0:00,19729645941
8/17/14 0:00,19729645941
8/20/14 0:00,23844670039
8/23/14 0:00,23844670039
8/26/14 0:00,23844670039
8/29/14 0:00,23844670039
9/1/14 0:00,27428630902
9/4/14 0:00,27428630902
9/7/14 0:00,27428630902
9/10/14 0:00,27428630902
9/13/14 0:00,27428630902
9/16/14 0:00,29829733124
9/19/14 0:00,29829733124
9/22/14 0:00,29829733124
9/25/14 0:00,29829733124
9/28/14 0:00,34661425924
10/1/14 0:00,34661425924
10/4/14 0:00,34661425924
10/7/14 0:00,34661425924
10/10/14 0:00,35002482026
10/13/14 0:00,35002482026
10/16/14 0:00,35002482026
10/19/14 0:00,35002482026
10/22/14 0:00,35002482026
10/25/14 0:00,35985640265
10/28/14 0:00,35985640265
10/31/14 0:00,35985640265
11/2/14 23:00,35985640265
11/5/14 23:00,39603666252
11/8/14 23:00,39603666252
11/11/14 23:00,39603666252
11/14/14 23:00,39603666252
11/17/14 23:00,39603666252
11/20/14 23:00,40300030328
11/23/14 23:00,40300030328
11/26/14 23:00,40300030328
11/29/14 23:00,40300030328
12/2/14 23:00,40300030328
12/5/14 23:00,40007470271
12/8/14 23:00,40007470271
12/11/14 23:00,40007470271
12/14/14 23:00,40007470271
12/17/14 23:00,39457671307
12/20/14 23:00,39457671307
12/23/14 23:00,39457671307
12/26/14 23:00,39457671307
12/29/14 23:00,39457671307
1/1/15 23:00,40640955017
1/4/15 23:00,40640955017
1/7/15 23:00,40640955017
1/10/15 23:00,40640955017
1/13/15 23:00,43971662056
1/16/15 23:00,43971662056
1/19/15 23:00,43971662056
1/22/15 23:00,43971662056
1/25/15 23:00,43971662056
1/28/15 23:00,41272873895
1/31/15 23:00,41272873895
2/3/15 23:00,41272873895
2/6/15 23:00,41272873895
2/9/15 23:00,44455415962
2/12/15 23:00,44455415962
2/15/15 23:00,44455415962
2/18/15 23:00,44455415962
2/21/15 23:00,44455415962
2/24/15 23:00,46684376317
2/27/15 23:00,46684376317
3/2/15 23:00,46684376317
3/5/15 23:00,46684376317
3/9/15 0:00,47427554951
3/12/15 0:00,47427554951
3/15/15 0:00,47427554951
3/18/15 0:00,47427554951
3/21/15 0:00,47427554951
3/24/15 0:00,46717549645
3/27/15 0:00,46717549645
3/30/15 0:00,46717549645
4/2/15 0:00,46717549645
4/5/15 0:00,49446390688
4/8/15 0:00,49446390688
4/11/15 0:00,49446390688
4/14/15 0:00,49446390688
4/17/15 0:00,49446390688
4/20/15 0:00,49446390688
4/23/15 0:00,47610564513
4/26/15 0:00,47610564513
4/29/15 0:00,47610564513
5/2/15 0:00,47610564513
5/5/15 0:00,47643398018
5/8/15 0:00,47643398018
5/11/15 0:00,47643398018
5/14/15 0:00,47643398018
5/17/15 0:00,48807487245
5/20/15 0:00,48807487245
5/23/15 0:00,48807487245
5/26/15 0:00,48807487245
5/29/15 0:00,48807487245
6/1/15 0:00,48807487245
6/4/15 0:00,47589591154
6/7/15 0:00,47589591154
6/10/15 0:00,47589591154
6/13/15 0:00,47589591154
6/16/15 0:00,49692386355
6/19/15 0:00,49692386355
6/22/15 0:00,49692386355
6/25/15 0:00,49692386355
6/28/15 0:00,49692386355
7/1/15 0:00,49402014931
7/4/15 0:00,49402014931
7/7/15 0:00,49402014931
7/10/15 0:00,49402014931
7/13/15 0:00,51076366303
7/16/15 0:00,51076366303
7/19/15 0:00,51076366303
7/22/15 0:00,51076366303
7/25/15 0:00,52278304846
7/28/15 0:00,52278304846
7/31/15 0:00,52278304846
8/3/15 0:00,52278304846
8/6/15 0:00,52278304846
8/9/15 0:00,52699842409
8/12/15 0:00,52699842409
8/15/15 0:00,52699842409
8/18/15 0:00,52699842409
8/21/15 0:00,52699842409
8/24/15 0:00,54256630328
8/27/15 0:00,54256630328
8/30/15 0:00,54256630328
9/2/15 0:00,54256630328
9/5/15 0:00,56957648455
9/8/15 0:00,56957648455
9/11/15 0:00,56957648455
9/14/15 0:00,56957648455
9/17/15 0:00,56957648455
9/20/15 0:00,59335351234
9/23/15 0:00,59335351234
9/26/15 0:00,59335351234
9/29/15 0:00,59335351234
10/2/15 0:00,60813224039
10/5/15 0:00,60813224039
10/8/15 0:00,60813224039
10/11/15 0:00,60813224039
10/14/15 0:00,60813224039
10/17/15 0:00,60883825480
10/20/15 0:00,60883825480
10/23/15 0:00,60883825480
10/26/15 0:00,60883825480
10/29/15 0:00,62253982450
11/1/15 0:00,62253982450
11/3/15 23:00,62253982450
11/6/15 23:00,62253982450
11/9/15 23:00,62253982450
11/12/15 23:00,65848255180
11/15/15 23:00,65848255180
11/18/15 23:00,65848255180
11/21/15 23:00,65848255180
11/24/15 23:00,72722780643
11/27/15 23:00,72722780643
11/30/15 23:00,72722780643
12/3/15 23:00,72722780643
12/6/15 23:00,79102380900
12/9/15 23:00,79102380900
12/12/15 23:00,79102380900
12/15/15 23:00,79102380900
12/18/15 23:00,93448670796
12/21/15 23:00,93448670796
12/24/15 23:00,93448670796
12/27/15 23:00,93448670796
12/30/15 23:00,1.0388E+11
1/2/16 23:00,1.0388E+11
1/5/16 23:00,1.0388E+11
1/8/16 23:00,1.0388E+11
1/11/16 23:00,1.0388E+11
1/14/16 23:00,1.13354E+11
1/17/16 23:00,1.13354E+11
1/20/16 23:00,1.13354E+11
1/23/16 23:00,1.13354E+11
1/26/16 23:00,1.20033E+11
1/29/16 23:00,1.20033E+11
2/1/16 23:00,1.20033E+11
2/4/16 23:00,1.20033E+11
2/7/16 23:00,1.44116E+11
2/10/16 23:00,1.44116E+11
2/13/16 23:00,1.44116E+11
2/16/16 23:00,1.44116E+11
2/19/16 23:00,1.63492E+11
2/22/16 23:00,1.63492E+11
2/25/16 23:00,1.63492E+11
2/28/16 23:00,1.63492E+11
3/2/16 23:00,1.63492E+11
3/5/16 23:00,1.58427E+11
3/8/16 23:00,1.58427E+11
3/11/16 23:00,1.58427E+11
3/15/16 0:00,1.58427E+11
3/18/16 0:00,1.65497E+11
3/21/16 0:00,1.65497E+11
3/24/16 0:00,1.65497E+11
3/27/16 0:00,1.65497E+11
3/30/16 0:00,1.65497E+11
4/2/16 0:00,1.66852E+11
4/5/16 0:00,1.66852E+11
4/8/16 0:00,1.66852E+11
4/11/16 0:00,1.66852E+11
4/14/16 0:00,1.78678E+11
4/17/16 0:00,1.78678E+11
4/20/16 0:00,1.78678E+11
4/23/16 0:00,1.78678E+11
4/26/16 0:00,1.78678E+11
4/29/16 0:00,1.78659E+11
5/2/16 0:00,1.78659E+11
5/5/16 0:00,1.78659E+11
5/8/16 0:00,1.78659E+11
5/11/16 0:00,1.90503E+11
5/14/16 0:00,1.94255E+11
5/17/16 0:00,1.94255E+11
5/20/16 0:00,1.94255E+11
5/23/16 0:00,1.94255E+11
5/26/16 0:00,1.99312E+11
5/29/16 0:00,1.99312E+11
6/1/16 0:00,1.99312E+11
6/4/16 0:00,1.99312E+11
6/7/16 0:00,1.99312E+11
6/10/16 0:00,1.96061E+11
6/13/16 0:00,1.96061E+11
6/16/16 0:00,1.96061E+11
6/19/16 0:00,1.96061E+11
6/22/16 0:00,2.09453E+11
6/25/16 0:00,2.09453E+11
6/28/16 0:00,2.09453E+11
7/1/16 0:00,2.09453E+11
7/4/16 0:00,2.09558E+11
7/7/16 0:00,2.13399E+11
7/10/16 0:00,2.13399E+11
7/13/16 0:00,2.13399E+11
7/16/16 0:00,2.13399E+11
7/19/16 0:00,2.13493E+11
7/22/16 0:00,2.13493E+11
7/25/16 0:00,2.13493E+11
7/28/16 0:00,2.13493E+11
7/31/16 0:00,2.13493E+11
8/3/16 0:00,2.01893E+11
8/6/16 0:00,2.01893E+11
8/9/16 0:00,2.01893E+11
8/12/16 0:00,2.01893E+11
8/15/16 0:00,2.03484E+11
8/18/16 0:00,2.17375E+11
8/21/16 0:00,2.17375E+11
8/24/16 0:00,2.17375E+11
8/27/16 0:00,2.17375E+11
8/30/16 0:00,2.20756E+11
9/2/16 0:00,2.20756E+11
9/5/16 0:00,2.20756E+11
9/8/16 0:00,2.20756E+11
9/11/16 0:00,2.20756E+11
9/14/16 0:00,2.25833E+11
9/17/16 0:00,2.25833E+11
9/20/16 0:00,2.25833E+11
9/23/16 0:00,2.25833E+11
9/26/16 0:00,2.41227E+11
9/29/16 0:00,2.41227E+11
10/2/16 0:00,2.41227E+11
10/5/16 0:00,2.41227E+11
10/8/16 0:00,2.5054E+11
10/11/16 0:00,2.58523E+11
10/14/16 0:00,2.58523E+11
10/17/16 0:00,2.58523E+11
10/20/16 0:00,2.58523E+11
10/23/16 0:00,2.53618E+11
10/26/16 0:00,2.53618E+11
10/29/16 0:00,2.53618E+11
11/1/16 0:00,2.53618E+11
11/4/16 0:00,2.53618E+11
11/6/16 23:00,2.5462E+11
11/9/16 23:00,2.5462E+11
11/12/16 23:00,2.5462E+11
11/15/16 23:00,2.5462E+11
11/18/16 23:00,2.81801E+11
11/21/16 23:00,2.81801E+11
11/24/16 23:00,2.81801E+11
11/27/16 23:00,2.81801E+11
11/30/16 23:00,2.81801E+11
12/3/16 23:00,2.86766E+11
12/6/16 23:00,2.86766E+11
12/9/16 23:00,2.86766E+11
12/12/16 23:00,2.86766E+11
12/15/16 23:00,3.10154E+11
12/18/16 23:00,3.10154E+11
12/21/16 23:00,3.10154E+11
12/24/16 23:00,3.10154E+11
12/27/16 23:00,3.12083E+11
12/30/16 23:00,3.17688E+11
1/2/17 23:00,3.17688E+11
1/5/17 23:00,3.17688E+11
1/8/17 23:00,3.17688E+11
1/11/17 23:00,3.369E+11
1/14/17 23:00,3.369E+11
1/17/17 23:00,3.369E+11
1/20/17 23:00,3.369E+11
1/23/17 23:00,3.92963E+11
1/26/17 23:00,3.92963E+11
1/29/17 23:00,3.92963E+11
2/1/17 23:00,3.92963E+11
2/4/17 23:00,4.22171E+11
2/7/17 23:00,4.22171E+11
2/10/17 23:00,4.22171E+11
2/13/17 23:00,4.22171E+11
2/16/17 23:00,4.22171E+11
2/19/17 23:00,4.4078E+11
2/22/17 23:00,4.4078E+11
2/25/17 23:00,4.4078E+11
2/28/17 23:00,4.4078E+11
3/3/17 23:00,4.60769E+11
3/6/17 23:00,4.60769E+11
3/9/17 23:00,4.60769E+11
3/13/17 0:00,4.60769E+11
3/16/17 0:00,4.60769E+11
3/19/17 0:00,4.75705E+11
3/22/17 0:00,4.75705E+11
3/25/17 0:00,4.75705E+11
3/28/17 0:00,4.75705E+11
3/31/17 0:00,4.99636E+11
4/3/17 0:00,4.99636E+11
4/6/17 0:00,4.99636E+11
4/9/17 0:00,4.99636E+11
4/12/17 0:00,4.99636E+11
4/15/17 0:00,5.20809E+11
4/18/17 0:00,5.20809E+11
4/21/17 0:00,5.20809E+11
4/24/17 0:00,5.20809E+11
4/27/17 0:00,5.2184E+11
4/30/17 0:00,5.21975E+11
5/3/17 0:00,5.21975E+11
5/6/17 0:00,5.21975E+11
5/9/17 0:00,5.21975E+11
5/12/17 0:00,5.59971E+11
5/15/17 0:00,5.59971E+11
5/18/17 0:00,5.59971E+11
5/21/17 0:00,5.59971E+11
5/24/17 0:00,5.95922E+11
5/27/17 0:00,5.95922E+11
5/30/17 0:00,5.95922E+11
6/2/17 0:00,5.95922E+11
6/5/17 0:00,6.7876E+11
6/8/17 0:00,6.7876E+11
6/11/17 0:00,6.7876E+11
6/14/17 0:00,6.7876E+11
6/17/17 0:00,6.79669E+11
6/20/17 0:00,7.11697E+11
6/23/17 0:00,7.11697E+11
6/26/17 0:00,7.11697E+11
6/29/17 0:00,7.11697E+11
7/2/17 0:00,7.08708E+11
7/5/17 0:00,7.08659E+11
7/8/17 0:00,7.08659E+11
7/11/17 0:00,7.08659E+11
7/14/17 0:00,7.61765E+11
7/17/17 0:00,8.04525E+11
7/20/17 0:00,8.04525E+11
7/23/17 0:00,8.04525E+11
7/26/17 0:00,8.04525E+11
7/29/17 0:00,8.60222E+11
8/1/17 0:00,8.60222E+11
8/4/17 0:00,8.60222E+11
8/7/17 0:00,8.60222E+11
8/10/17 0:00,9.23233E+11
8/13/17 0:00,9.23233E+11
8/16/17 0:00,9.23233E+11
8/19/17 0:00,9.23233E+11
8/22/17 0:00,9.23233E+11
8/25/17 0:00,8.88172E+11
8/28/17 0:00,8.88172E+11
8/31/17 0:00,8.88172E+11
9/3/17 0:00,8.88172E+11
9/6/17 0:00,9.03315E+11
9/9/17 0:00,9.22725E+11
9/12/17 0:00,9.22725E+11
9/15/17 0:00,9.22725E+11
9/18/17 0:00,1.05219E+12
9/21/17 0:00,1.1034E+12
9/24/17 0:00,1.1034E+12
9/27/17 0:00,1.1034E+12
9/30/17 0:00,1.1034E+12
10/3/17 0:00,1.12386E+12
10/6/17 0:00,1.12386E+12
10/9/17 0:00,1.12386E+12
10/12/17 0:00,1.12386E+12
10/15/17 0:00,1.18295E+12
10/18/17 0:00,1.19679E+12
10/21/17 0:00,1.19679E+12
10/24/17 0:00,1.19679E+12
10/27/17 0:00,1.45284E+12
10/30/17 0:00,1.45284E+12
11/2/17 0:00,1.45284E+12
11/5/17 0:00,1.45284E+12
11/7/17 23:00,1.45284E+12
11/10/17 23:00,1.36442E+12
11/13/17 23:00,1.36442E+12
11/16/17 23:00,1.36442E+12
11/19/17 23:00,1.36442E+12
11/22/17 23:00,1.36442E+12
11/25/17 23:00,1.347E+12
11/28/17 23:00,1.347E+12
12/1/17 23:00,1.347E+12
12/4/17 23:00,1.347E+12
12/7/17 23:00,1.5909E+12
12/10/17 23:00,1.5909E+12
12/13/17 23:00,1.5909E+12
12/16/17 23:00,1.5909E+12
12/19/17 23:00,1.87311E+12
12/22/17 23:00,1.87311E+12
12/25/17 23:00,1.87311E+12
12/28/17 23:00,1.87311E+12
12/31/17 23:00,1.92258E+12
1/3/18 23:00,1.93114E+12
1/6/18 23:00,1.93114E+12
1/9/18 23:00,1.93114E+12
1/12/18 23:00,2.13425E+12
1/15/18 23:00,2.22785E+12
1/18/18 23:00,2.22785E+12
1/21/18 23:00,2.22785E+12
1/24/18 23:00,2.46059E+12
1/27/18 23:00,2.60308E+12
1/30/18 23:00,2.60308E+12
2/2/18 23:00,2.60308E+12
2/5/18 23:00,2.60787E+12
2/8/18 23:00,2.87467E+12
2/11/18 23:00,2.87467E+12
2/14/18 23:00,2.87467E+12
2/17/18 23:00,2.87467E+12
2/20/18 23:00,3.00738E+12
2/23/18 23:00,3.00738E+12
2/26/18 23:00,3.00738E+12
3/1/18 23:00,3.00738E+12
3/4/18 23:00,3.23358E+12
3/7/18 23:00,3.29061E+12
3/10/18 23:00,3.29061E+12
3/14/18 0:00,3.29061E+12
3/17/18 0:00,3.29061E+12
3/20/18 0:00,3.46254E+12
3/23/18 0:00,3.46254E+12
3/26/18 0:00,3.46254E+12
3/29/18 0:00,3.46254E+12
4/1/18 0:00,3.49429E+12
4/4/18 0:00,3.51106E+12
4/7/18 0:00,3.51106E+12
4/10/18 0:00,3.51106E+12
4/13/18 0:00,3.51106E+12
4/16/18 0:00,3.83932E+12
4/19/18 0:00,3.83932E+12
4/22/18 0:00,3.83932E+12
4/25/18 0:00,3.83932E+12
4/28/18 0:00,4.02206E+12
5/1/18 0:00,4.02206E+12
5/4/18 0:00,4.02206E+12
5/7/18 0:00,4.02206E+12
5/10/18 0:00,4.02206E+12
5/13/18 0:00,4.14388E+12
5/16/18 0:00,4.14388E+12
5/19/18 0:00,4.14388E+12
5/22/18 0:00,4.14388E+12
5/25/18 0:00,4.30695E+12
5/28/18 0:00,4.30695E+12
5/31/18 0:00,4.30695E+12
6/3/18 0:00,4.30695E+12
6/6/18 0:00,4.9407E+12
6/9/18 0:00,4.9407E+12
6/12/18 0:00,4.9407E+12
6/15/18 0:00,4.9407E+12
6/18/18 0:00,4.9407E+12
6/21/18 0:00,5.0775E+12
6/24/18 0:00,5.0775E+12
6/27/18 0:00,5.0775E+12
6/30/18 0:00,5.0775E+12
7/3/18 0:00,5.36368E+12
7/6/18 0:00,5.36368E+12
7/9/18 0:00,5.36368E+12
7/12/18 0:00,5.36368E+12
7/15/18 0:00,5.36368E+12
7/18/18 0:00,5.17867E+12
7/21/18 0:00,5.17867E+12
7/24/18 0:00,5.17867E+12
7/27/18 0:00,5.17867E+12
7/30/18 0:00,5.94944E+12
8/2/18 0:00,5.94944E+12
8/5/18 0:00,5.94944E+12
8/8/18 0:00,5.94944E+12
8/11/18 0:00,6.19784E+12
8/14/18 0:00,6.38932E+12
8/17/18 0:00,6.38932E+12
8/20/18 0:00,6.38932E+12
8/23/18 0:00,6.38932E+12
8/26/18 0:00,6.72723E+12
8/29/18 0:00,6.72723E+12
9/1/18 0:00,6.72723E+12
9/4/18 0:00,6.72723E+12
9/7/18 0:00,6.97118E+12
9/10/18 0:00,7.0192E+12
9/13/18 0:00,7.0192E+12
9/16/18 0:00,7.0192E+12
9/19/18 0:00,7.0192E+12
9/22/18 0:00,7.15263E+12
9/25/18 0:00,7.15263E+12
9/28/18 0:00,7.15263E+12
10/1/18 0:00,7.15263E+12
10/4/18 0:00,7.36427E+12
10/7/18 0:00,7.45497E+12
10/10/18 0:00,7.45497E+12
10/13/18 0:00,7.45497E+12
10/16/18 0:00,7.45497E+12
10/19/18 0:00,7.18285E+12
10/22/18 0:00,7.18285E+12
10/25/18 0:00,7.18285E+12
10/28/18 0:00,7.18285E+12
10/31/18 0:00,7.18285E+12
11/3/18 0:00,7.1844E+12
11/5/18 23:00,7.1844E+12
11/8/18 23:00,7.1844E+12
11/11/18 23:00,7.1844E+12
11/14/18 23:00,7.1844E+12
11/17/18 23:00,6.6533E+12
11/20/18 23:00,6.6533E+12
11/23/18 23:00,6.6533E+12
11/26/18 23:00,6.6533E+12
11/29/18 23:00,6.6533E+12
12/2/18 23:00,6.19402E+12
12/5/18 23:00,5.6464E+12
12/8/18 23:00,5.6464E+12
12/11/18 23:00,5.6464E+12
12/14/18 23:00,5.6464E+12
12/17/18 23:00,5.62109E+12
12/20/18 23:00,5.10642E+12
12/23/18 23:00,5.10642E+12
12/26/18 23:00,5.10642E+12
12/29/18 23:00,5.10642E+12
1/1/19 23:00,5.6186E+12
1/4/19 23:00,5.6186E+12
1/7/19 23:00,5.6186E+12
1/10/19 23:00,5.6186E+12
1/13/19 23:00,5.86261E+12
1/16/19 23:00,5.88399E+12
1/19/19 23:00,5.88399E+12
1/22/19 23:00,5.88399E+12
1/25/19 23:00,5.88399E+12
1/28/19 23:00,5.81466E+12
1/31/19 23:00,5.81466E+12
2/3/19 23:00,5.81466E+12
2/6/19 23:00,5.81466E+12
2/9/19 23:00,5.89401E+12
2/12/19 23:00,6.06152E+12
2/15/19 23:00,6.06152E+12
2/18/19 23:00,6.06152E+12
2/21/19 23:00,6.06152E+12
2/24/19 23:00,6.07185E+12
2/27/19 23:00,6.07185E+12
3/2/19 23:00,6.07185E+12
3/5/19 23:00,6.07185E+12
3/8/19 23:00,6.07185E+12
3/12/19 0:00,6.06889E+12
3/15/19 0:00,6.06889E+12
3/18/19 0:00,6.06889E+12
3/21/19 0:00,6.06889E+12
3/24/19 0:00,6.36892E+12
3/27/19 0:00,6.37927E+12
3/30/19 0:00,6.37927E+12
4/2/19 0:00,6.37927E+12
4/5/19 0:00,6.37927E+12
4/8/19 0:00,6.39302E+12
4/11/19 0:00,6.39302E+12
4/14/19 0:00,6.39302E+12
4/17/19 0:00,6.39302E+12
4/20/19 0:00,6.39302E+12
4/23/19 0:00,6.35303E+12
4/26/19 0:00,6.35303E+12
4/29/19 0:00,6.35303E+12
5/2/19 0:00,6.35303E+12
5/5/19 0:00,6.70217E+12
5/8/19 0:00,6.70217E+12
5/11/19 0:00,6.70217E+12
5/14/19 0:00,6.70217E+12
5/17/19 0:00,6.70217E+12
5/20/19 0:00,6.70463E+12
5/23/19 0:00,6.70463E+12
5/26/19 0:00,6.70463E+12
5/29/19 0:00,6.70463E+12
6/1/19 0:00,7.45968E+12
6/4/19 0:00,7.45968E+12
6/7/19 0:00,7.45968E+12
6/10/19 0:00,7.45968E+12
6/13/19 0:00,7.45968E+12
6/16/19 0:00,7.4094E+12
6/19/19 0:00,7.4094E+12
6/22/19 0:00,7.4094E+12
6/25/19 0:00,7.4094E+12
6/28/19 0:00,7.93471E+12
7/1/19 0:00,7.93471E+12
7/4/19 0:00,7.93471E+12
7/7/19 0:00,7.93471E+12
7/10/19 0:00,9.06416E+12
7/13/19 0:00,9.06416E+12
7/16/19 0:00,9.06416E+12
7/19/19 0:00,9.06416E+12
7/22/19 0:00,9.06416E+12
7/25/19 0:00,9.01379E+12
7/28/19 0:00,9.01379E+12
7/31/19 0:00,9.01379E+12
8/3/19 0:00,9.01379E+12
8/6/19 0:00,9.98535E+12
8/9/19 0:00,9.98535E+12
8/12/19 0:00,9.98535E+12
8/15/19 0:00,9.98535E+12
8/18/19 0:00,1.00168E+13
8/21/19 0:00,1.01835E+13
8/24/19 0:00,1.01835E+13
8/27/19 0:00,1.01835E+13
8/30/19 0:00,1.01835E+13
9/2/19 0:00,1.0772E+13
9/5/19 0:00,1.0772E+13
9/8/19 0:00,1.0772E+13
9/11/19 0:00,1.0772E+13
9/14/19 0:00,1.18906E+13
9/17/19 0:00,1.18906E+13
9/20/19 0:00,1.18906E+13
9/23/19 0:00,1.18906E+13
9/26/19 0:00,1.20177E+13
9/29/19 0:00,1.27598E+13
10/2/19 0:00,1.27598E+13
10/5/19 0:00,1.27598E+13
10/8/19 0:00,1.27598E+13
10/11/19 0:00,1.30081E+13
10/14/19 0:00,1.30081E+13
10/17/19 0:00,1.30081E+13
10/20/19 0:00,1.30081E+13
10/23/19 0:00,1.30691E+13
10/26/19 0:00,1.36915E+13
10/29/19 0:00,1.36915E+13
11/1/19 0:00,1.36915E+13
11/3/19 23:00,1.36915E+13
11/6/19 23:00,1.36699E+13
11/9/19 23:00,1.272E+13
11/12/19 23:00,1.272E+13
11/15/19 23:00,1.272E+13
11/18/19 23:00,1.272E+13
11/21/19 23:00,1.29732E+13
11/24/19 23:00,1.29732E+13
11/27/19 23:00,1.29732E+13
11/30/19 23:00,1.29732E+13
12/3/19 23:00,1.29732E+13
12/6/19 23:00,1.28768E+13
12/9/19 23:00,1.28768E+13
12/12/19 23:00,1.28768E+13
12/15/19 23:00,1.28768E+13
12/18/19 23:00,1.28928E+13
12/21/19 23:00,1.29486E+13
12/24/19 23:00,1.29486E+13
12/27/19 23:00,1.29486E+13
12/30/19 23:00,1.29486E+13
1/2/20 23:00,1.37988E+13
1/5/20 23:00,1.37988E+13
1/8/20 23:00,1.37988E+13
1/11/20 23:00,1.37988E+13
1/14/20 23:00,1.47764E+13
1/17/20 23:00,1.47764E+13
1/20/20 23:00,1.47764E+13
1/23/20 23:00,1.47764E+13
1/26/20 23:00,1.47764E+13
1/29/20 23:00,1.54661E+13
2/1/20 23:00,1.54661E+13
2/4/20 23:00,1.54661E+13
2/7/20 23:00,1.54661E+13
2/10/20 23:00,1.55211E+13
2/13/20 23:00,1.55467E+13
2/16/20 23:00,1.55467E+13
2/19/20 23:00,1.55467E+13
2/22/20 23:00,1.55467E+13
2/25/20 23:00,1.54869E+13
2/28/20 23:00,1.54869E+13
3/2/20 23:00,1.54869E+13
3/5/20 23:00,1.54869E+13
3/9/20 0:00,1.60768E+13
3/12/20 0:00,1.65529E+13
3/15/20 0:00,1.65529E+13
3/18/20 0:00,1.65529E+13
3/21/20 0:00,1.65529E+13
3/24/20 0:00,1.65529E+13
3/27/20 0:00,1.39125E+13
3/30/20 0:00,1.39125E+13
4/2/20 0:00,1.39125E+13
4/5/20 0:00,1.39125E+13
4/8/20 0:00,1.43975E+13
4/11/20 0:00,1.47152E+13
4/14/20 0:00,1.47152E+13
4/17/20 0:00,1.47152E+13
4/20/20 0:00,1.47152E+13
4/23/20 0:00,1.59587E+13
4/26/20 0:00,1.59587E+13
4/29/20 0:00,1.59587E+13
5/2/20 0:00,1.59587E+13
5/5/20 0:00,1.60798E+13
5/8/20 0:00,1.61048E+13
5/11/20 0:00,1.61048E+13
5/14/20 0:00,1.61048E+13
5/17/20 0:00,1.61048E+13
5/20/20 0:00,1.52137E+13
5/23/20 0:00,1.5138E+13
5/26/20 0:00,1.5138E+13
5/29/20 0:00,1.5138E+13
6/1/20 0:00,1.5138E+13
6/4/20 0:00,1.44771E+13
6/7/20 0:00,1.37324E+13
6/10/20 0:00,1.37324E+13
6/13/20 0:00,1.37324E+13
6/16/20 0:00,1.4266E+13
6/19/20 0:00,1.57847E+13
6/22/20 0:00,1.57847E+13
6/25/20 0:00,1.57847E+13
6/28/20 0:00,1.57847E+13
7/1/20 0:00,1.57842E+13
7/4/20 0:00,1.57842E+13
7/7/20 0:00,1.57842E+13
7/10/20 0:00,1.57842E+13
7/13/20 0:00,1.65704E+13
7/16/20 0:00,1.73459E+13
7/19/20 0:00,1.73459E+13
7/22/20 0:00,1.73459E+13
7/25/20 0:00,1.73459E+13
7/28/20 0:00,1.68476E+13
7/31/20 0:00,1.68476E+13
8/3/20 0:00,1.68476E+13
8/6/20 0:00,1.68476E+13
8/9/20 0:00,1.68476E+13
8/12/20 0:00,1.69478E+13
8/15/20 0:00,1.69478E+13
8/18/20 0:00,1.69478E+13
8/21/20 0:00,1.69478E+13
8/24/20 0:00,1.73409E+13
8/27/20 0:00,1.7558E+13
8/30/20 0:00,1.7558E+13
9/2/20 0:00,1.7558E+13
9/5/20 0:00,1.7558E+13
9/8/20 0:00,1.7346E+13
9/11/20 0:00,1.7346E+13
9/14/20 0:00,1.7346E+13
9/17/20 0:00,1.7346E+13
9/20/20 0:00,1.91483E+13
9/23/20 0:00,1.93147E+13
9/26/20 0:00,1.93147E+13
9/29/20 0:00,1.93147E+13
10/2/20 0:00,1.93147E+13
10/5/20 0:00,1.92981E+13
10/8/20 0:00,1.92981E+13
10/11/20 0:00,1.92981E+13
10/14/20 0:00,1.92981E+13
10/17/20 0:00,1.95297E+13
10/20/20 0:00,1.99973E+13
10/23/20 0:00,1.99973E+13
10/26/20 0:00,1.99973E+13
10/29/20 0:00,1.99973E+13
11/1/20 0:00,1.99973E+13
11/3/20 23:00,1.67878E+13
11/6/20 23:00,1.67878E+13
11/9/20 23:00,1.67878E+13
11/12/20 23:00,1.67878E+13
11/15/20 23:00,1.70406E+13
11/18/20 23:00,1.75968E+13
11/21/20 23:00,1.75968E+13
11/24/20 23:00,1.75968E+13
11/27/20 23:00,1.75968E+13
11/30/20 23:00,1.91572E+13
12/3/20 23:00,1.91572E+13
12/6/20 23:00,1.91572E+13
12/9/20 23:00,1.91572E+13
12/12/20 23:00,1.91447E+13
12/15/20 23:00,1.86702E+13
12/18/20 23:00,1.86702E+13
12/21/20 23:00,1.86702E+13
12/24/20 23:00,1.86702E+13
12/27/20 23:00,1.86E+13
12/30/20 23:00,1.85996E+13
1/2/21 23:00,1.85996E+13
1/5/21 23:00,1.85996E+13
1/8/21 23:00,1.93652E+13
1/11/21 23:00,2.06074E+13
1/14/21 23:00,2.06074E+13
1/17/21 23:00,2.06074E+13
1/20/21 23:00,2.06074E+13
1/23/21 23:00,2.08235E+13
1/26/21 23:00,2.08235E+13
1/29/21 23:00,2.08235E+13
2/1/21 23:00,2.08235E+13
2/4/21 23:00,2.08235E+13
2/7/21 23:00,2.14344E+13
2/10/21 23:00,2.14344E+13
2/13/21 23:00,2.14344E+13
2/16/21 23:00,2.14344E+13
2/19/21 23:00,2.17241E+13
2/22/21 23:00,2.17241E+13
2/25/21 23:00,2.17241E+13
2/28/21 23:00,2.17241E+13
3/3/21 23:00,2.17241E+13
3/6/21 23:00,2.14483E+13
3/9/21 23:00,2.14483E+13
3/12/21 23:00,2.14483E+13
3/16/21 0:00,2.14483E+13
3/19/21 0:00,2.15244E+13
3/22/21 0:00,2.18656E+13
3/25/21 0:00,2.18656E+13
3/28/21 0:00,2.18656E+13
3/31/21 0:00,2.18656E+13
4/3/21 0:00,2.31374E+13
4/6/21 0:00,2.31374E+13
4/9/21 0:00,2.31374E+13
4/12/21 0:00,2.31374E+13
4/15/21 0:00,2.32176E+13
4/18/21 0:00,2.3582E+13
4/21/21 0:00,2.3582E+13
4/24/21 0:00,2.3582E+13
4/27/21 0:00,2.3582E+13
4/30/21 0:00,2.3582E+13
5/3/21 0:00,2.06088E+13
5/6/21 0:00,2.06088E+13
5/9/21 0:00,2.06088E+13
5/12/21 0:00,2.06088E+13
5/15/21 0:00,2.50465E+13
5/18/21 0:00,2.50465E+13
5/21/21 0:00,2.50465E+13
5/24/21 0:00,2.50465E+13
5/27/21 0:00,2.50465E+13
5/30/21 0:00,2.12143E+13
6/2/21 0:00,2.10477E+13
6/5/21 0:00,2.10477E+13
6/8/21 0:00,2.10477E+13
6/11/21 0:00,2.10477E+13
6/14/21 0:00,1.99328E+13
6/17/21 0:00,1.99328E+13
6/20/21 0:00,1.99328E+13
6/23/21 0:00,1.99328E+13
6/26/21 0:00,1.99328E+13
6/29/21 0:00,1.99328E+13
7/2/21 0:00,1.99328E+13
7/5/21 0:00,1.4363E+13
7/8/21 0:00,1.4363E+13
7/11/21 0:00,1.4363E+13
7/14/21 0:00,1.4363E+13
7/17/21 0:00,1.43485E+13
7/20/21 0:00,1.36726E+13
7/23/21 0:00,1.36726E+13
7/26/21 0:00,1.36726E+13
7/29/21 0:00,1.36726E+13
8/1/21 0:00,1.44964E+13
8/4/21 0:00,1.44964E+13
8/7/21 0:00,1.44964E+13
8/10/21 0:00,1.44964E+13
8/13/21 0:00,1.53248E+13
8/16/21 0:00,1.55561E+13
8/19/21 0:00,1.55561E+13
8/22/21 0:00,1.55561E+13
8/25/21 0:00,1.64311E+13
8/28/21 0:00,1.7615E+13
8/31/21 0:00,1.7615E+13
9/3/21 0:00,1.7615E+13
9/6/21 0:00,1.7615E+13
9/9/21 0:00,1.84152E+13
9/12/21 0:00,1.84152E+13
9/15/21 0:00,1.84152E+13
9/18/21 0:00,1.84152E+13
9/21/21 0:00,1.8633E+13
9/24/21 0:00,1.89976E+13
9/27/21 0:00,1.89976E+13
9/30/21 0:00,1.89976E+13
10/3/21 0:00,1.89976E+13
10/6/21 0:00,1.9893E+13
10/9/21 0:00,1.9893E+13
10/12/21 0:00,1.9893E+13
10/15/21 0:00,1.9893E+13
10/18/21 0:00,1.99174E+13
10/21/21 0:00,2.00825E+13
10/24/21 0:00,2.00825E+13
10/27/21 0:00,2.00825E+13
10/30/21 0:00,2.00825E+13
11/2/21 0:00,2.16593E+13
11/5/21 0:00,2.16593E+13
11/7/21 23:00,2.16593E+13
11/10/21 23:00,2.16593E+13
11/13/21 23:00,2.2435E+13
11/16/21 23:00,2.26741E+13
11/19/21 23:00,2.26741E+13
11/22/21 23:00,2.26741E+13
11/25/21 23:00,2.26741E+13
11/28/21 23:00,2.23357E+13
12/1/21 23:00,2.23357E+13
12/4/21 23:00,2.23357E+13
12/7/21 23:00,2.23357E+13
12/10/21 23:00,2.34687E+13
12/13/21 23:00,2.41953E+13
12/16/21 23:00,2.41953E+13
12/19/21 23:00,2.41953E+13
12/22/21 23:00,2.41953E+13
12/25/21 23:00,2.42723E+13
12/28/21 23:00,2.42723E+13
12/31/21 23:00,2.42723E+13
1/3/22 23:00,2.42723E+13
1/6/22 23:00,2.42723E+13
1/9/22 23:00,2.43719E+13
1/12/22 23:00,2.43719E+13
1/15/22 23:00,2.43719E+13
1/18/22 23:00,2.43719E+13
1/21/22 23:00,2.66432E+13
1/24/22 23:00,2.66432E+13
1/27/22 23:00,2.66432E+13
1/30/22 23:00,2.66432E+13
2/2/22 23:00,2.66432E+13
2/5/22 23:00,2.66905E+13
2/8/22 23:00,2.66905E+13
2/11/22 23:00,2.66905E+13
2/14/22 23:00,2.66905E+13
2/17/22 23:00,2.79672E+13
2/20/22 23:00,2.79672E+13
2/23/22 23:00,2.79672E+13
2/26/22 23:00,2.79672E+13
3/1/22 23:00,2.79672E+13
3/4/22 23:00,2.75503E+13
3/7/22 23:00,2.75503E+13
3/10/22 23:00,2.75503E+13
3/14/22 0:00,2.75503E+13
3/17/22 0:00,2.75209E+13
3/20/22 0:00,2.74527E+13
3/23/22 0:00,2.74527E+13
3/26/22 0:00,2.74527E+13
3/29/22 0:00,2.74527E+13
4/1/22 0:00,2.85872E+13
4/4/22 0:00,2.85872E+13
4/7/22 0:00,2.85872E+13
4/10/22 0:00,2.85872E+13
4/13/22 0:00,2.85872E+13
4/16/22 0:00,2.82259E+13
4/19/22 0:00,2.82259E+13
4/22/22 0:00,2.82259E+13
4/25/22 0:00,2.82259E+13
4/28/22 0:00,2.97944E+13
5/1/22 0:00,2.97944E+13
5/4/22 0:00,2.97944E+13
5/7/22 0:00,2.97944E+13
5/10/22 0:00,2.9823E+13
5/13/22 0:00,3.12511E+13
5/16/22 0:00,3.12511E+13
5/19/22 0:00,3.12511E+13
5/22/22 0:00,3.12511E+13
5/25/22 0:00,3.07059E+13
5/28/22 0:00,2.98974E+13
5/31/22 0:00,2.98974E+13
6/3/22 0:00,2.98974E+13
6/6/22 0:00,2.98974E+13
6/9/22 0:00,3.02833E+13
6/12/22 0:00,3.02833E+13
6/15/22 0:00,3.02833E+13
6/18/22 0:00,3.02833E+13
6/21/22 0:00,3.02833E+13
6/24/22 0:00,2.95702E+13
6/27/22 0:00,2.95702E+13
6/30/22 0:00,2.95702E+13
7/3/22 0:00,2.95702E+13
7/6/22 0:00,2.95702E+13
7/9/22 0:00,2.91528E+13
7/12/22 0:00,2.91528E+13
7/15/22 0:00,2.91528E+13
7/18/22 0:00,2.91528E+13
7/21/22 0:00,2.88271E+13
7/24/22 0:00,2.76926E+13
7/27/22 0:00,2.76926E+13
7/30/22 0:00,2.76926E+13
8/2/22 0:00,2.76926E+13
8/5/22 0:00,2.81747E+13
8/8/22 0:00,2.81747E+13
8/11/22 0:00,2.81747E+13
8/14/22 0:00,2.81747E+13