Open,Close,High,Low,Volume,Date
370,370,372,369,,06/30/22
370,364.75,372,364.5,,06/29/22
361.5,366.5,369,360,,06/28/22
375,372,375,370,,06/27/22
0,367.2,0,0,,06/24/22
350,350,350,350,,06/23/22
345,345.5,345,345,,06/22/22
0,345.5,0,0,,06/21/22
343,345.35,345,343,,06/20/22
333,335,335,333,,06/17/22
0,330.65,0,0,,06/16/22
326,332.45,330,326,,06/15/22
320,323,322,320,,06/14/22
0,317.15,0,0,,06/13/22
327.7,317.5,327.7,317.75,,06/10/22
330,323,335.5,323.5,,06/09/22
325,330,330,323,,06/08/22
330,326.2,330,330,,06/07/22
330,333.6,330,330,,06/06/22
0,327.15,0,0,,06/03/22
0,327.15,0,0,,06/02/22
321,326.15,326,321,,06/01/22
312,333,339,312,,05/31/22
302,306,304,302,,05/30/22
0,291,0,0,,05/27/22
0,330.6,0,0,,05/26/22
330,330.65,330,330,,05/25/22
331.5,331.05,331.5,331,,05/24/22
0,332.35,0,0,,05/23/22
331,336.35,336,331,,05/20/22
331,332,333,330,,05/19/22
331,331.8,332.5,331,,05/18/22
330,329.35,330,330,,05/17/22
323,324,323,323,,05/16/22
319,319,319,319,,05/13/22
329,325.5,335,329,,05/12/22
315,319,320,315,,05/11/22
308.5,313.15,314,308.5,,05/10/22
318,310.85,321,309,,05/09/22
317,319.5,322,317,,05/06/22
322,321,322,319,,05/05/22
300,311.5,310,300,,05/04/22
261,283.1,281,261,,05/03/22
0,259.8,0,0,,05/02/22
0,260,0,0,,04/29/22
0,322.85,0,0,,04/28/22
325.5,323.55,325.5,325.5,,04/27/22
325,324.75,325,324.75,,04/26/22
0,326,0,0,,04/25/22
327,326.65,327,327,,04/22/22
330,326.85,330,329,,04/21/22
324,327.35,330,324,,04/20/22
322,322.5,322.5,322,,04/19/22
0,322.55,0,0,,04/18/22
322,322.55,323,322,,04/14/22
320,321.35,322.25,320,,04/13/22
303,320,320,303,,04/12/22
300,300,303,300,,04/11/22
290,295,295,290,,04/08/22
290,280.7,290,290,,04/07/22
300,290.65,303,295,,04/06/22
274.8,290.1,295,274,,04/05/22
255,262,257,255,,04/04/22
272,265.4,272,272,,04/01/22
267,273,273,267,,03/31/22
270,271.65,280,270,,03/30/22
275,268.3,279,265,,03/29/22
270,270.4,275,270,,03/28/22
324,272.35,324,324,,03/25/22
326,325.05,326,324.75,,03/24/22
326,326.85,326.5,324.5,,03/23/22
320,323,324,318,,03/22/22
313,318.2,320,310,,03/21/22
0,324,0,0,,03/18/22
330,316,335,315,,03/17/22
325,312,325,310,,03/16/22
362,336.25,362,350,,03/15/22
362,357.35,362,362,,03/14/22
375,363.95,375,360,,03/11/22
390,367.5,390,365,,03/10/22
425,418,435,395,,03/09/22
425,439,425,425,,03/08/22
465,425.2,465,450,,03/07/22
400,432.5,440,400,,03/04/22
410,353.75,410,380,,03/03/22
350,436.5,435,350,,03/02/22
260,315,330,260,,03/01/22
235,254.25,261,230,,02/28/22
193,217,193,193,,02/25/22
190,193.1,191,190,,02/24/22
190,190.65,191,190,,02/23/22
187,189,189,186.9,,02/22/22
185,185.15,186,185,,02/21/22
0,184.1,0,0,,02/18/22
183.5,183.05,183.5,183.5,,02/17/22
185,183.65,185,183,,02/16/22
187,186.65,187,186,,02/15/22
194,190.35,194,194,,02/14/22
189,189.5,189,189,,02/11/22
189,188.15,189,189,,02/10/22
189,187.75,189,188,,02/09/22
186,186.1,187,185.5,,02/08/22
182,182.5,183.5,178,,02/07/22
179.5,183,183,179.5,,02/04/22
180,177.45,180,177.5,,02/03/22
178,177.3,178,175.5,,02/02/22
174,174.5,174,170,,02/01/22
178,178.25,178,173,,01/31/22
166,182.5,166.5,166,,01/28/22
0,165.95,0,0,,01/27/22
165.75,165.95,165.75,165.75,,01/26/22
165.5,164.6,165.5,164.5,,01/25/22
165,163.25,165.4,164.5,,01/24/22
160,162.05,165,160,,01/21/22
161,159.5,161,159,,01/20/22
161.25,161.75,161.25,161.25,,01/19/22
162.5,162.3,165,162,,01/18/22
155,156,158,155,,01/17/22
152,154,159,152,,01/14/22
143,148.9,148.9,143,,01/13/22
138,139,138,138,,01/12/22
140.05,136,140.05,136,,01/11/22
142.95,138.55,143,142.95,,01/10/22
147,140.2,147,139,,01/07/22
142.5,143.5,142.5,142.5,,01/06/22
134.65,137.3,136,134.5,,01/05/22
128,130.1,130,126,,01/04/22
120,120,120,120,,01/03/22
0,117.4,0,0,,12/31/21
140,138,140,140,,12/30/21
138.5,138.35,140,138.5,,12/29/21
0,135.6,0,0,,12/28/21
0,140.7,0,0,,12/27/21
0,142,0,0,,12/24/21
144,142.75,144,142,,12/23/21
148,146.95,148,147,,12/22/21
0,147,0,0,,12/21/21
149.5,146,149.5,149,,12/20/21
148,146,148,148,,12/17/21
144,147.9,146.5,144,,12/16/21
140.5,141.7,141.5,140.5,,12/15/21
140,140.55,140.25,140,,12/14/21
136.5,136.5,137.5,136.5,,12/13/21
134.5,134.9,134.5,134.5,,12/10/21
0,134.9,0,0,,12/09/21
132.5,134.55,133.5,132.5,,12/08/21
0,129.1,0,0,,12/07/21
120.75,122.2,122.5,120.75,,12/06/21
124.5,121.5,124.5,121,,12/03/21
120,124.25,125,120,,12/02/21
112,123.1,123,112,,12/01/21
118,111.1,118,110,,11/30/21
131.5,127,131.5,123,,11/29/21
0,144,0,0,,11/26/21
150,148,150,150,,11/25/21
151,149.6,151,149,,11/24/21
147.5,150,150,147.5,,11/23/21
145,146.5,146.5,144,,11/22/21
144,145.25,144,144,,11/19/21
141,144.75,144,141,,11/18/21
144,142.95,144,144,,11/17/21
140,141.5,141.5,140,,11/16/21
0,138.65,0,0,,11/15/21
140.5,139,140.5,140,,11/12/21
0,142,0,0,,11/11/21
143,142.1,143,141,,11/10/21
156,152,156,155,,11/09/21
152.5,157.5,159,152,,11/08/21
145.5,148.25,145.5,145.5,,11/05/21
148,148,150,147,,11/04/21
147,149.5,152,147,,11/03/21
138.25,139.75,140.25,137,,11/02/21
140,136,140,139,,11/01/21
0,143,0,0,,10/29/21
0,233,0,0,,10/28/21
0,232.85,0,0,,10/27/21
236,234,236,234,,10/26/21
235,237.15,235,235,,10/25/21
0,231.25,0,0,,10/22/21
0,228.5,0,0,,10/21/21
233,232.6,233,233,,10/20/21
235,234.5,235,233,,10/19/21
240,238.65,240,235,,10/18/21
242.5,240.05,242.5,240,,10/15/21
242,243.65,243,242,,10/14/21
247,244.95,247,246,,10/13/21
245,243.15,245,243,,10/12/21
242,241.5,242,240,,10/11/21
240,230,240,230,,10/08/21
220,232.65,235,220,,10/07/21
280,237.1,280,230,,10/06/21
261,274.5,267,261,,10/05/21
246,247.75,246,246,,10/04/21
222,233.05,234,222,,10/01/21
212,218.65,219,212,,09/30/21
207,208.5,210,206.5,,09/29/21
206.05,202.3,210,201,,09/28/21
200,201.75,202,200,,09/27/21
0,187.75,0,0,,09/24/21
0,172.85,0,0,,09/23/21
0,172,0,0,,09/22/21
171.25,171.4,171.25,171.25,,09/21/21
0,171.05,0,0,,09/20/21
168.5,168.6,168.5,168.5,,09/17/21
167.5,166.9,167.5,167.5,,09/16/21
172.5,169.5,172.5,170.25,,09/15/21
171.5,171,171.5,171.5,,09/14/21
173.4,171.7,173.4,172,,09/13/21
0,170.85,0,0,,09/10/21
0,169.7,0,0,,09/09/21
168.15,169,169,168.15,,09/08/21
167.75,168.2,168.85,167.5,,09/07/21
169,168,169,168.2,,09/06/21
164,165.15,165.5,164,,09/03/21
158,162.2,163.25,158,,09/02/21
160,156.25,160,157,,09/01/21
150,153.75,154,150,,08/31/21
0,148.95,0,0,,08/27/21
0,149,0,0,,08/26/21
148.5,148.9,149,148.5,,08/25/21
148.5,148.5,149,148.35,,08/24/21
148.3,148.35,148.75,148.3,,08/23/21
0,144.5,0,0,,08/20/21
0,145.9,0,0,,08/19/21
150,149.95,150,150,,08/18/21
151.1,149.9,151.1,151.1,,08/17/21
152.15,151.85,152.15,152.15,,08/16/21
149.65,149.7,149.65,149.65,,08/13/21
0,150,0,0,,08/12/21
0,147.6,0,0,,08/11/21
145.5,146,146.25,145.5,,08/10/21
146,145.75,146,146,,08/09/21
0,143.9,0,0,,08/06/21
141.75,142.15,142,141.75,,08/05/21
140.75,141.1,141,140.75,,08/04/21
141,140.05,141,140,,08/03/21
0,139.7,0,0,,08/02/21
0,138.4,0,0,,07/30/21
0,132.9,0,0,,07/29/21
0,132.9,0,0,,07/28/21
0,132.6,0,0,,07/27/21
0,132.1,0,0,,07/26/21
0,132.3,0,0,,07/23/21
0,131.9,0,0,,07/22/21
0,132.6,0,0,,07/21/21
0,132.1,0,0,,07/20/21
133.5,133.1,133.5,133.35,,07/19/21
133,132.6,133,132.5,,07/16/21
0,132,0,0,,07/15/21
0,131.75,0,0,,07/14/21
128,131.1,128,128,,07/13/21
0,126.65,0,0,,07/12/21
0,126.8,0,0,,07/09/21
125,125.5,125.75,124.9,,07/08/21
124.25,124.65,124.25,124.25,,07/07/21
0,123.8,0,0,,07/06/21
0,127.25,0,0,,07/05/21
122,123.6,122.75,122,,07/02/21
124,122.25,124,123.75,,07/01/21
115,120.75,121,115,,06/30/21
113,115.05,115.65,112.9,,06/29/21
113.25,113.15,113.25,113.25,,06/28/21
0,115.5,0,0,,06/25/21
0,108.25,0,0,,06/24/21
0,108,0,0,,06/23/21
0,107.25,0,0,,06/22/21
0,107,0,0,,06/21/21
0,107.75,0,0,,06/18/21
0,107.8,0,0,,06/17/21
108,108,108,108,,06/16/21
108.5,108,108.5,108.5,,06/15/21
109,109,109,109,,06/14/21
0,110,0,0,,06/11/21
109,110,109,109,,06/10/21
106.25,108.25,108,106.25,,06/09/21
0,105.75,0,0,,06/08/21
104.5,106,106.1,104.5,,06/07/21
100.65,101.25,101.5,100.65,,06/04/21
97.75,100.5,101,97.75,,06/03/21
95.5,96.4,96.5,95.5,,06/02/21
96,95.8,96.5,95.85,,06/01/21
0,85.75,0,0,,05/28/21
0,85.75,0,0,,05/27/21
0,85.65,0,0,,05/26/21
0,85.75,0,0,,05/25/21
0,85.5,0,0,,05/24/21
0,85.2,0,0,,05/21/21
84.5,84.75,84.5,84.5,,05/20/21
0,84,0,0,,05/19/21
84.5,84.6,84.5,84.5,,05/18/21
0,84.5,0,0,,05/17/21
85,85.4,85,84.9,,05/14/21
85.25,85.7,85.25,85.25,,05/13/21
0,85.85,0,0,,05/12/21
84,84.8,84,84,,05/11/21
84.45,83.8,84.45,83.75,,05/10/21
81.3,82.5,81.3,81.3,,05/07/21
0,81.55,0,0,,05/06/21
78.6,80.05,79.25,78.6,,05/05/21
78.5,78.5,78.6,78.4,,05/04/21
78.75,78.65,78.75,78.7,,05/03/21
0,77.45,0,0,,04/30/21
0,71.9,0,0,,04/29/21
0,71.75,0,0,,04/28/21
73.9,71.85,73.9,73.9,,04/27/21
0,71.7,0,0,,04/26/21
0,71.8,0,0,,04/23/21
72,71.8,72,72,,04/22/21
0,71.5,0,0,,04/21/21
0,71.5,0,0,,04/20/21
0,71.5,0,0,,04/19/21
71,71.6,71,71,,04/16/21
70,70.2,70,70,,04/15/21
0,69.15,0,0,,04/14/21
0,68.85,0,0,,04/13/21
0,68.35,0,0,,04/12/21
67.5,67.55,67.5,67.5,,04/09/21
67.5,67.2,67.5,67.5,,04/08/21
0,68.8,0,0,,04/07/21
70.3,70.3,70.3,70.3,,04/06/21
0,70.2,0,0,,04/05/21
0,70.2,0,0,,04/01/21
69.95,70.05,70.1,69.75,,03/31/21
70.45,70,70.45,69.8,,03/30/21
0,70.6,0,0,,03/29/21
0,70.9,0,0,,03/26/21
0,68.5,0,0,,03/25/21
0,68.5,0,0,,03/24/21
0,68.5,0,0,,03/23/21
0,68.5,0,0,,03/22/21
68.5,68.45,68.5,68.5,,03/19/21
0,68.1,0,0,,03/18/21
66.5,67.55,66.5,66.5,,03/17/21
66.4,66.3,66.5,66.4,,03/16/21
66,66.35,66.35,66,,03/15/21
65.85,66.05,66,65.85,,03/12/21
65.8,65.8,65.8,65.8,,03/11/21
66,65.8,66.25,66,,03/10/21
65.4,66,66,65.4,,03/09/21
65.5,65.5,65.5,65.5,,03/08/21
65.5,65.25,65.5,65.25,,03/05/21
66,65.2,66,65.7,,03/04/21
65.9,65.7,66.15,65.9,,03/03/21
65.7,66.15,66.3,65.7,,03/02/21
65.95,65.4,65.95,65.5,,03/01/21
0,65.25,0,0,,02/26/21
65.85,65.8,65.85,65.85,,02/25/21
65,65.7,65.7,65,,02/24/21
0,65.9,0,0,,02/23/21
66,65.95,66,66,,02/22/21
66,65.95,66,66,,02/19/21
0,65.55,0,0,,02/18/21
65.25,65.35,65.35,65.25,,02/17/21
65.25,65.6,65.5,65.2,,02/16/21
66.25,65.3,66.25,65.2,,02/15/21
67.25,67,67.45,67.2,,02/12/21
67.5,67.35,67.8,66.9,,02/11/21
68.15,68,68.5,68,,02/10/21
68.1,68.6,68.65,68.1,,02/09/21
67,68.25,68.25,67,,02/08/21
65.5,66.45,66.5,65.5,,02/05/21
64,65,64.9,64,,02/04/21
63.6,63.75,63.8,63.3,,02/03/21
65.7,65.4,66.5,63.5,,02/02/21
68,65.6,68,65.25,,02/01/21
0,69.4,0,0,,01/29/21
67.6,67.8,67.8,67.6,,01/28/21
67.75,67.7,67.75,67.75,,01/27/21
67.45,67.65,67.6,67.45,,01/26/21
67.4,67.45,67.4,67.4,,01/25/21
0,67.5,0,0,,01/22/21
67.5,67.55,67.55,67.5,,01/21/21
67.6,67.5,67.6,67.4,,01/20/21
67.5,67.5,67.5,67.3,,01/19/21
68,67.25,68.1,67.9,,01/18/21
68.9,68.6,68.9,68.6,,01/15/21
69.5,69.9,69.95,69.4,,01/14/21
69.5,70.15,70.1,69.5,,01/13/21
69.1,70.5,70.5,68.95,,01/12/21
68.55,68.5,68.55,68.4,,01/11/21
67.75,68.5,68.5,67.35,,01/08/21
66.5,66.6,66.6,65.75,,01/07/21
65.75,64.25,65.75,64.2,,01/06/21
68.5,64.9,68.75,65.9,,01/05/21
69.75,69.3,70.25,69.75,,01/04/21
0,69,0,0,,12/31/20
0,66.1,0,0,,12/24/20
0,66.05,0,0,,12/23/20
0,66.1,0,0,,12/22/20
0,66.1,0,0,,12/21/20
65.65,66,66,65.65,,12/18/20
0,65.65,0,0,,12/17/20
0,65.6,0,0,,12/16/20
0,65.8,0,0,,12/15/20
65.45,65.4,65.45,65.4,,12/14/20
65,65,65,65,,12/11/20
63.6,64,64,63.5,,12/10/20
0,63.3,0,0,,12/09/20
51,51.05,51.3,51,,11/09/20
50.75,50.8,50.75,50.75,,11/06/20
50.85,51.4,51.25,50.85,,11/05/20
50.8,50.85,50.85,50.8,,11/04/20
50.9,51.05,51.25,50.9,,11/03/20
50.7,50.9,51,50.7,,11/02/20
0,51.8,0,0,,10/30/20
56.25,56.1,56.25,56.25,,10/29/20
0,56.5,0,0,,10/28/20
56.25,56.55,56.6,56.25,,10/27/20
0,56.7,0,0,,10/26/20
56.7,56.7,56.9,56.7,,10/23/20
0,56.75,0,0,,10/22/20
56.5,56.5,56.5,56.5,,10/21/20
57.1,57.1,57.1,57.1,,10/20/20
57.1,57.1,57.1,57.1,,10/19/20
56.95,57,56.95,56.95,,10/16/20
56.5,56.8,57.05,56.4,,10/15/20
56.8,56.6,56.8,56.8,,10/14/20
56.5,56.5,56.5,56.5,,10/13/20
57.3,56.85,57.3,56.75,,10/12/20
57.45,57.6,57.5,57.45,,10/09/20
57.6,57.7,57.6,57.6,,10/08/20
57.4,57.65,57.4,57.4,,10/07/20
0,57.7,0,0,,10/06/20
57.25,57.7,57.4,57.25,,10/05/20
56.8,56.4,56.8,56.4,,10/02/20
57.65,57.35,57.7,57.6,,10/01/20
56.75,57.2,57.1,56.75,,09/30/20
56.9,57.05,57.3,56.9,,09/29/20
56.7,57.2,57.3,56.7,,09/28/20
0,55.95,0,0,,09/25/20
52.3,52.25,52.3,52.3,,09/24/20
52.15,52.15,52.15,52.15,,09/23/20
0,52.1,0,0,,09/22/20
52,52.1,52,52,,09/21/20
51.9,52,51.9,51.9,,09/18/20
52.1,51.9,52.1,52.05,,09/17/20
52.05,51.9,52.05,52.05,,09/16/20
0,51.8,0,0,,09/15/20
0,51.7,0,0,,09/14/20
51.5,51.7,51.5,51.5,,09/11/20
51.75,51.7,51.75,51.75,,09/10/20
51.5,51.2,51.75,51.5,,09/09/20
51,51.2,51,51,,09/08/20
0,51,0,0,,09/07/20
0,51.4,0,0,,09/04/20
51.5,51.5,51.5,51.5,,09/03/20
52,51.5,52,51.4,,09/02/20
52.5,52.7,52.8,52.25,,09/01/20
52.75,52.9,52.75,52.75,,08/31/20
0,52.2,0,0,,08/28/20
0,48.9,0,0,,08/27/20
0,48.95,0,0,,08/26/20
0,48.9,0,0,,08/25/20
0,48.8,0,0,,08/24/20
0,48.65,0,0,,08/21/20
0,48.9,0,0,,08/20/20
0,49.15,0,0,,08/19/20
0,49.35,0,0,,08/18/20
0,49.4,0,0,,08/17/20
50,49.25,50,49.3,,08/14/20
49.5,49.5,49.5,49.5,,08/13/20
49.75,49.7,49.8,49.75,,08/12/20
50.5,50.3,50.5,50.35,,08/11/20
50.85,50.55,50.9,50.85,,08/10/20
0,50.8,0,0,,08/07/20
0,50.2,0,0,,08/06/20
51.5,51.3,51.5,51,,08/05/20
51.75,51.6,51.75,51.6,,08/04/20
51.75,51.7,51.75,51.65,,08/03/20
0,51.9,0,0,,07/31/20
0,49.85,0,0,,07/30/20
0,49.7,0,0,,07/29/20
0,49.7,0,0,,07/28/20
0,49.5,0,0,,07/27/20
49.6,49.55,49.6,49.6,,07/24/20
49.4,49.6,49.4,49.4,,07/23/20
0,49.7,0,0,,07/22/20
0,49.6,0,0,,07/21/20
48.7,49.05,49,48.7,,07/20/20
0,49.25,0,0,,07/17/20
0,49,0,0,,07/16/20
0,49,0,0,,07/15/20
47.5,48.65,48,47.5,,07/14/20
48.95,48.8,48.95,48.95,,07/13/20
0,48.7,0,0,,07/10/20
49.5,49.3,49.5,49,,07/09/20
49.5,49.5,49.5,49.5,,07/08/20
50.5,50.65,50.5,50.5,,07/07/20
0,51.2,0,0,,07/06/20
50.5,50.9,50.5,50.5,,07/03/20
51.1,51.05,51.1,50.65,,07/02/20
49.8,49.95,50,49.8,,07/01/20
49.5,49.85,49.6,49.1,,06/30/20
49.9,50.05,50,49.9,,06/29/20
0,49.45,0,0,,06/26/20
0,45.25,0,0,,06/25/20
0,45.25,0,0,,06/24/20
45.25,44.85,45.25,45.25,,06/23/20
0,45.6,0,0,,06/22/20
0,45,0,0,,06/19/20
0,44.7,0,0,,06/18/20
0,44.6,0,0,,06/17/20
0,44.8,0,0,,06/16/20
44.8,45,44.8,44.8,,06/15/20
0,44.5,0,0,,06/12/20
44.4,44.35,44.4,44.4,,06/11/20
44.5,44.95,44.5,44.5,,06/10/20
45.6,45.6,45.6,45.3,,06/09/20
46.25,45.95,46.25,46.25,,06/08/20
0,46.2,0,0,,06/05/20
45.7,45.7,45.7,45.7,,06/04/20
46.3,46.6,46.3,46.3,,06/03/20
46,46.75,47,46,,06/02/20
42,44.85,44.5,42,,06/01/20
0,42.1,0,0,,05/29/20
0,38.8,0,0,,05/28/20
0,38.7,0,0,,05/27/20
0,38.6,0,0,,05/26/20
0,38.75,0,0,,05/25/20
38.65,38.65,38.65,38.55,,05/22/20
0,38.75,0,0,,05/21/20
38.85,38.8,38.85,38.65,,05/20/20
0,38.85,0,0,,05/19/20
38.75,38.85,38.95,38.75,,05/18/20
38.75,38.75,38.75,38.55,,05/15/20
0,39.1,0,0,,05/14/20
0,39.35,0,0,,05/13/20
0,39.7,0,0,,05/12/20
0,39.9,0,0,,05/11/20
0,40,0,0,,05/08/20
0,40.2,0,0,,05/07/20
40.15,40,40.15,40.15,,05/06/20
0,39.6,0,0,,05/05/20
39,39,39,39,,05/04/20
0,39.5,0,0,,05/01/20
0,39.85,0,0,,04/30/20
39,39,39,39,,04/29/20
0,38.45,0,0,,04/28/20
40,39.1,40,39.05,,04/27/20
0,41.1,0,0,,04/24/20
0,44.9,0,0,,04/23/20
0,45.15,0,0,,04/22/20
0,45.45,0,0,,04/21/20
0,45.55,0,0,,04/20/20
45.75,45.4,45.75,45.6,,04/17/20
0,45.5,0,0,,04/16/20
0,45.3,0,0,,04/15/20
45.75,45.75,45.75,45.75,,04/14/20
0,46.7,0,0,,04/13/20
46.85,46.8,46.85,46.85,,04/09/20
0,46.6,0,0,,04/08/20
46.5,47.05,46.5,46.5,,04/07/20
46.1,46.3,46.1,46.1,,04/06/20
46.95,46.1,46.95,46.9,,04/03/20
47.85,47.45,47.85,47.4,,04/02/20
48.1,48.1,48.1,48,,04/01/20
51,49.3,51,49.9,,03/31/20
51.8,50.75,51.8,50.75,,03/30/20
0,52.6,0,0,,03/27/20
0,47.95,0,0,,03/26/20
47.9,48.25,47.9,47.9,,03/25/20
47.7,47.65,47.85,47.7,,03/24/20
0,47.4,0,0,,03/23/20
47.4,47.5,47.45,47.4,,03/20/20
46.5,46.9,46.5,46.5,,03/19/20
0,47.8,0,0,,03/18/20
0,47.1,0,0,,03/17/20
0,46.5,0,0,,03/16/20
0,46.55,0,0,,03/13/20
46.3,45.8,46.3,46.3,,03/12/20
0,46.5,0,0,,03/11/20
0,46.4,0,0,,03/10/20
46.5,46.4,46.5,46.25,,03/09/20
47.1,47.4,47.25,47.1,,03/06/20
47.6,47.8,47.6,47.4,,03/05/20
46.75,47.3,47.2,46.75,,03/04/20
47.95,46.95,47.65,47,,03/03/20
0,46.85,0,0,,03/02/20
0,46.65,0,0,,02/28/20
0,47.9,0,0,,02/27/20
0,48,0,0,,02/26/20
0,48.15,0,0,,02/25/20
0,48,0,0,,02/24/20
0,48.3,0,0,,02/21/20
48.45,48.4,48.45,48.45,,02/20/20
0,49.3,0,0,,02/19/20
0,49.7,0,0,,02/18/20
50.4,50.55,50.4,50.4,,02/17/20
50.25,50.3,50.3,50.25,,02/14/20
49.7,49.9,50,49.7,,02/13/20
48.5,48.75,48.75,48.5,,02/12/20
0,48,0,0,,02/11/20
47.8,47.5,47.8,47.8,,02/10/20
48.65,48.2,48.65,48.15,,02/07/20
48.75,48.9,48.75,48.75,,02/06/20
49.25,49.45,50.05,49.25,,02/05/20
48,48.9,48.2,48,,02/04/20
47.8,47.7,47.8,47.4,,02/03/20
0,50.35,0,0,,01/31/20
0,50.45,0,0,,01/30/20
0,50.15,0,0,,01/29/20
50.4,50.35,50.4,50.4,,01/28/20
0,50.35,0,0,,01/27/20
0,50.25,0,0,,01/24/20
0,50.4,0,0,,01/23/20
50.35,50.25,50.35,50.35,,01/22/20
0,50.6,0,0,,01/21/20
0,49.75,0,0,,01/20/20
0,50.5,0,0,,01/17/20
51.25,51,51.25,51,,01/16/20
52,51.8,52,51.9,,01/15/20
52.5,52.2,52.5,52.5,,01/14/20
53.2,53.5,53.4,53.2,,01/13/20
52.65,52.9,53.2,52.65,,01/10/20
52.5,52.7,52.75,52.5,,01/09/20
0,52.5,0,0,,01/08/20
52.25,52.55,52.3,52.25,,01/07/20
0,52.65,0,0,,01/06/20
52.75,52.75,52.75,52.5,,01/03/20
0,52.1,0,0,,01/02/20
53.5,53,53.5,53.15,,12/31/19
52.65,52.75,52.65,52.65,,12/30/19
0,54.2,0,0,,12/27/19
0,53.2,0,0,,12/26/19
0,53.2,0,0,,12/24/19
52.75,53.4,52.75,52.75,,12/23/19
0,53.45,0,0,,12/20/19
0,53.35,0,0,,12/19/19
0,53.5,0,0,,12/18/19
0,53.5,0,0,,12/17/19
0,53.5,0,0,,12/16/19
53.7,53.6,53.7,53.7,,12/13/19
53.75,54,53.8,53.6,,12/12/19
53.5,53.5,53.5,53.5,,12/11/19
53.5,53.6,53.5,53.4,,12/10/19
53.8,54.2,53.8,53.8,,12/09/19
54.7,54.35,54.7,54.3,,12/06/19
55.7,55.2,55.7,55.2,,12/05/19
56.1,56,56.2,56.1,,12/04/19
56.75,56.4,56.75,56.4,,12/03/19
57.25,57.3,57.25,57.15,,12/02/19
0,58.65,0,0,,11/29/19
0,56.1,0,0,,11/28/19
0,55.85,0,0,,11/27/19
0,56.15,0,0,,11/26/19
0,55.9,0,0,,11/25/19
0,55.95,0,0,,11/22/19
56,56.05,56,56,,11/21/19
55.5,55.5,55.5,55.5,,11/20/19
0,55.35,0,0,,11/19/19
54.75,54.8,54.75,54.75,,11/18/19
0,55.85,0,0,,11/15/19
55.3,55.75,55.3,55.3,,11/14/19
55.3,55.3,55.3,55.3,,11/13/19
55.35,55.3,55.35,55.35,,11/12/19
55.45,55.2,55.45,55.3,,11/11/19
0,55.8,0,0,,11/08/19
56.1,56.2,56.15,56,,11/07/19
0,56.1,0,0,,11/06/19
56.9,56.9,56.9,56.9,,11/05/19
56.25,56.75,56.8,56.25,,11/04/19
0,56.95,0,0,,11/01/19
56.25,56.4,56.5,55.8,,10/31/19
57.25,56.2,57.25,56.15,,10/30/19
56.5,56.7,56.6,56.4,,10/29/19
56.4,56.4,56.4,56,,10/28/19
0,57.3,0,0,,10/25/19
0,59.9,0,0,,10/24/19
0,60.15,0,0,,10/23/19
0,60.15,0,0,,10/22/19
0,60.1,0,0,,10/21/19
0,60,0,0,,10/18/19
0,60.1,0,0,,10/17/19
0,60.25,0,0,,10/16/19
61,60.43,61,60.5,,10/15/19
60.75,60.92,60.75,60.7,,10/14/19
61,60.75,61,60.5,,10/11/19
60.7,60.7,60.7,60.7,,10/10/19
61.5,60.75,61.5,61,,10/09/19
60.25,61.3,61.2,60.25,,10/08/19
0,60.25,0,0,,10/07/19
0,59.65,0,0,,10/04/19
59.5,59.2,59.5,59.5,,10/03/19
59.8,59.4,59.8,59.8,,10/02/19
59.25,60,60,59.25,,10/01/19
59.8,60.9,60.5,59.5,,09/30/19
0,59.65,0,0,,09/27/19
0,60.9,0,0,,09/26/19
0,60.25,0,0,,09/25/19
0,61,0,0,,09/24/19
0,60.9,0,0,,09/23/19
0,61.25,0,0,,09/20/19
0,60.9,0,0,,09/19/19
0,61.05,0,0,,09/18/19
0,61.55,0,0,,09/17/19
61.75,61.75,61.75,61.75,,09/16/19
61.25,60.95,61.25,61.25,,09/13/19
0,60.75,0,0,,09/12/19
60.3,60.45,60.3,60.3,,09/11/19
60,60.65,60,60,,09/10/19
58.2,58.4,58.2,58.2,,09/09/19
57.5,57.65,57.5,57.5,,09/06/19
57.2,57.4,57.2,57.2,,09/05/19
57.1,56.75,57.35,56.8,,09/04/19
55.4,56.95,57,55.4,,09/03/19
53.95,55.3,55.4,53.75,,09/02/19
0,54.75,0,0,,08/30/19
0,54.7,0,0,,08/29/19
0,54.8,0,0,,08/28/19
0,54.95,0,0,,08/27/19
0,54.9,0,0,,08/26/19
0,54.9,0,0,,08/23/19
0,55.1,0,0,,08/22/19
0,55.35,0,0,,08/21/19
0,55.65,0,0,,08/20/19
0,55.8,0,0,,08/19/19
0,55.9,0,0,,08/16/19
0,56,0,0,,08/15/19
0,56.1,0,0,,08/14/19
0,56.4,0,0,,08/13/19
0,56.3,0,0,,08/12/19
0,56.25,0,0,,08/09/19
0,56.5,0,0,,08/08/19
56,56.15,56,56,,08/07/19
56.7,56.1,56.75,55.75,,08/06/19
57.5,57.05,57.5,57,,08/05/19
58.15,58.15,58.5,58,,08/02/19
58,58.55,58.3,58,,08/01/19
58.25,57.9,58.7,57.8,,07/31/19
57.8,57.9,58,57.6,,07/30/19
59.5,58,59.5,58,,07/29/19
0,59.7,0,0,,07/26/19
0,58.1,0,0,,07/25/19
0,58.1,0,0,,07/24/19
0,58.1,0,0,,07/23/19
58.15,58.1,58.15,58.15,,07/22/19
0,58,0,0,,07/19/19
0,57.65,0,0,,07/18/19
0,57.8,0,0,,07/17/19
0,57.3,0,0,,07/16/19
0,57.75,0,0,,07/15/19
58.1,57.85,58.1,57.6,,07/12/19
0,58.5,0,0,,07/11/19
56.25,58.1,58.5,56.25,,07/10/19
56.3,56.4,56.6,56.3,,07/09/19
57,57.05,57.55,56.6,,07/08/19
55,56.3,56.2,55,,07/05/19
52.9,55.3,54,52.9,,07/04/19
52,52.8,52.75,52,,07/03/19
51.6,51.45,51.85,51.25,,07/02/19
50.75,50.55,50.9,50.4,,07/01/19
0,49.6,0,0,,06/28/19
0,48.9,0,0,,06/27/19
0,48.9,0,0,,06/26/19
0,48.95,0,0,,06/25/19
0,48.95,0,0,,06/24/19
0,49,0,0,,06/21/19
0,48.95,0,0,,06/20/19
0,48.7,0,0,,06/19/19
0,48.65,0,0,,06/18/19
50,49.35,50,49,,06/17/19
0,50,0,0,,06/14/19
0,50.25,0,0,,06/13/19
0,50.5,0,0,,06/12/19
51.75,51.05,51.75,51,,06/11/19
53,53,53,53,,06/10/19
52,52.35,52.4,52,,06/07/19
51,51.85,51.1,51,,06/06/19
52,51.6,52,51.6,,06/05/19
51.95,52.3,51.95,51.45,,06/04/19
51.75,51.55,51.9,51.4,,06/03/19
0,52.9,0,0,,05/31/19
0,56.8,0,0,,05/30/19
0,56.9,0,0,,05/29/19
0,57.05,0,0,,05/28/19
0,57.5,0,0,,05/27/19
57.75,57.5,57.75,57.75,,05/24/19
57.75,57.8,57.75,57.75,,05/23/19
58,58,58,57.9,,05/22/19
0,58.2,0,0,,05/21/19
0,58.3,0,0,,05/20/19
58.35,58.4,58.35,58.35,,05/17/19
0,58.5,0,0,,05/16/19
58.6,58.95,58.6,58.6,,05/15/19
59.25,59.25,59.25,59.25,,05/14/19
58.75,58.7,58.75,58.5,,05/13/19
59,59.15,59,59,,05/10/19
59.65,59.35,59.65,59.3,,05/09/19
60.25,60.45,60.4,60,,05/08/19
60,59.6,60,60,,05/07/19
0,60.5,0,0,,05/06/19
0,60.9,0,0,,05/03/19
59,59.15,59,59,,05/02/19
58.75,58.35,59,57.9,,05/01/19
58.5,59.05,59.2,58.25,,04/30/19
59.5,58.85,59.55,58.9,,04/29/19
0,59.4,0,0,,04/26/19
0,59.35,0,0,,04/25/19
0,59.35,0,0,,04/24/19
0,59.65,0,0,,04/23/19
0,59.4,0,0,,04/22/19
0,59.4,0,0,,04/18/19
0,59.6,0,0,,04/17/19
0,59.6,0,0,,04/16/19
59.4,59.4,59.4,59.4,,04/15/19
0,60.15,0,0,,04/12/19
0,59.8,0,0,,04/11/19
60,59.8,60,59,,04/10/19
0,59.05,0,0,,04/09/19
0,58.7,0,0,,04/08/19
0,56.25,0,0,,04/05/19
55,56.05,55.25,55,,04/04/19
56,54.8,56,54,,04/03/19
56,56.4,56.75,56,,04/02/19
61,58.75,61,58.5,,04/01/19
0,61.95,0,0,,03/29/19
0,70.45,0,0,,03/28/19
0,70.6,0,0,,03/27/19
0,70.7,0,0,,03/26/19
0,70.7,0,0,,03/25/19
0,70.85,0,0,,03/22/19
0,70.95,0,0,,03/21/19
71.1,71.2,71.1,70.95,,03/20/19
0,71.25,0,0,,03/19/19
71.15,71.45,71.5,71.15,,03/18/19
0,71.4,0,0,,03/15/19
0,71.95,0,0,,03/14/19
71.5,71.8,71.5,71.5,,03/13/19
0,72.65,0,0,,03/12/19
72.75,72.3,72.75,72.55,,03/11/19
72.8,72.35,72.8,72.35,,03/08/19
73,73.15,73.15,73,,03/07/19
74.5,73.45,74.5,73.5,,03/06/19
0,74.5,0,0,,03/05/19
75.1,75.1,75.1,75.1,,03/04/19
74.9,74.6,74.9,74.75,,03/01/19
0,75.05,0,0,,02/28/19
74.5,75.05,75.1,74.4,,02/27/19
75,74.05,75,74,,02/26/19
72.75,73.25,73.25,72.75,,02/25/19
0,73.05,0,0,,02/22/19
0,74.25,0,0,,02/21/19
0,74.35,0,0,,02/20/19
74,74.05,74,74,,02/19/19
0,74.1,0,0,,02/18/19
74,74.1,74,73.9,,02/15/19
73.9,73.75,74,73.8,,02/14/19
73.6,74.1,73.9,73.6,,02/13/19
73.3,73.15,73.3,73.1,,02/12/19
73.7,73.6,73.7,73.55,,02/11/19
0,74.1,0,0,,02/08/19
75.45,75.2,75.45,75.45,,02/07/19
75.6,76.05,75.6,75.6,,02/06/19
75.85,75.7,76.6,75.5,,02/05/19
76,76.3,76.1,75.6,,02/04/19
78.75,77.75,78.75,77.75,,02/01/19
78.9,79.05,79.35,78.5,,01/31/19
80,79.85,80,79.75,,01/30/19
78.6,79.75,79.2,78.3,,01/29/19
79.85,79,79.85,78.8,,01/28/19
0,79.75,0,0,,01/25/19
0,81.85,0,0,,01/24/19
0,81.95,0,0,,01/23/19
0,82,0,0,,01/22/19
0,82.3,0,0,,01/21/19
83.35,83.2,83.35,83.35,,01/18/19
0,83.4,0,0,,01/17/19
82.5,82.95,83.05,82.5,,01/16/19
82.25,82.5,82.4,82.25,,01/15/19
82,82,82.05,82,,01/14/19
82.5,82.55,82.5,82.5,,01/11/19
82,82.15,82,82,,01/10/19
82.1,82.05,82.1,82.1,,01/09/19
0,82.05,0,0,,01/08/19
83,81.5,83,81.9,,01/07/19
83.35,83.45,83.5,83.35,,01/04/19
84,83.75,84,83.5,,01/03/19
0,85.45,0,0,,01/02/19
0,86.7,0,0,,12/31/18
0,86.05,0,0,,12/28/18
0,87.25,0,0,,12/27/18
0,87.5,0,0,,12/26/18
0,88,0,0,,12/24/18
0,88,0,0,,12/21/18
0,88.55,0,0,,12/20/18
0,88.25,0,0,,12/19/18
0,88.4,0,0,,12/18/18
0,88.6,0,0,,12/17/18
88,88.5,88.4,88,,12/14/18
87.75,87.9,87.85,87.7,,12/13/18
87.5,87.7,87.75,87.5,,12/12/18
87.1,86.95,87.1,86.7,,12/11/18
86.25,86.55,86.45,86.25,,12/10/18
86,86.55,86,86,,12/07/18
86,86.4,86.25,86,,12/06/18
85.25,86.05,85.5,85.25,,12/05/18
85,85.8,85.75,85,,12/04/18
86.5,86,86.85,86.2,,12/03/18
0,86.2,0,0,,11/30/18
0,88.6,0,0,,11/29/18
0,88.6,0,0,,11/28/18
0,88.6,0,0,,11/27/18
0,88.55,0,0,,11/26/18
0,88.25,0,0,,11/23/18
0,88.6,0,0,,11/22/18
0,87.8,0,0,,11/21/18
0,88.05,0,0,,11/20/18
88.55,88.75,88.75,88.55,,11/19/18
89.75,89.1,89.75,89.75,,11/16/18
89.75,89.95,89.75,89.25,,11/15/18
90,90.5,90,90,,11/14/18
0,91.45,0,0,,11/13/18
0,92.8,0,0,,11/12/18
0,91.7,0,0,,11/09/18
94,92.3,94,93,,11/08/18
93.5,94,93.5,93.5,,11/07/18
93.5,93.25,93.5,93.15,,11/06/18
95.5,94.7,95.5,95,,11/05/18
96.25,96.1,96.25,96,,11/02/18
96.2,95.35,96.2,95,,11/01/18
0,97.55,0,0,,10/31/18
99.65,98.7,99.7,98.25,,10/30/18
99.5,99.2,99.5,99.5,,10/29/18
0,98.85,0,0,,10/26/18
0,100.4,0,0,,10/25/18
0,100.35,0,0,,10/24/18
0,100.4,0,0,,10/23/18
0,100.35,0,0,,10/22/18
0,100.5,0,0,,10/19/18
0,99.7,0,0,,10/18/18
0,99.3,0,0,,10/17/18
99,99.05,99,99,,10/16/18
0,99.1,0,0,,10/15/18
0,99.1,0,0,,10/12/18
99,99.1,99,99,,10/11/18
0,99.9,0,0,,10/10/18
0,100.8,0,0,,10/09/18
0,101.3,0,0,,10/08/18
0,101.35,0,0,,10/05/18
0,100.8,0,0,,10/04/18
0,101.65,0,0,,10/03/18
102.25,101.2,103,102.25,,10/02/18
101,101.8,101.4,101,,10/01/18
100.35,100.95,100.35,100.35,,09/28/18
100.2,100.35,100.3,100.2,,09/27/18
0,100.3,0,0,,09/26/18
0,100.3,0,0,,09/25/18
0,100.35,0,0,,09/24/18
0,100.3,0,0,,09/21/18
0,99.65,0,0,,09/20/18
99.4,100.3,100,99.4,,09/19/18
98.2,98.65,98.9,98.2,,09/18/18
99.3,99.35,99.3,99.3,,09/17/18
0,99.5,0,0,,09/14/18
0,100.4,0,0,,09/13/18
0,100.5,0,0,,09/12/18
0,100.95,0,0,,09/11/18
99.6,100.25,100.4,99.6,,09/10/18
101,99.75,101,100.9,,09/07/18
101,101,101,101,,09/06/18
100.4,101.45,101,100.4,,09/05/18
100.5,100.75,100.75,100.4,,09/04/18
98.6,99.3,99.4,98.6,,09/03/18
0,98.8,0,0,,08/31/18
0,97.9,0,0,,08/30/18
0,97.9,0,0,,08/29/18
0,97.6,0,0,,08/28/18
0,98,0,0,,08/27/18
0,97,0,0,,08/24/18
97.1,96.95,97.1,96.85,,08/23/18
96.8,96.9,96.8,96.8,,08/22/18
98,97.5,98,97.5,,08/21/18
98.5,98.2,98.5,98,,08/20/18
0,98.2,0,0,,08/17/18
0,97.85,0,0,,08/16/18
0,97.6,0,0,,08/15/18
0,98.2,0,0,,08/14/18
97.3,97.6,97.75,97.3,,08/13/18
96.5,96.85,97,96.5,,08/10/18
96.45,96.45,96.6,96.45,,08/09/18
97.5,96.4,97.5,96.75,,08/08/18
96.5,96.75,96.75,96.5,,08/07/18
95,96.05,96,95,,08/06/18
94.5,94.45,94.65,94,,08/03/18
94.5,94.75,94.65,94.5,,08/02/18
95,95.15,95.2,94.95,,08/01/18
94.7,95.1,95.1,94.65,,07/31/18
94.9,94.8,94.9,94.75,,07/30/18
0,94.7,0,0,,07/27/18
0,101,0,0,,07/26/18
0,100.95,0,0,,07/25/18
0,100.9,0,0,,07/24/18
0,100.75,0,0,,07/23/18
0,100.15,0,0,,07/20/18
0,100.95,0,0,,07/19/18
0,101.85,0,0,,07/18/18
0,100.8,0,0,,07/17/18
0,100.7,0,0,,07/16/18
0,101.4,0,0,,07/13/18
102,101.55,102,101.75,,07/12/18
0,102.6,0,0,,07/11/18
102.3,102.2,102.5,102.25,,07/10/18
101.5,101.95,101.5,101.5,,07/09/18
100.15,100.2,100.15,100.15,,07/06/18
99.5,100.4,100.75,99.5,,07/05/18
0,99.75,0,0,,07/04/18
99.25,99.4,99.25,99.25,,07/03/18
98.15,98.75,99.5,98.15,,07/02/18
0,98.15,0,0,,06/29/18
0,96,0,0,,06/28/18
0,96,0,0,,06/27/18
0,96.05,0,0,,06/26/18
0,96.1,0,0,,06/25/18
0,96,0,0,,06/22/18
96,96,96,96,,06/21/18
0,96.6,0,0,,06/20/18
97,97,97,97,,06/19/18
0,96.8,0,0,,06/18/18
0,96.5,0,0,,06/15/18
0,96.75,0,0,,06/14/18
96.8,96.8,96.85,96.8,,06/13/18
96.5,96.85,96.75,96.5,,06/12/18
95.65,96.15,96,95.65,,06/11/18
0,95.5,0,0,,06/08/18
0,95.4,0,0,,06/07/18
95,94.8,95,95,,06/06/18
96.3,94.9,96.3,96.1,,06/05/18
96,95.75,96.5,96,,06/04/18
95.25,95.3,95.4,95,,06/01/18
96.35,95,96.35,95.7,,05/31/18
94.5,95.75,96.35,94.5,,05/30/18
93.05,94.2,94.1,93.05,,05/29/18
0,92.6,0,0,,05/28/18
0,91.6,0,0,,05/25/18
0,89.75,0,0,,05/24/18
0,89.45,0,0,,05/23/18
0,89.65,0,0,,05/22/18
0,89.6,0,0,,05/21/18
0,89.6,0,0,,05/18/18
0,90.2,0,0,,05/17/18
0,89.7,0,0,,05/16/18
0,89.5,0,0,,05/15/18
0,89.65,0,0,,05/14/18
0,88.45,0,0,,05/11/18
88,88.1,88,88,,05/10/18
0,87.1,0,0,,05/09/18
86.75,86.75,86.75,86.75,,05/08/18
0,85.25,0,0,,05/07/18
85.4,85.25,85.4,85.4,,05/04/18
85.1,85.2,85.1,85.1,,05/03/18
85,85.1,85,84.9,,05/02/18
0,85.3,0,0,,05/01/18
85.25,85.2,85.25,85.25,,04/30/18
0,84.6,0,0,,04/27/18
0,81.7,0,0,,04/26/18
0,81.8,0,0,,04/25/18
0,81.8,0,0,,04/24/18
0,81.95,0,0,,04/23/18
0,81.8,0,0,,04/20/18
0,81.8,0,0,,04/19/18
0,81.3,0,0,,04/18/18
82,81.15,82,81,,04/17/18
0,81.85,0,0,,04/16/18
0,81.8,0,0,,04/13/18
0,81.95,0,0,,04/12/18
0,82.25,0,0,,04/11/18
0,82.15,0,0,,04/10/18
82,82.1,82,82,,04/09/18
0,81.2,0,0,,04/06/18
0,80.55,0,0,,04/05/18
0,79.9,0,0,,04/04/18
78.75,80.7,80,78.75,,04/03/18
0,79,0,0,,03/29/18
0,79.4,0,0,,03/28/18
79.7,79.35,79.7,79.7,,03/27/18
0,79.45,0,0,,03/26/18
0,79.55,0,0,,03/23/18
0,80.2,0,0,,03/22/18
80.5,80.4,80.5,80.5,,03/21/18
0,80.5,0,0,,03/20/18
79.5,79.5,79.5,79.5,,03/19/18
0,80,0,0,,03/16/18
80.75,80.95,80.75,80.75,,03/15/18
81.2,81.05,81.2,80.7,,03/14/18
0,81.35,0,0,,03/13/18
0,80.95,0,0,,03/12/18
81.25,81.3,81.25,81.25,,03/09/18
81.75,81.1,81.75,81.1,,03/08/18
81,81.5,81.5,81,,03/07/18
0,81.1,0,0,,03/06/18
80.5,81.1,81.25,80.5,,03/05/18
78,78.95,79.1,77.9,,03/02/18
80,79.2,80,79.5,,03/01/18
82.1,81.55,82.1,81,,02/28/18
81.6,82.05,82.25,81.6,,02/27/18
86.4,83.55,86.4,83.5,,02/26/18
0,87,0,0,,02/23/18
0,86,0,0,,02/22/18
0,85.6,0,0,,02/21/18
0,85.65,0,0,,02/20/18
0,85.2,0,0,,02/19/18
0,85.15,0,0,,02/16/18
0,84.9,0,0,,02/15/18
0,85.05,0,0,,02/14/18
0,84.45,0,0,,02/13/18
0,82.45,0,0,,02/12/18
0,82.25,0,0,,02/09/18
0,83.65,0,0,,02/08/18
85.7,85.65,85.7,85.7,,02/07/18
86.55,85.5,86.55,86.55,,02/06/18
0,87.25,0,0,,02/05/18
0,88.4,0,0,,02/02/18
88.5,87.75,88.5,88.25,,02/01/18
90.4,89.6,90.4,89.9,,01/31/18
0,90.85,0,0,,01/30/18
92.5,91.2,92.5,92.5,,01/29/18
0,92.4,0,0,,01/26/18
0,95.2,0,0,,01/25/18
0,95.15,0,0,,01/24/18
0,95.25,0,0,,01/23/18
0,95.25,0,0,,01/22/18
0,95.2,0,0,,01/19/18
0,95,0,0,,01/18/18
0,95.2,0,0,,01/17/18
0,95.35,0,0,,01/16/18
95.5,95.5,95.5,95.5,,01/15/18
95.7,95.55,95.7,95.7,,01/12/18
0,95.4,0,0,,01/11/18
0,95.65,0,0,,01/10/18
0,96.1,0,0,,01/09/18
96.7,96.45,96.7,96.6,,01/08/18
96.25,96.25,96.25,96.25,,01/05/18
96,96.15,96,96,,01/04/18
97.5,96.45,97.5,97.5,,01/03/18
0,96.65,0,0,,01/02/18
0,94.8,0,0,,12/29/17
0,94.8,0,0,,12/28/17
0,94.8,0,0,,12/27/17
0,94.8,0,0,,12/26/17
0,94.8,0,0,,12/22/17
0,94.8,0,0,,12/21/17
0,94.85,0,0,,12/20/17
0,94.85,0,0,,12/19/17
0,95.1,0,0,,12/18/17
0,95.15,0,0,,12/15/17
0,95.1,0,0,,12/14/17
0,95,0,0,,12/13/17
95.4,95.3,95.65,95.25,,12/12/17
94.5,94.7,94.5,94.5,,12/11/17
93.85,94.4,94,93.85,,12/08/17
0,93.7,0,0,,12/07/17
93.25,93.9,93.25,93.25,,12/06/17
93.75,93.35,93.75,93.75,,12/05/17
93.4,93.55,93.4,93.4,,12/04/17
0,92.7,0,0,,12/01/17
93,92.7,93,92.65,,11/30/17
92.9,93,93,92.9,,11/29/17
91.9,92.05,92,91.9,,11/28/17
91.75,91.85,91.75,91.75,,11/27/17
0,92.15,0,0,,11/24/17
0,94.1,0,0,,11/23/17
0,93.9,0,0,,11/22/17
0,93.8,0,0,,11/21/17
0,94.05,0,0,,11/20/17
0,93.8,0,0,,11/17/17
0,93.95,0,0,,11/16/17
0,93.85,0,0,,11/15/17
0,94.25,0,0,,11/14/17
0,94.75,0,0,,11/13/17
0,95.35,0,0,,11/10/17
0,94.7,0,0,,11/09/17
94.75,94.95,94.75,94.25,,11/08/17
0,94.8,0,0,,11/07/17
95,94.75,95,95,,11/06/17
0,94,0,0,,11/03/17
0,95.05,0,0,,11/02/17
0,95.25,0,0,,11/01/17
93.5,94.8,94.25,93.5,,10/31/17
92.75,93.05,93,92.75,,10/30/17
0,92.5,0,0,,10/27/17
0,92.15,0,0,,10/26/17
0,91.95,0,0,,10/25/17
0,92.35,0,0,,10/24/17
0,91.8,0,0,,10/23/17
92,91.95,92,92,,10/20/17
0,91.85,0,0,,10/19/17
92.5,92.5,92.5,92.5,,10/18/17
92,92.3,92,92,,10/17/17
92,92.05,92,92,,10/16/17
0,91.2,0,0,,10/13/17
91,91.4,91.25,91,,10/12/17
90.6,90.55,90.7,90,,10/11/17
90.85,90.85,90.85,90.85,,10/10/17
90.25,90.8,90.25,90.25,,10/09/17
91,90.8,91,90.95,,10/06/17
0,92.25,0,0,,10/05/17
92.85,92.5,92.9,92.85,,10/04/17
0,91.8,0,0,,10/03/17
0,90.65,0,0,,10/02/17
0,88.4,0,0,,09/29/17
0,91.45,0,0,,09/28/17
0,91.5,0,0,,09/27/17
0,91.75,0,0,,09/26/17
0,92.75,0,0,,09/25/17
0,91.75,0,0,,09/22/17
0,91.6,0,0,,09/21/17
0,92.25,0,0,,09/20/17
0,92.35,0,0,,09/19/17
0,91.65,0,0,,09/18/17
0,91.7,0,0,,09/15/17
0,91.8,0,0,,09/14/17
0,91.25,0,0,,09/13/17
0,90,0,0,,09/12/17
0,90.15,0,0,,09/11/17
0,89.8,0,0,,09/08/17
0,89.15,0,0,,09/07/17
0,89.15,0,0,,09/06/17
0,89.15,0,0,,09/05/17
88.2,88.6,88.35,88.2,,09/04/17
87.8,88.05,88.4,87.8,,09/01/17
88.25,87.65,88.25,88,,08/31/17
89,89.1,89,89,,08/30/17
89.9,89.55,89.9,89.25,,08/29/17
0,89,0,0,,08/28/17
0,88.5,0,0,,08/25/17
0,85.15,0,0,,08/24/17
0,85.4,0,0,,08/23/17
0,85.25,0,0,,08/22/17
0,85.2,0,0,,08/21/17
0,86.25,0,0,,08/18/17
0,86.1,0,0,,08/17/17
0,85.35,0,0,,08/16/17
0,84.75,0,0,,08/15/17
0,85.4,0,0,,08/14/17
0,85.1,0,0,,08/11/17
0,84.4,0,0,,08/10/17
84.05,84.1,84.05,84.05,,08/09/17
83.65,83.5,83.65,83.55,,08/08/17
0,84,0,0,,08/07/17
0,83.6,0,0,,08/04/17
82.2,82.8,82.6,82.2,,08/03/17
82,82.1,82,82,,08/02/17
82.95,82.25,82.95,82.95,,08/01/17
0,83.25,0,0,,07/31/17
0,82.4,0,0,,07/28/17
0,83.5,0,0,,07/27/17
0,83.5,0,0,,07/26/17
0,83.55,0,0,,07/25/17
0,83.45,0,0,,07/24/17
0,83.6,0,0,,07/21/17
0,83.4,0,0,,07/20/17
0,83,0,0,,07/19/17
0,83.4,0,0,,07/18/17
0,83.5,0,0,,07/17/17
0,83.3,0,0,,07/14/17
84.15,83.15,84.15,83.25,,07/13/17
84.5,84.3,84.5,84.5,,07/12/17
0,84.65,0,0,,07/11/17
84.9,84.65,84.9,84.9,,07/10/17
0,85.45,0,0,,07/07/17
84.4,85.5,85.5,84.4,,07/06/17
0,84.05,0,0,,07/05/17
0,81.75,0,0,,07/04/17
0,80.7,0,0,,07/03/17
0,79.45,0,0,,06/30/17
0,79,0,0,,06/29/17
0,79.05,0,0,,06/28/17
0,79.1,0,0,,06/27/17
0,78.9,0,0,,06/26/17
0,78.85,0,0,,06/23/17
0,78.9,0,0,,06/22/17
0,79.05,0,0,,06/21/17
0,79.05,0,0,,06/20/17
0,79.15,0,0,,06/19/17
0,78.55,0,0,,06/16/17
0,78.3,0,0,,06/15/17
0,78.15,0,0,,06/14/17
0,78.75,0,0,,06/13/17
0,78.65,0,0,,06/12/17
78.5,78.55,78.75,78.5,,06/09/17
78.25,78.5,78.25,78.25,,06/08/17
78,77.85,78.25,78,,06/07/17
78,77.4,78.15,77.45,,06/06/17
77.75,77.85,77.75,77.75,,06/05/17
0,77.5,0,0,,06/02/17
76.8,77.3,77.1,76.7,,06/01/17
77,76.55,77,77,,05/31/17
0,77.75,0,0,,05/30/17
0,76.2,0,0,,05/29/17
0,76.2,0,0,,05/26/17
0,74.2,0,0,,05/25/17
0,74.25,0,0,,05/24/17
0,74.25,0,0,,05/23/17
0,74.95,0,0,,05/22/17
0,74.2,0,0,,05/19/17
0,74.1,0,0,,05/18/17
0,73.55,0,0,,05/17/17
0,73.25,0,0,,05/16/17
72.75,72.75,72.75,72.75,,05/15/17
0,72.7,0,0,,05/12/17
0,72.65,0,0,,05/11/17
0,73.1,0,0,,05/10/17
0,72.8,0,0,,05/09/17
0,72.7,0,0,,05/08/17
73.25,73.5,73.25,73.25,,05/05/17
0,73.55,0,0,,05/04/17
74,74.15,74,74,,05/03/17
74.1,74.3,74.2,74.1,,05/02/17
0,74.3,0,0,,05/01/17
0,74.3,0,0,,04/28/17
0,75.9,0,0,,04/27/17
0,75.35,0,0,,04/26/17
75.4,75.25,75.4,75.35,,04/25/17
75.45,75.25,75.45,75.45,,04/24/17
0,75.45,0,0,,04/21/17
0,75.55,0,0,,04/20/17
0,75.3,0,0,,04/19/17
0,75.65,0,0,,04/18/17
0,75.45,0,0,,04/17/17
0,75.45,0,0,,04/13/17
0,74.9,0,0,,04/12/17
75.1,75.1,75.1,75.1,,04/11/17
76.05,75.5,76.05,75.5,,04/10/17
0,76.65,0,0,,04/07/17
0,77.8,0,0,,04/06/17
77.1,77.25,77.1,77.1,,04/05/17
77.1,76.15,77.9,77.1,,04/04/17
0,76.8,0,0,,04/03/17
0,72.65,0,0,,03/31/17
0,73.7,0,0,,03/30/17
0,73.7,0,0,,03/29/17
0,73.7,0,0,,03/28/17
0,73.55,0,0,,03/27/17
74,73.45,74,74,,03/24/17
0,73.8,0,0,,03/23/17
0,73.65,0,0,,03/22/17
0,73.8,0,0,,03/21/17
0,74.15,0,0,,03/20/17
0,74.85,0,0,,03/17/17
0,74.7,0,0,,03/16/17
0,75.15,0,0,,03/15/17
0,75.25,0,0,,03/14/17
0,75.85,0,0,,03/13/17
75.6,75.35,75.6,75.3,,03/10/17
0,74.7,0,0,,03/09/17
0,76.1,0,0,,03/08/17
0,75.8,0,0,,03/07/17
0,76.8,0,0,,03/06/17
77.55,76.9,77.55,77,,03/03/17
78,77.95,78,77.85,,03/02/17
78.1,78.8,78.65,78.1,,03/01/17
78.1,77.9,78.15,77.9,,02/28/17
79.05,78.65,79.05,78.4,,02/27/17
0,79.85,0,0,,02/24/17
0,82.1,0,0,,02/23/17
0,82.1,0,0,,02/22/17
0,82.2,0,0,,02/21/17
0,82.2,0,0,,02/20/17
0,81.8,0,0,,02/17/17
0,81.75,0,0,,02/16/17
0,81.5,0,0,,02/15/17
80.25,80.5,80.75,80.25,,02/14/17
80.45,80.5,80.45,80.45,,02/13/17
81.05,81.2,81.1,81,,02/10/17
0,82.8,0,0,,02/09/17
83.75,83.1,83.75,83.7,,02/08/17
0,84.1,0,0,,02/07/17
84.15,84.3,84.3,84.15,,02/06/17
0,84.55,0,0,,02/03/17
85.25,85.1,85.3,85.25,,02/02/17
85.7,84.65,85.7,85.5,,02/01/17
83.75,85.3,83.75,83.75,,01/31/17
82,82.3,82.5,82,,01/30/17
88.6,80.85,88.6,88.5,,01/27/17
0,88.5,0,0,,01/26/17
0,88.85,0,0,,01/25/17
0,89.2,0,0,,01/24/17
90,89.3,90,89.6,,01/23/17
0,89.2,0,0,,01/20/17
0,88.55,0,0,,01/19/17
0,89.95,0,0,,01/18/17
0,89.8,0,0,,01/17/17
0,88.05,0,0,,01/16/17
0,88.2,0,0,,01/13/17
88.6,88.6,88.6,88.5,,01/12/17
88.75,88.7,88.75,88.75,,01/11/17
0,86.4,0,0,,01/10/17
0,84.05,0,0,,01/09/17
0,84.75,0,0,,01/06/17
0,85.75,0,0,,01/05/17
83.25,84.2,83.75,83.25,,01/04/17
84,82.5,84,82.5,,01/03/17
0,90.2,0,0,,12/30/16
0,90.6,0,0,,12/29/16
0,90.6,0,0,,12/28/16
0,90.05,0,0,,12/27/16
0,90.05,0,0,,12/23/16
0,90,0,0,,12/22/16
0,90.25,0,0,,12/21/16
0,90,0,0,,12/20/16
89,89.05,89,89,,12/19/16
0,89.4,0,0,,12/16/16
0,90.1,0,0,,12/15/16
0,88.9,0,0,,12/14/16
0,87.55,0,0,,12/13/16
86.2,86.5,86.2,86.2,,12/12/16
0,83.95,0,0,,12/09/16
0,82.6,0,0,,12/08/16
80.5,80.65,80.5,80,,12/07/16
0,79.25,0,0,,12/06/16
0,83.1,0,0,,12/05/16
84.15,84.1,84.15,84.15,,12/02/16
0,85.15,0,0,,12/01/16
0,85.6,0,0,,11/30/16
0,84.75,0,0,,11/29/16
0,84.35,0,0,,11/28/16
0,82.4,0,0,,11/25/16
0,86.65,0,0,,11/24/16
0,85.05,0,0,,11/23/16
0,87.15,0,0,,11/22/16
0,86.8,0,0,,11/21/16
0,86.35,0,0,,11/18/16
86.5,86.5,86.5,86.5,,11/17/16
87,86.5,87,86.5,,11/16/16
0,88.2,0,0,,11/15/16
0,87.95,0,0,,11/14/16
0,89.4,0,0,,11/11/16
0,88.9,0,0,,11/10/16
0,89.55,0,0,,11/09/16
87,87.1,87,87,,11/08/16
88,87.75,88,88,,11/07/16
0,87.05,0,0,,11/04/16
85.6,85.5,86,85.6,,11/03/16
85,84.6,85.75,85,,11/02/16
86.3,85.9,86.3,86,,11/01/16
0,84.35,0,0,,10/31/16
0,82.35,0,0,,10/28/16
0,79.45,0,0,,10/27/16
0,79.5,0,0,,10/26/16
0,79.25,0,0,,10/25/16
0,79.25,0,0,,10/24/16
0,79.15,0,0,,10/21/16
0,78.5,0,0,,10/20/16
79.8,78.25,79.8,79.5,,10/19/16
0,80.1,0,0,,10/18/16
0,77.45,0,0,,10/17/16
0,75.75,0,0,,10/14/16
75.6,75,75.6,75.6,,10/13/16
74.4,74.9,75,74.4,,10/12/16
74.25,74.3,74.45,74.2,,10/11/16
0,75.65,0,0,,10/10/16
77,76.75,77,77,,10/07/16
0,77.2,0,0,,10/06/16
0,75.7,0,0,,10/05/16
0,75.6,0,0,,10/04/16
73.1,74.75,73.5,73.1,,10/03/16
0,70.75,0,0,,09/30/16
0,62.85,0,0,,09/29/16
0,62.8,0,0,,09/28/16
0,62.25,0,0,,09/27/16
0,62.55,0,0,,09/26/16
0,62.6,0,0,,09/23/16
0,62.1,0,0,,09/22/16
0,62.25,0,0,,09/21/16
0,61.5,0,0,,09/20/16
0,61.5,0,0,,09/19/16
0,61.1,0,0,,09/16/16
0,61.1,0,0,,09/15/16
0,60.5,0,0,,09/14/16
0,60.8,0,0,,09/13/16
0,60.35,0,0,,09/12/16
0,60.1,0,0,,09/09/16
0,59.85,0,0,,09/08/16
60.7,60.5,60.7,60.7,,09/07/16
0,61.75,0,0,,09/06/16
0,61.55,0,0,,09/05/16
0,61.9,0,0,,09/02/16
0,61.25,0,0,,09/01/16
0,61.3,0,0,,08/31/16
0,61.2,0,0,,08/30/16
0,59.75,0,0,,08/29/16
0,59.75,0,0,,08/26/16
0,60.2,0,0,,08/25/16
0,59.9,0,0,,08/24/16
0,60.05,0,0,,08/23/16
0,60.35,0,0,,08/22/16
0,60.1,0,0,,08/19/16
0,60.5,0,0,,08/18/16
0,61.05,0,0,,08/17/16
0,61.05,0,0,,08/16/16
0,61,0,0,,08/15/16
0,61.45,0,0,,08/12/16
60.3,61,60.3,60.3,,08/11/16
0,59.7,0,0,,08/10/16
0,60.8,0,0,,08/09/16
0,60.15,0,0,,08/08/16
58.75,57.75,58.75,58.35,,08/05/16
60.4,59.15,60.4,60.25,,08/04/16
61.2,61.1,61.2,61.1,,08/03/16
0,61.6,0,0,,08/02/16
0,61.75,0,0,,08/01/16
0,61.6,0,0,,07/29/16
0,57.15,0,0,,07/28/16
0,57.2,0,0,,07/27/16
0,57.1,0,0,,07/26/16
0,57,0,0,,07/25/16
0,56.7,0,0,,07/22/16
0,56.95,0,0,,07/21/16
0,56.95,0,0,,07/20/16
0,57.15,0,0,,07/19/16
0,57.6,0,0,,07/18/16
0,57.95,0,0,,07/15/16
0,58.1,0,0,,07/14/16
0,58.2,0,0,,07/13/16
0,57.7,0,0,,07/12/16
0,56.35,0,0,,07/11/16
0,56.45,0,0,,07/08/16
0,57.1,0,0,,07/07/16
0,56.55,0,0,,07/06/16
0,56.55,0,0,,07/05/16
0,57.05,0,0,,07/04/16
0,56.4,0,0,,07/01/16
0,55,0,0,,06/30/16
0,53.75,0,0,,06/29/16
0,53.45,0,0,,06/28/16
53.15,53,53.15,53.15,,06/27/16
0,54.3,0,0,,06/24/16
0,51.3,0,0,,06/23/16
0,51.3,0,0,,06/22/16
0,51.2,0,0,,06/21/16
0,51.5,0,0,,06/20/16
51,50.9,51,51,,06/17/16
0,50.7,0,0,,06/16/16
0,50.6,0,0,,06/15/16
0,50.45,0,0,,06/14/16
0,50.4,0,0,,06/13/16
50.8,50.35,50.8,50.8,,06/10/16
50.85,50.75,50.85,50.85,,06/09/16
0,51,0,0,,06/08/16
52,51.95,52,52,,06/07/16
53,52.6,53,53,,06/06/16
51.9,51.8,51.9,51.9,,06/03/16
0,51.1,0,0,,06/02/16
0,50.75,0,0,,06/01/16
0,51.15,0,0,,05/31/16
0,50.9,0,0,,05/30/16
0,50.9,0,0,,05/27/16
0,48.2,0,0,,05/26/16
0,48.05,0,0,,05/25/16
0,47.9,0,0,,05/24/16
0,47.8,0,0,,05/23/16
48,48,48.15,48,,05/20/16
48,47.85,48,47.85,,05/19/16
47.95,48.05,47.95,47.95,,05/18/16
48.3,48.25,48.3,48.3,,05/17/16
48.2,48.2,48.2,48.2,,05/16/16
0,47.9,0,0,,05/13/16
48.1,47.9,48.1,47.95,,05/12/16
47.7,47.85,47.75,47.7,,05/11/16
0,47.35,0,0,,05/10/16
47.3,47.2,47.3,47.3,,05/09/16
47.2,47.25,47.4,47.2,,05/06/16
0,46.4,0,0,,05/05/16
0,45.8,0,0,,05/04/16
0,45.45,0,0,,05/03/16
0,45.85,0,0,,05/02/16
0,45.85,0,0,,04/29/16
0,45.75,0,0,,04/28/16
0,45.7,0,0,,04/27/16
0,45.7,0,0,,04/26/16
0,45.65,0,0,,04/25/16
0,45.65,0,0,,04/22/16
0,45.55,0,0,,04/21/16
0,45.75,0,0,,04/20/16
0,46.05,0,0,,04/19/16
0,46.05,0,0,,04/18/16
0,45.75,0,0,,04/15/16
0,45.6,0,0,,04/14/16
0,44.85,0,0,,04/13/16
0,44.85,0,0,,04/12/16
0,44.95,0,0,,04/11/16
0,44.7,0,0,,04/08/16
0,43.95,0,0,,04/07/16
0,44.45,0,0,,04/06/16
0,44.7,0,0,,04/05/16
0,44.6,0,0,,04/04/16
0,44.85,0,0,,04/01/16
0,44.95,0,0,,03/31/16
0,44.6,0,0,,03/30/16
0,44.45,0,0,,03/29/16
0,44.6,0,0,,03/28/16
0,44.6,0,0,,03/24/16
0,46.25,0,0,,03/23/16
0,46.3,0,0,,03/22/16
0,46.55,0,0,,03/21/16
0,46.6,0,0,,03/18/16
0,46.4,0,0,,03/17/16
0,45.95,0,0,,03/16/16
0,45.9,0,0,,03/15/16
0,45.9,0,0,,03/14/16
0,46.4,0,0,,03/11/16
0,46.55,0,0,,03/10/16
0,46.55,0,0,,03/09/16
0,46.3,0,0,,03/08/16
0,46.7,0,0,,03/07/16
0,46.35,0,0,,03/04/16
0,45.95,0,0,,03/03/16
0,44.7,0,0,,03/02/16
0,44.75,0,0,,03/01/16
0,44.3,0,0,,02/29/16
0,44.55,0,0,,02/26/16
0,43.8,0,0,,02/25/16
0,43.85,0,0,,02/24/16
0,44,0,0,,02/23/16
0,43.6,0,0,,02/22/16
0,43.5,0,0,,02/19/16
0,43.4,0,0,,02/18/16
0,43.55,0,0,,02/17/16
0,43.45,0,0,,02/16/16
0,43.5,0,0,,02/15/16
0,43.55,0,0,,02/12/16
0,43.6,0,0,,02/11/16
0,43.6,0,0,,02/10/16
0,43.7,0,0,,02/09/16
0,44.15,0,0,,02/08/16
0,44.15,0,0,,02/05/16
0,44.5,0,0,,02/04/16
0,45.2,0,0,,02/03/16
0,45.05,0,0,,02/02/16
0,44.3,0,0,,02/01/16
0,44.75,0,0,,01/29/16
0,45.75,0,0,,01/28/16
0,45.7,0,0,,01/27/16
0,45.7,0,0,,01/26/16
0,45.7,0,0,,01/25/16
0,45.85,0,0,,01/22/16
0,45.8,0,0,,01/21/16
0,45.45,0,0,,01/20/16
0,45.45,0,0,,01/19/16
0,45.3,0,0,,01/18/16
0,45.35,0,0,,01/15/16
0,45.7,0,0,,01/14/16
0,45.85,0,0,,01/13/16
0,46.2,0,0,,01/12/16
0,46.7,0,0,,01/11/16
0,47.15,0,0,,01/08/16
0,48.5,0,0,,01/07/16
0,48.45,0,0,,01/06/16
0,47.75,0,0,,01/05/16
0,47.7,0,0,,01/04/16
0,47.45,0,0,,12/31/15
0,47.4,0,0,,12/30/15
0,47.4,0,0,,12/29/15
0,47,0,0,,12/28/15
0,47,0,0,,12/24/15
0,47.8,0,0,,12/23/15
0,47.6,0,0,,12/22/15
0,47.6,0,0,,12/21/15
0,47.8,0,0,,12/18/15
0,47.75,0,0,,12/17/15
0,47.75,0,0,,12/16/15
0,47.7,0,0,,12/15/15
0,47.65,0,0,,12/14/15
0,47.35,0,0,,12/11/15
0,47.4,0,0,,12/10/15
0,47.45,0,0,,12/09/15
0,47.4,0,0,,12/08/15
0,47.75,0,0,,12/07/15
0,48.55,0,0,,12/04/15
0,48.95,0,0,,12/03/15
0,49.1,0,0,,12/02/15
0,49.7,0,0,,12/01/15
0,49.95,0,0,,11/30/15
0,50.3,0,0,,11/27/15
0,53.85,0,0,,11/26/15
0,53.95,0,0,,11/25/15
0,53.95,0,0,,11/24/15
0,54,0,0,,11/23/15
0,54.35,0,0,,11/20/15
0,54.55,0,0,,11/19/15
0,54.6,0,0,,11/18/15
0,54.45,0,0,,11/17/15
0,53.95,0,0,,11/16/15
0,53.45,0,0,,11/13/15
0,53.45,0,0,,11/12/15
0,53.5,0,0,,11/11/15
0,53.25,0,0,,11/10/15
0,53,0,0,,11/09/15
0,53.3,0,0,,11/06/15
0,53.15,0,0,,11/05/15
0,53.15,0,0,,11/04/15
0,53.6,0,0,,11/03/15
0,53.2,0,0,,11/02/15
0,53.25,0,0,,10/30/15
0,52.5,0,0,,10/29/15
0,52.55,0,0,,10/28/15
0,52.65,0,0,,10/27/15
0,52.45,0,0,,10/26/15
0,52.15,0,0,,10/23/15
0,51.95,0,0,,10/22/15
0,51.9,0,0,,10/21/15
0,51.9,0,0,,10/20/15
0,51.85,0,0,,10/19/15
0,51.85,0,0,,10/16/15
0,51.75,0,0,,10/15/15
0,51.65,0,0,,10/14/15
0,51.9,0,0,,10/13/15
0,52.05,0,0,,10/12/15
0,52.4,0,0,,10/09/15
0,52.15,0,0,,10/08/15
0,52.25,0,0,,10/07/15
0,52.65,0,0,,10/06/15
0,52,0,0,,10/05/15
0,51.1,0,0,,10/02/15
0,51,0,0,,10/01/15
51.6,51.4,51.6,51.6,,09/30/15
0,52.1,0,0,,09/29/15
0,52.05,0,0,,09/28/15
0,52.65,0,0,,09/25/15
0,53.85,0,0,,09/24/15
0,53.9,0,0,,09/23/15
0,53.9,0,0,,09/22/15
0,54,0,0,,09/21/15
0,54.1,0,0,,09/18/15
0,54.15,0,0,,09/17/15
0,54.15,0,0,,09/16/15
0,53.55,0,0,,09/15/15
0,53.65,0,0,,09/14/15
0,53.85,0,0,,09/11/15
0,53.8,0,0,,09/10/15
0,53.6,0,0,,09/09/15
0,53.9,0,0,,09/08/15
0,53.65,0,0,,09/07/15
0,54.55,0,0,,09/04/15
0,55.15,0,0,,09/03/15
0,54.85,0,0,,09/02/15
55.25,54.95,55.25,55.25,,09/01/15
0,54.95,0,0,,08/31/15
0,54.95,0,0,,08/28/15
0,55.8,0,0,,08/27/15
0,55.8,0,0,,08/26/15
0,55.8,0,0,,08/25/15
0,55.8,0,0,,08/24/15
0,55.9,0,0,,08/21/15
0,55.95,0,0,,08/20/15
0,55.95,0,0,,08/19/15
0,56.05,0,0,,08/18/15
0,56.3,0,0,,08/17/15
0,56.3,0,0,,08/14/15
0,56.55,0,0,,08/13/15
0,56.4,0,0,,08/12/15
0,56.4,0,0,,08/11/15
0,57.4,0,0,,08/10/15
0,57.15,0,0,,08/07/15
0,57.85,0,0,,08/06/15
56.8,57.5,56.8,56.8,,08/05/15
57.05,57.05,57.05,57.05,,08/04/15
0,56.4,0,0,,08/03/15
0,56.75,0,0,,07/31/15
0,58.45,0,0,,07/30/15
0,58.45,0,0,,07/29/15
0,58.45,0,0,,07/28/15
0,58.55,0,0,,07/27/15
0,58.55,0,0,,07/24/15
0,58.5,0,0,,07/23/15
0,58.6,0,0,,07/22/15
0,58.6,0,0,,07/21/15
0,58.55,0,0,,07/20/15
0,58.4,0,0,,07/17/15
0,58.35,0,0,,07/16/15
0,58.35,0,0,,07/15/15
58.65,58.55,58.65,58.65,,07/14/15
0,58.55,0,0,,07/13/15
0,58.75,0,0,,07/10/15
0,58.5,0,0,,07/09/15
0,58.35,0,0,,07/08/15
0,58.15,0,0,,07/07/15
0,58.5,0,0,,07/06/15
0,58.95,0,0,,07/03/15
0,59.5,0,0,,07/02/15
0,59.75,0,0,,07/01/15
59.4,60.2,60.1,59.4,,06/30/15
0,59.1,0,0,,06/29/15
0,59.1,0,0,,06/26/15
0,58.2,0,0,,06/25/15
0,58.1,0,0,,06/24/15
0,58.15,0,0,,06/23/15
0,58.3,0,0,,06/22/15
0,58,0,0,,06/19/15
0,58,0,0,,06/18/15
0,58,0,0,,06/17/15
0,57.85,0,0,,06/16/15
0,57.9,0,0,,06/15/15
0,57.75,0,0,,06/12/15
0,57.3,0,0,,06/11/15
0,56.8,0,0,,06/10/15
0,56.75,0,0,,06/09/15
0,56.8,0,0,,06/08/15
0,56.8,0,0,,06/05/15
0,56.9,0,0,,06/04/15
0,57.4,0,0,,06/03/15
0,58.2,0,0,,06/02/15
0,57.65,0,0,,06/01/15
0,58.15,0,0,,05/29/15
0,58.8,0,0,,05/28/15
0,58.8,0,0,,05/27/15
0,58.75,0,0,,05/26/15
0,58.75,0,0,,05/25/15
0,58.75,0,0,,05/22/15
0,58.75,0,0,,05/21/15
0,58.9,0,0,,05/20/15
0,58.9,0,0,,05/19/15
0,59.05,0,0,,05/18/15
0,59.05,0,0,,05/15/15
0,59.15,0,0,,05/14/15
0,59.35,0,0,,05/13/15
0,59.35,0,0,,05/12/15
0,59.5,0,0,,05/11/15
0,59.55,0,0,,05/08/15
0,59.65,0,0,,05/07/15
0,60,0,0,,05/06/15
0,60.15,0,0,,05/05/15
0,59.9,0,0,,05/04/15
0,59.9,0,0,,05/01/15
60,59.8,60,59.7,,04/30/15
0,59.95,0,0,,04/29/15
0,59.4,0,0,,04/28/15
0,59.4,0,0,,04/27/15
0,59,0,0,,04/24/15
0,59.6,0,0,,04/23/15
0,59.55,0,0,,04/22/15
0,59.75,0,0,,04/21/15
0,59.9,0,0,,04/20/15
0,59.95,0,0,,04/17/15
0,59.95,0,0,,04/16/15
0,59.6,0,0,,04/15/15
0,59.5,0,0,,04/14/15
0,59.6,0,0,,04/13/15
0,59.05,0,0,,04/10/15
0,58.4,0,0,,04/09/15
0,57.4,0,0,,04/08/15
0,57.65,0,0,,04/07/15
0,58.55,0,0,,04/06/15
0,58.55,0,0,,04/02/15
0,58.7,0,0,,04/01/15
0,58.85,0,0,,03/31/15
0,59.2,0,0,,03/30/15
0,59.4,0,0,,03/27/15
0,60.9,0,0,,03/26/15
0,61,0,0,,03/25/15
0,60.9,0,0,,03/24/15
0,60.9,0,0,,03/23/15
0,60.95,0,0,,03/20/15
0,61,0,0,,03/19/15
0,61.45,0,0,,03/18/15
0,61.35,0,0,,03/17/15
0,61.5,0,0,,03/16/15
0,61.95,0,0,,03/13/15
0,62.1,0,0,,03/12/15
0,62.1,0,0,,03/11/15
0,61.9,0,0,,03/10/15
0,61.95,0,0,,03/09/15
0,61.65,0,0,,03/06/15
0,62.6,0,0,,03/05/15
0,62.8,0,0,,03/04/15
0,62.35,0,0,,03/03/15
63.35,63.1,63.35,63.35,,03/02/15
0,63.6,0,0,,02/27/15
0,61.8,0,0,,02/26/15
0,61.6,0,0,,02/25/15
0,61.75,0,0,,02/24/15
0,62.05,0,0,,02/23/15
0,62.25,0,0,,02/20/15
0,62,0,0,,02/19/15
0,62.45,0,0,,02/18/15
0,62.45,0,0,,02/17/15
0,62.55,0,0,,02/16/15
0,62.45,0,0,,02/13/15
0,62.75,0,0,,02/12/15
0,62.15,0,0,,02/11/15
0,61.65,0,0,,02/10/15
0,61.75,0,0,,02/09/15
0,61.25,0,0,,02/06/15
0,60.8,0,0,,02/05/15
0,58.75,0,0,,02/04/15
0,58.6,0,0,,02/03/15
0,57.7,0,0,,02/02/15
0,57.15,0,0,,01/30/15
0,58.85,0,0,,01/29/15
0,58.75,0,0,,01/28/15
0,58.6,0,0,,01/27/15
0,58.55,0,0,,01/26/15
0,58.55,0,0,,01/23/15
0,58.6,0,0,,01/22/15
0,58.65,0,0,,01/21/15
0,58.1,0,0,,01/20/15
0,58.05,0,0,,01/19/15
0,57.9,0,0,,01/16/15
0,58.2,0,0,,01/15/15
0,58.8,0,0,,01/14/15
0,59.65,0,0,,01/13/15
0,59.35,0,0,,01/12/15
0,60.1,0,0,,01/09/15
0,60.6,0,0,,01/08/15
0,60.85,0,0,,01/07/15
0,62.7,0,0,,01/06/15
0,63.75,0,0,,01/05/15
0,65.5,0,0,,01/02/15