Date,Value
6/30/23,30449.16
6/29/23,30083.59
6/28/23,30699.11
6/27/23,30266.7
6/26/23,30458.97
6/25/23,30548.59
6/24/23,30692.8
6/23/23,29903.73
6/22/23,29992.98
6/21/23,28326.8
6/20/23,26848.8
6/19/23,26337.08
6/18/23,26509.82
6/17/23,26326.23
6/16/23,25575.69
6/15/23,25127.04
6/14/23,25921.42
6/13/23,25904.32
6/12/23,25933.06
6/11/23,25852.82
6/10/23,26483.52
6/9/23,26507.33
6/8/23,26352.2
6/7/23,27243.64
6/6/23,25747.2
6/5/23,27125.02
6/4/23,27073.27
6/3/23,27251.93
6/2/23,26814.77
6/1/23,27213.71
5/31/23,27704
5/30/23,27744.66
5/29/23,28082.7
5/28/23,26873.18
5/27/23,26719.74
5/26/23,26477.29
5/25/23,26327.38
5/24/23,27223.19
5/23/23,26849.97
5/22/23,26756.57
5/21/23,27124.48
5/20/23,26889.6
5/19/23,26833.27
5/18/23,27398.27
5/17/23,27036.39
5/16/23,27191.97
5/15/23,26926.17
5/14/23,26785.94
5/13/23,26803.05
5/12/23,26993.2
5/11/23,27617.14
5/10/23,27640.09
5/9/23,27691.41
5/8/23,28456.84
5/7/23,28903.41
5/6/23,29535.38
5/5/23,28851.84
5/4/23,29007.66
5/3/23,28678.29
5/2/23,28086.65
5/1/23,29264.14
4/30/23,29244.68
4/29/23,29329.63
4/28/23,29480.35
4/27/23,28429.72
4/26/23,28301.71
4/25/23,27516.48
4/24/23,27590.55
4/23/23,27816.18
4/22/23,27267.99
4/21/23,28243.02
4/20/23,28829.57
4/19/23,30393.64
4/18/23,29447.1
4/17/23,30315.39
4/16/23,30319.32
4/15/23,30486.05
4/14/23,30407.6
4/13/23,29899.24
4/12/23,30234.98
4/11/23,29656.24
4/10/23,28336.18
4/9/23,27956.01
4/8/23,27925.55
4/7/23,28039.94
4/6/23,28180.4
4/5/23,28169.5
4/4/23,27802.23
4/3/23,28185.2
4/2/23,28465.04
4/1/23,28479.75
3/31/23,28033.06
3/30/23,28355.92
3/29/23,27274.72
3/28/23,27141.23
3/27/23,27999.84
3/26/23,27496.06
3/25/23,27496.2
3/24/23,28332.42
3/23/23,27306.32
3/22/23,28191.53
3/21/23,27790.89
3/20/23,28045.84
3/19/23,26975.39
3/18/23,27462.77
3/17/23,25053.64
3/16/23,24376.39
3/15/23,24767.46
3/14/23,24213.74
3/13/23,22205.32
3/12/23,20656.78
3/11/23,20224.85
3/10/23,20363.36
3/9/23,21698.33
3/8/23,22197.49
3/7/23,22410.62
3/6/23,22427.56
3/5/23,22348.51
3/4/23,22351.72
3/3/23,23467.36
3/2/23,23641.68
3/1/23,23128.3
2/28/23,23497.62
2/27/23,23563.11
2/26/23,23176.76
2/25/23,23192.02
2/24/23,23946.39
2/23/23,24185.67
2/22/23,24438.1
2/21/23,24834.81
2/20/23,24290.18
2/19/23,24641.94
2/18/23,24572.97
2/17/23,23544.67
2/16/23,24340.73
2/15/23,22211.8
2/14/23,21787.99
2/13/23,21787.25
2/12/23,21861.84
2/11/23,21638.55
2/10/23,21794.05
2/9/23,22964.87
2/8/23,23254.79
2/7/23,22763.74
2/6/23,22936.95
2/5/23,23328.24
2/4/23,23440.09
2/3/23,23454.41
2/2/23,23722.02
2/1/23,23133.91
1/31/23,22836.09
1/30/23,23755.85
1/29/23,23032.23
1/28/23,23075.81
1/27/23,23008.29
1/26/23,23089.74
1/25/23,22634.47
1/24/23,22924.37
1/23/23,22724.23
1/22/23,22772.5
1/21/23,22693.45
1/20/23,21087.76
1/19/23,20672.78
1/18/23,21145.18
1/17/23,21190.49
1/16/23,20880.99
1/15/23,20955.15
1/14/23,19933.36
1/13/23,18859.32
1/12/23,17934.6
1/11/23,17443.68
1/10/23,17192.07
1/9/23,17108.41
1/8/23,16945.2
1/7/23,16951.97
1/6/23,16826.41
1/5/23,16850.63
1/4/23,16669.6
1/3/23,16671.54
1/2/23,16613.71
1/1/23,16526.78
12/31/22,16599.69
12/30/22,16630.49
12/29/22,16539.28
12/28/22,16699
12/27/22,16915.7
12/26/22,16826.86
12/25/22,16838.1
12/24/22,16779.71
12/23/22,16818.68
12/22/22,16813.62
12/21/22,16904.64
12/20/22,16439.89
12/19/22,16745.99
12/18/22,16783.6
12/17/22,16637.6
12/16/22,17357.47
12/15/22,17802.44
12/14/22,17771.03
12/13/22,17206.87
12/12/22,17098.61
12/11/22,17124.99
12/10/22,17128.55
12/9/22,17234.58
12/8/22,16836.05
12/7/22,17085.45
12/6/22,16967.02
12/5/22,17117.57
12/4/22,16894.23
12/3/22,17091.23
12/2/22,16971.57
12/1/22,17170.62
11/30/22,16432.73
11/29/22,16208.96
11/28/22,16420.2
11/27/22,16453.47
11/26/22,16507.44
11/25/22,16592.67
11/24/22,16606.77
11/23/22,16194.75
11/22/22,15759.61
11/21/22,16260.41
11/20/22,16687.8
11/19/22,16683.22
11/18/22,16682.44
11/17/22,16662.24
11/16/22,16873.56
11/15/22,16587.96
11/14/22,16310.3
11/13/22,16776.4
11/12/22,16990.26
11/11/22,17550.23
11/10/22,15856.95
11/9/22,18540.11
11/8/22,20598.44
11/7/22,20920.33
11/6/22,21292.67
11/5/22,21152.93
11/4/22,20208.16
11/3/22,20153.99
11/2/22,20486.26
11/1/22,20499.29
10/31/22,20628.5
10/30/22,20816.16
10/29/22,20601.63
10/28/22,20288.52
10/27/22,20772.36
10/26/22,20101.27
10/25/22,19338.9
10/24/22,19565.91
10/23/22,19205.45
10/22/22,19171.34
10/21/22,19046.83
10/20/22,19125.65
10/19/22,19330.74
10/18/22,19548.97
10/17/22,19265.53
10/16/22,19063.1
10/15/22,19184.71
10/14/22,19383.33
10/13/22,19156.21
10/12/22,19049.64
10/11/22,19132.52
10/10/22,19441.88
10/9/22,19417.73
10/8/22,19544.82
10/7/22,19956.49
10/6/22,20167.79
10/5/22,20342.25
10/4/22,19632.61
10/3/22,19049.72
10/2/22,19314.69
10/1/22,19427.2
9/30/22,19598.86
9/29/22,19530.71
9/28/22,19104.89
9/27/22,19227.26
9/26/22,18807.71
9/25/22,18931.79
9/24/22,19280.58
9/23/22,19408.63
9/22/22,18507.36
9/21/22,18879.96
9/20/22,19542.2
9/19/22,19415.86
9/18/22,20122.71
9/17/22,19787.61
9/16/22,19694.69
9/15/22,20219.55
9/14/22,20172.56
9/13/22,22392.71
9/12/22,21794.52
9/11/22,21673.03
9/10/22,21387.58
9/9/22,19327.53
9/8/22,19280.08
9/7/22,18806.7
9/6/22,19789.87
9/5/22,19994.65
9/4/22,19834.94
9/3/22,19952.91
9/2/22,20130.52
9/1/22,20047.68
8/31/22,19793.02
8/30/22,20290.41
8/29/22,19550.07
8/28/22,20035.59
8/27/22,20233.32
8/26/22,21597.93
8/25/22,21377.51
8/24/22,21516.02
8/23/22,21402.93
8/22/22,21520.51
8/21/22,21150.33
8/20/22,20843.22
8/19/22,23193.99
8/18/22,23332.09
8/17/22,23876.29
8/16/22,24096.19
8/15/22,24314.89
8/14/22,24447.13
8/13/22,24418.38
8/12/22,23953.77
8/11/22,23959.92
8/10/22,23156.31
8/9/22,23816.32
8/8/22,23174.25
8/7/22,22947.19
8/6/22,23295.14
8/5/22,22608.3
8/4/22,22831.85
8/3/22,22981.77
8/2/22,23298.94
8/1/22,23326.49
7/31/22,23647.99
7/30/22,23792
7/29/22,23856.25
7/28/22,22950.29
7/27/22,21267.33
7/26/22,21300.72
7/25/22,22582.4
7/24/22,22461.7
7/23/22,22687.08
7/22/22,23154.09
7/21/22,23227.22
7/20/22,23403.29
7/19/22,22538.08
7/18/22,20774.23
7/17/22,21197.1
7/16/22,20835.61
7/15/22,20568.9
7/14/22,20223.69
7/13/22,19292.99
7/12/22,19946.31
7/11/22,20834.61
7/10/22,21582.6
7/9/22,21636.45
7/8/22,21633.44
7/7/22,20545.61
7/6/22,20181.91
7/5/22,20208.45
7/4/22,19288.97
7/3/22,19224.75
7/2/22,19226.7
7/1/22,19865.7
6/30/22,20085.93
6/29/22,20256.61
6/28/22,20702.23
6/27/22,21020.04
6/26/22,21481.38
6/25/22,21194.68
6/24/22,21088.3
6/23/22,19953.71
6/22/22,20703.51
6/21/22,20582.29
6/20/22,20540.38
6/19/22,18977.51
6/18/22,20434.75
6/17/22,20350.48
6/16/22,22550.79
6/15/22,22189.29
6/14/22,22431.22
6/13/22,26593.3
6/12/22,28344.5
6/11/22,29059.41
6/10/22,30083.46
6/9/22,30189.25
6/8/22,31117.83
6/7/22,31349.82
6/6/22,29901.35
6/5/22,29845.23
6/4/22,29681.76
6/3/22,30429.88
6/2/22,29780.81
6/1/22,31776.27
5/31/22,31715.58
5/30/22,29448.74
5/29/22,29013.69
5/28/22,28578.89
5/27/22,29193.92
5/26/22,29518.59
5/25/22,29634.57
5/24/22,29074.33
5/23/22,30278.94
5/22/22,29409.92
5/21/22,29159.5
5/20/22,30289.87
5/19/22,28680.97
5/18/22,30406.69
5/17/22,29834.09
5/16/22,31277.43
5/15/22,30074.61
5/14/22,29234.06
5/13/22,28931.14
5/12/22,28907.15
5/11/22,31003.93
5/10/22,30175.71
5/9/22,34082.21
5/8/22,35471.42
5/7/22,36013.03
5/6/22,36549.9
5/5/22,39674.89
5/4/22,37727.19
5/3/22,38510.65
5/2/22,38475.48
5/1/22,37661.19
4/30/22,38596.28
4/29/22,39770.04
4/28/22,39249.28
4/27/22,38114.94
4/26/22,40472.7
4/25/22,39465.57
4/24/22,39429.01
4/23/22,39727.65
4/22/22,40514.01
4/21/22,41375.79
4/20/22,41507.3
4/19/22,40805.72
4/18/22,39711.45
4/17/22,40388.78
4/16/22,40566.2
4/15/22,39939.9
4/14/22,41148.06
4/13/22,40102.2
4/12/22,39488.62
4/11/22,42144.23
4/10/22,42787.69
4/9/22,42278.94
4/8/22,43464.32
4/7/22,43190.18
4/6/22,45508.16
4/5/22,46611.26
4/4/22,46425.52
4/3/22,45825.36
4/2/22,46282.56
4/1/22,45539.22
3/31/22,47064.16
3/30/22,47448.01
3/29/22,47115.93
3/28/22,46858.53
3/27/22,44542.39
3/26/22,44334.33
3/25/22,44004.47
3/24/22,42905.06
3/23/22,42372.67
3/22/22,41071.41
3/21/22,41250.83
3/20/22,42222.32
3/19/22,41795.77
3/18/22,40946.78
3/17/22,41133.08
3/16/22,39320.82
3/15/22,39680.6
3/14/22,37820.39
3/13/22,38809.18
3/12/22,38741.04
3/11/22,39437.89
3/10/22,41956.53
3/9/22,38753.1
3/8/22,38032.5
3/7/22,38407.69
3/6/22,39399.58
3/5/22,39141.25
3/4/22,42464.4
3/3/22,43934.85
3/2/22,44418.83
3/1/22,43226.36
2/28/22,37704.56
2/27/22,39103.91
2/26/22,39222.6
2/25/22,38344.78
2/24/22,37291.48
2/23/22,38262.17
2/22/22,37031.08
2/21/22,38382.32
2/20/22,40115.05
2/19/22,40014.55
2/18/22,40565.69
2/17/22,43948.81
2/16/22,44536.2
2/15/22,42580.94
2/14/22,42104.89
2/13/22,42245.56
2/12/22,42401.27
2/11/22,43531.11
2/10/22,44397.3
2/9/22,44133.28
2/8/22,43834.02
2/7/22,42450.98
2/6/22,41435.43
2/5/22,41584.19
2/4/22,37092.4
2/3/22,36912.68
2/2/22,38739.74
2/1/22,38521.79
1/31/22,37918.62
1/30/22,38186.49
1/29/22,37770.15
1/28/22,37146.85
1/27/22,36823.5
1/26/22,36948.81
1/25/22,36678.82
1/24/22,36280.82
1/23/22,35071.43
1/22/22,36480.85
1/21/22,40684.42
1/20/22,41707.85
1/19/22,42381.48
1/18/22,42248.35
1/17/22,43102.44
1/16/22,43146.53
1/15/22,43099.37
1/14/22,42546.44
1/13/22,43926
1/12/22,42723.37
1/11/22,41849
1/10/22,41864.44
1/9/22,41690.93
1/8/22,41528.04
1/7/22,43120.63
1/6/22,43436.17
1/5/22,45862.98
1/4/22,46441.99
1/3/22,47327.87
1/2/22,47763.33
1/1/22,46249.56
12/31/21,47132.96
12/30/21,46408.87
12/29/21,47601.26
12/28/21,50692.3
12/27/21,50801.11
12/26/21,50470.89
12/25/21,50814.92
12/24/21,50785.69
12/23/21,48628.35
12/22/21,48934.57
12/21/21,46910.13
12/20/21,46689.28
12/19/21,46863.67
12/18/21,46173.51
12/17/21,47658.38
12/16/21,48884.66
12/15/21,48392.79
12/14/21,46757.09
12/13/21,50117.25
12/12/21,49379.67
12/11/21,47137.46
12/10/21,47659.68
12/9/21,50511.12
12/8/21,50645.41
12/7/21,50564.63
12/6/21,49380.43
12/5/21,49253.86
12/4/21,53713.84
12/3/21,56508.48
12/2/21,57229.76
12/1/21,57025.79
11/30/21,57828.45
11/29/21,57292.28
11/28/21,54801.15
11/27/21,53588.21
11/26/21,58935.45
11/25/21,57187.54
11/24/21,57578.22
11/23/21,56301.52
11/22/21,58755.9
11/21/21,59777.98
11/20/21,58133.02
11/19/21,56921.34
11/18/21,60381.35
11/17/21,60172.26
11/16/21,63584.25
11/15/21,65468.75
11/14/21,64420.94
11/13/21,64254.67
11/12/21,64838.81
11/11/21,64976.73
11/10/21,66954.11
11/9/21,67562.17
11/8/21,63293.22
11/7/21,61516.31
11/6/21,61072.32
11/5/21,61441.83
11/4/21,62954.86
11/3/21,63241.11
11/2/21,61029.5
11/1/21,61373.44
10/31/21,61731.29
10/30/21,62249.18
10/29/21,60587.09
10/28/21,58538.49
10/27/21,60345.17
10/26/21,63070.54
10/25/21,60884.18
10/24/21,61277.28
10/23/21,60697.06
10/22/21,62354.86
10/21/21,66063.56
10/20/21,64287.64
10/19/21,61971.59
10/18/21,61546.21
10/17/21,60948.78
10/16/21,61641.17
10/15/21,57397.74
10/14/21,57406.69
10/13/21,56242.94
10/12/21,57452.01
10/11/21,54625.74
10/10/21,55122.59
10/9/21,53867.3
10/8/21,53801.1
10/7/21,55343.76
10/6/21,51505.83
10/5/21,49143.95
10/4/21,48205.72
10/3/21,47727.1
10/2/21,48140.11
10/1/21,43757.81
9/30/21,41522.38
9/29/21,41011.16
9/28/21,42238.2
9/27/21,43182.63
9/26/21,42742.01
9/25/21,42815.56
9/24/21,44888.96
9/23/21,43604.76
9/22/21,40619.27
9/21/21,42901.56
9/20/21,47249.38
9/19/21,48259.45
9/18/21,47263.6
9/17/21,47785.26
9/16/21,48167.85
9/15/21,47072.12
9/14/21,44968.76
9/13/21,46059.12
9/12/21,45144.79
9/11/21,44847.48
9/10/21,46368.69
9/9/21,46078.38
9/8/21,46809.17
9/7/21,52677.4
9/6/21,51769.06
9/5/21,49947.38
9/4/21,50035.33
9/3/21,49329.01
9/2/21,48862.76
9/1/21,47155.87
8/31/21,47074.77
8/30/21,48806.78
8/29/21,48897.65
8/28/21,49056.86
8/27/21,46962.8
8/26/21,48972.09
8/25/21,47744.58
8/24/21,49523.5
8/23/21,49335.68
8/22/21,48932.02
8/21/21,49327.75
8/20/21,46734.65
8/19/21,44777.86
8/18/21,44648.57
8/17/21,45982.55
8/16/21,47056.41
8/15/21,47112.19
8/14/21,47833.98
8/13/21,44417.78
8/12/21,45611.46
8/11/21,45608.37
8/10/21,46333.46
8/9/21,43816.14
8/8/21,44634.13
8/7/21,42825.95
8/6/21,40882
8/5/21,39750.14
8/4/21,38138
8/3/21,39193.94
8/2/21,40000.46
8/1/21,41659.06
7/31/21,42214.15
7/30/21,40005.93
7/29/21,40002.53
7/28/21,39405.95
7/27/21,37318.14
7/26/21,35365.2
7/25/21,34279.34
7/24/21,33581.63
7/23/21,32297.89
7/22/21,32118.06
7/21/21,29790.24
7/20/21,30815.94
7/19/21,31783.49
7/18/21,31520.66
7/17/21,31421.25
7/16/21,31738.59
7/15/21,32814.61
7/14/21,32686.56
7/13/21,33158.25
7/12/21,34227.64
7/11/21,33515.57
7/10/21,33818.52
7/9/21,32877.41
7/8/21,33839.04
7/7/21,34211.01
7/6/21,33747.97
7/5/21,35309.3
7/4/21,34688.98
7/3/21,33856.86
7/2/21,33536.88
7/1/21,35047.36
6/30/21,35847.7
6/29/21,34456.67
6/28/21,34644.45
6/27/21,32160.91
6/26/21,31640.58
6/25/21,34639.38
6/24/21,33674.66
6/23/21,32447.59
6/22/21,31686.55
6/21/21,35592.35
6/20/21,35524.17
6/19/21,35729.82
6/18/21,38068.04
6/17/21,38324.87
6/16/21,40188.56
6/15/21,40525.8
6/14/21,39066.82
6/13/21,35494.9
6/12/21,37313.18
6/11/21,36704.57
6/10/21,37338.36
6/9/21,33450.19
6/8/21,33514.87
6/7/21,35816.17
6/6/21,35530.38
6/5/21,36885.51
6/4/21,39188.59
6/3/21,37585.24
6/2/21,36662.64
6/1/21,37310.54
5/31/21,35684.59
5/30/21,34647.67
5/29/21,35689.62
5/28/21,38445.29
5/27/21,39266.04
5/26/21,38410.5
5/25/21,38728.59
5/24/21,34754.54
5/23/21,37528.3
5/22/21,37280.35
5/21/21,40784.32
5/20/21,36964.27
5/19/21,42912.19
5/18/21,43596.24
5/17/21,46441.64
5/16/21,46736.58
5/15/21,49922.52
5/14/21,49702.27
5/13/21,49007.09
5/12/21,56750
5/11/21,55883.5
5/10/21,58280.73
5/9/21,58928.81
5/8/21,57380.27
5/7/21,56428.16
5/6/21,57473.23
5/5/21,53241.72
5/4/21,57213.33
5/3/21,56610.46
5/2/21,57857.5
5/1/21,57796.62
4/30/21,53584.15
4/29/21,54884.1
4/28/21,55071.46
4/27/21,54056.64
4/26/21,49075.58
4/25/21,50110.53
4/24/21,51153.13
4/23/21,51731.71
4/22/21,53808.8
4/21/21,56507.91
4/20/21,55703.14
4/19/21,56251.48
4/18/21,60087.09
4/17/21,61455.98
4/16/21,63252.63
4/15/21,62969.12
4/14/21,63554.44
4/13/21,59834.74
4/12/21,59964.87
4/11/21,59774
4/10/21,58102.58
4/9/21,58048.59
4/8/21,55947.27
4/7/21,58020.46
4/6/21,59054.1
4/5/21,58206.55
4/4/21,57076.49
4/3/21,59031.32
4/2/21,58736.92
4/1/21,58735.25
3/31/21,58730.13
3/30/21,57627.67
3/29/21,55783.71
3/28/21,55863.93
3/27/21,55074.47
3/26/21,51415.92
3/25/21,52508.23
3/24/21,54477.46
3/23/21,54204.96
3/22/21,57411.17
3/21/21,58085.8
3/20/21,58075.1
3/19/21,57665.9
3/18/21,58913
3/17/21,56872.38
3/16/21,55754.72
3/15/21,59133.47
3/14/21,61258.73
3/13/21,57253.28
3/12/21,57764
3/11/21,55997.23
3/10/21,54881.52
3/9/21,52299.33
3/8/21,51169.7
3/7/21,48881.59
3/6/21,48861.38
3/5/21,48448.91
3/4/21,50477.7
3/3/21,48356.04
3/2/21,49618.43
3/1/21,45113.92
2/28/21,46155.87
2/27/21,46340.31
2/26/21,46800.42
2/25/21,50624.84
2/24/21,48880.43
2/23/21,54123.4
2/22/21,57487.86
2/21/21,56001.2
2/20/21,55916.5
2/19/21,51608.15
2/18/21,52118.23
2/17/21,49160.1
2/16/21,47951.85
2/15/21,48720.37
2/14/21,47185.19
2/13/21,47471.4
2/12/21,48013.38
2/11/21,44878.17
2/10/21,46589.58
2/9/21,46364.3
2/8/21,38928.1
2/7/21,39323.26
2/6/21,38278.61
2/5/21,37002.09
2/4/21,37676.25
2/3/21,35529.66
2/2/21,33522.9
2/1/21,33136.46
1/31/21,34318.1
1/30/21,34314.26
1/29/21,33403.17
1/28/21,30419.17
1/27/21,32541.8
1/26/21,32243.26
1/25/21,32276.84
1/24/21,32099.74
1/23/21,33002.38
1/22/21,30797.88
1/21/21,35538.98
1/20/21,36020.13
1/19/21,36632.35
1/18/21,35793.01
1/17/21,36065.2
1/16/21,36828.52
1/15/21,39158.47
1/14/21,37393.13
1/13/21,34011.82
1/12/21,35544.94
1/11/21,38240.09
1/10/21,40240.72
1/9/21,40670.25
1/8/21,39486.04
1/7/21,36860.41
1/6/21,34046.67
1/5/21,32035.03
1/4/21,33000.78
1/3/21,32195.46
1/2/21,29393.75
1/1/21,28982.56
12/31/20,28856.59
12/30/20,27376.37
12/29/20,27036.69
12/28/20,26246.58
12/27/20,26443.21
12/26/20,24693.58
12/25/20,23715.53
12/24/20,23253.37
12/23/20,23824.99
12/22/20,22745.48
12/21/20,23490.58
12/20/20,23869.92
12/19/20,23150.79
12/18/20,22847.46
12/17/20,21379.48
12/16/20,19439.75
12/15/20,19276.59
12/14/20,19164.48
12/13/20,18803.44
12/12/20,18029.36
12/11/20,18247.76
12/10/20,18554.15
12/9/20,18318.87
12/8/20,19181.41
12/7/20,19377.66
12/6/20,19155.06
12/5/20,18670.49
12/4/20,19454.54
12/3/20,19226.97
12/2/20,18792.52
12/1/20,19709.73
11/30/20,18191.6
11/29/20,17732.42
11/28/20,17138.87
11/27/20,17151.44
11/26/20,18739.8
11/25/20,19172.52
11/24/20,18398.91
11/23/20,18422.28
11/22/20,18699.75
11/21/20,18687.45
11/20/20,17820.57
11/19/20,17798.45
11/18/20,17679.72
11/17/20,16725.15
11/16/20,15968.16
11/15/20,16091.07
11/14/20,16339.33
11/13/20,16295.57
11/12/20,15708.65
11/11/20,15317.04
11/10/20,15328.53
11/9/20,15490.6
11/8/20,14839.84
11/7/20,15595.77
11/6/20,15591.39
11/5/20,14155.59
11/4/20,14023.31
11/3/20,13575.17
11/2/20,13758.88
11/1/20,13810.32
10/31/20,13564.72
10/30/20,13458.66
10/29/20,13289
10/28/20,13651.47
10/27/20,13076.37
10/26/20,13036.77
10/25/20,13128.46
10/24/20,12944.52
10/23/20,12990.25
10/22/20,12831.56
10/21/20,11925.46
10/20/20,11758.16
10/19/20,11508.2
10/18/20,11366.51
10/17/20,11327.57
10/16/20,11503.73
10/15/20,11431.32
10/14/20,11428.24
10/13/20,11540.04
10/12/20,11376.61
10/11/20,11302.67
10/10/20,11063.19
10/9/20,10923.3
10/8/20,10670.8
10/7/20,10603.74
10/6/20,10788.56
10/5/20,10673.46
10/4/20,10551.77
10/3/20,10575.06
10/2/20,10619.24
10/1/20,10777.92
9/30/20,10840.8
9/29/20,10692.33
9/28/20,10774.24
9/27/20,10732.4
9/26/20,10692.84
9/25/20,10732.43
9/24/20,10234.48
9/23/20,10532.22
9/22/20,10430.46
9/21/20,10919.65
9/20/20,11081.43
9/19/20,10931.79
9/18/20,10943.89
9/17/20,10948.43
9/16/20,10785.62
9/15/20,10674.64
9/14/20,10330.77
9/13/20,10446.44
9/12/20,10395.44
9/11/20,10352.66
9/10/20,10227.83
9/9/20,10121.52
9/8/20,10367.74
9/7/20,10254.93
9/6/20,10159.62
9/5/20,10467.89
9/4/20,10187.51
9/3/20,11397.44
9/2/20,11923.25
9/1/20,11659.57
8/31/20,11707.78
8/30/20,11481.64
8/29/20,11534.75
8/28/20,11302.01
8/27/20,11467.37
8/26/20,11337.4
8/25/20,11763.93
8/24/20,11653.02
8/23/20,11683.44
8/22/20,11522.8
8/21/20,11865.82
8/20/20,11734
8/19/20,11969.53
8/18/20,12293.72
8/17/20,11914.01
8/16/20,11873.98
8/15/20,11774.38
8/14/20,11777.43
8/13/20,11573.11
8/12/20,11392.43
8/11/20,11893.03
8/10/20,11684.06
8/9/20,11767.6
8/8/20,11605.6
8/7/20,11772.94
8/6/20,11750.28
8/5/20,11194.25
8/4/20,11242.57
8/3/20,11077.77
8/2/20,11823.69
8/1/20,11343.88
7/31/20,11114.93
7/30/20,11102.67
7/29/20,10934.94
7/28/20,11042.4
7/27/20,9938.83
7/26/20,9707.5
7/25/20,9551.28
7/24/20,9613.11
7/23/20,9537.4
7/22/20,9392.66
7/21/20,9163.87
7/20/20,9214.66
7/19/20,9174.71
7/18/20,9154.19
7/17/20,9131
7/16/20,9193.51
7/15/20,9254.52
7/14/20,9238.13
7/13/20,9295.9
7/12/20,9235.96
7/11/20,9287.4
7/10/20,9238.04
7/9/20,9440.07
7/8/20,9256.23
7/7/20,9348.91
7/6/20,9089.09
7/5/20,9131.31
7/4/20,9072.42
7/3/20,9087.98
7/2/20,9236.38
7/1/20,9133.97
6/30/20,9185.35
6/29/20,9127.47
6/28/20,9004.23
6/27/20,9154.45
6/26/20,9240.85
6/25/20,9276.58
6/24/20,9621.49
6/23/20,9691.9
6/22/20,9284.78
6/21/20,9357.43
6/20/20,9300.15
6/19/20,9380.03
6/18/20,9454.81
6/17/20,9526
6/16/20,9426.7
6/15/20,9330.07
6/14/20,9473.5
6/13/20,9459.97
6/12/20,9286.42
6/11/20,9892.13
6/10/20,9775.15
6/9/20,9782.59
6/8/20,9753.85
6/7/20,9670.43
6/6/20,9623.75
6/5/20,9794.56
6/4/20,9658.04
6/3/20,9525.57
6/2/20,10204.23
6/1/20,9450.84
5/31/20,9698.1
5/30/20,9425.98
5/29/20,9569.21
5/28/20,9197.54
5/27/20,8842.85
5/26/20,8899.66
5/25/20,8730.73
5/24/20,9178.32
5/23/20,9167.26
5/22/20,9057.57
5/21/20,9510.67
5/20/20,9785.74
5/19/20,9719.37
5/18/20,9669.4
5/17/20,9385.7
5/16/20,9303.59
5/15/20,9790.31
5/14/20,9305.93
5/13/20,8814.53
5/12/20,8617.25
5/11/20,8754.46
5/10/20,9527.39
5/9/20,9821.8
5/8/20,10002.48
5/7/20,9170.79
5/6/20,9030.96
5/5/20,8885.93
5/4/20,8903.95
5/3/20,8973.82
5/2/20,8824.66
5/1/20,8628.77
4/30/20,8777.63
4/29/20,7765.33
4/28/20,7790.66
4/27/20,7699.27
4/26/20,7549.52
4/25/20,7507.08
4/24/20,7477.6
4/23/20,7130.99
4/22/20,6852.52
4/21/20,6840.24
4/20/20,7130.04
4/19/20,7259.36
4/18/20,7034.89
4/17/20,7112.27
4/16/20,6623.8
4/15/20,6871.95
4/14/20,6857.66
4/13/20,6915.37
4/12/20,6891.6
4/11/20,6873.24
4/10/20,7293.69
4/9/20,7365.03
4/8/20,7205.55
4/7/20,7343.2
4/6/20,6777.44
4/5/20,6871.69
4/4/20,6741.67
4/3/20,6809.11
4/2/20,6652.87
4/1/20,6428.28
3/31/20,6405.29
3/30/20,5885.41
3/29/20,6260.95
3/28/20,6369.09
3/27/20,6763.75
3/26/20,6698.46
3/25/20,6768.49
3/24/20,6502.16
3/23/20,5822.62
3/22/20,6189.85
3/21/20,6226.44
3/20/20,6195.2
3/19/20,5410.23
3/18/20,5357.61
3/17/20,5026.35
3/16/20,5348.44
3/15/20,5166.26
3/14/20,5609.03
3/13/20,4830.21
3/12/20,7936.65
3/11/20,7885.46
3/10/20,7931.94
3/9/20,8039.38
3/8/20,8898.63
3/7/20,9155.89
3/6/20,9067.39
3/5/20,8758.9
3/4/20,8754.34
3/3/20,8912.82
3/2/20,8912.82
3/1/20,8534.17
2/29/20,8712.35
2/28/20,8804.72
2/27/20,8785.52
2/26/20,9309.15
2/25/20,9663.75
2/24/20,9989.39
2/23/20,9669.63
2/22/20,9696.58
2/21/20,9606.86
2/20/20,9604.72
2/19/20,10180.65
2/18/20,9703.93
2/17/20,9937.67
2/16/20,9904.17
2/15/20,10368.53
2/14/20,10242.43
2/13/20,10354.3
2/12/20,10275.38
2/11/20,9854.79
2/10/20,10162.41
2/9/20,9907.12
2/8/20,9807.54
2/7/20,9755.66
2/6/20,9614.9
2/5/20,9162.14
2/4/20,9162.14
2/3/20,9314.56
2/2/20,9378.09
2/1/20,9333.77
1/31/20,9502.37
1/30/20,9279.81
1/29/20,9385.69
1/28/20,8895.78
1/27/20,8588.42
1/26/20,8327.36
1/25/20,8428.17
1/24/20,8388.11
1/23/20,8658.94
1/22/20,8722.26
1/21/20,8626.47
1/20/20,8703.36
1/19/20,8910.85
1/18/20,8900.34
1/17/20,8722.03
1/16/20,8813.89
1/15/20,8842.42
1/14/20,8105.24
1/13/20,8173.97
1/12/20,8021.49
1/11/20,8184.66
1/10/20,7817.92
1/9/20,8042.65
1/8/20,8165.47
1/7/20,7759.24
1/6/20,7351.57
1/5/20,7347.89
1/4/20,7326.35
1/3/20,6944.33
1/2/20,7175.68
1/1/20,7168.31
12/31/19,7219.6
12/30/19,7385.36
12/29/19,7301.07
12/28/19,7243.93
12/27/19,7194.4
12/26/19,7192.72
12/25/19,7250.69
12/24/19,7322.08
12/23/19,7514.41
12/22/19,7143.2
12/21/19,7190.17
12/20/19,7150.86
12/19/19,7284.29
12/18/19,6612.12
12/17/19,6879.54
12/16/19,7111.14
12/15/19,7067.74
12/14/19,7251.87
12/13/19,7189.16
12/12/19,7202.31
12/11/19,7220.76
12/10/19,7337.42
12/9/19,7522.39
12/8/19,7504.83
12/7/19,7547.19
12/6/19,7395.97
12/5/19,7192.85
12/4/19,7296.77
12/3/19,7309.59
12/2/19,7402.69
12/1/19,7557.72
11/30/19,7757.47
11/29/19,7431
11/28/19,7523.83
11/27/19,7163.63
11/26/19,7130.25
11/25/19,6907.4
11/24/19,7324.03
11/23/19,7286.35
11/22/19,7617.07
11/21/19,8081.81
11/20/19,8120.8
11/19/19,8175.99
11/18/19,8503.93
11/17/19,8482.7
11/16/19,8457.69
11/15/19,8632.32
11/14/19,8762.42
11/13/19,8801.52
11/12/19,8717.81
11/11/19,9037.12
11/10/19,8809.41
11/9/19,8766.04
11/8/19,9204.24
11/7/19,9343.34
11/6/19,9310.19
11/5/19,9418.05
11/4/19,9206.16
11/3/19,9301.18
11/2/19,9252.99
11/1/19,9147.98
10/31/19,9164.62
10/30/19,9433.35
10/29/19,9218.76
10/28/19,9551.54
10/27/19,9259.8
10/26/19,8666.79
10/25/19,7431.88
10/24/19,7469.56
10/23/19,8026.76
10/22/19,8222.52
10/21/19,8231.06
10/20/19,7960.04
10/19/19,7954.15
10/18/19,8076.78
10/17/19,8002.51
10/16/19,8162.16
10/15/19,8353.54
10/14/19,8283.76
10/13/19,8308.01
10/12/19,8269.73
10/11/19,8586.9
10/10/19,8587.92
10/9/19,8190
10/8/19,8212.02
10/7/19,7869.74
10/6/19,8147.69
10/5/19,8155.48
10/4/19,8236.17
10/3/19,8382.03
10/2/19,8322.92
10/1/19,8307.74
9/30/19,8056.74
9/29/19,8225
9/28/19,8193.9
9/27/19,8055.64
9/26/19,8432.23
9/25/19,8553.61
9/24/19,9683.38
9/23/19,10033.05
9/22/19,9979.49
9/21/19,10173.11
9/20/19,10275.88
9/19/19,10157.59
9/18/19,10190.36
9/17/19,10265.63
9/16/19,10310.43
9/15/19,10361.33
9/14/19,10363.9
9/13/19,10420.16
9/12/19,10159.32
9/11/19,10101.03
9/10/19,10313.66
9/9/19,10406.31
9/8/19,10487.21
9/7/19,10317.47
9/6/19,10577.8
9/5/19,10584.16
9/4/19,10621.29
9/3/19,10386.64
9/2/19,9769.79
9/1/19,9600.9
8/31/19,9577.99
8/30/19,9484.55
8/29/19,9717.82
8/28/19,10171.95
8/27/19,10360.28
8/26/19,10135.06
8/25/19,10143.8
8/24/19,10405.81
8/23/19,10111.98
8/22/19,10129.4
8/21/19,10760.56
8/20/19,10917.26
8/19/19,10317.6
8/18/19,10214.52
8/17/19,10359.44
8/16/19,10302.17
8/15/19,10016.96
8/14/19,10858.12
8/13/19,11386.26
8/12/19,11566.84
8/11/19,11282.22
8/10/19,11856.64
8/9/19,11996.41
8/8/19,11960.82
8/7/19,11465.67
8/6/19,11787.99
8/5/19,10980.23
8/4/19,10814.57
8/3/19,10529.55
8/2/19,10407.17
8/1/19,10084.7
7/31/19,9589.13
7/30/19,9501.33
7/29/19,9530
7/28/19,9473.99
7/27/19,9848.65
7/26/19,9875.17
7/25/19,9772.17
7/24/19,9844.3
7/23/19,10323.62
7/22/19,10587.41
7/21/19,10764.9
7/20/19,10535.75
7/19/19,10638.56
7/18/19,9674.28
7/17/19,9397.72
7/16/19,10873.5
7/15/19,10186.96
7/14/19,11389.1
7/13/19,11803.97
7/12/19,11352.87
7/11/19,12099.9
7/10/19,12586.78
7/9/19,12313.08
7/8/19,11477.01
7/7/19,11232.04
7/6/19,10955.16
7/5/19,11160.49
7/4/19,11984.76
7/3/19,10805.4
7/2/19,10578.72
7/1/19,10737.73
6/30/19,11890.38
6/29/19,12374.35
6/28/19,11132.85
6/27/19,12932.55
6/26/19,11766.4
6/25/19,11017.5
6/24/19,10814.48
6/23/19,10668.63
6/22/19,10209.38
6/21/19,9531.35
6/20/19,9281.7
6/19/19,9076.18
6/18/19,9327.48
6/17/19,8978.99
6/16/19,8859.47
6/15/19,8693.6
6/14/19,8237.88
6/13/19,8173.06
6/12/19,7917.58
6/11/19,8020.38
6/10/19,7640.61
6/9/19,7931.34
6/8/19,7998.29
6/7/19,7803.23
6/6/19,7786.04
6/5/19,7675.8
6/4/19,8134.92
6/3/19,8739.03
6/2/19,8554.8
6/1/19,8553.81
5/31/19,8272.46
5/30/19,8662.98
5/29/19,8719.88
5/28/19,8770.06
5/27/19,8744.42
5/26/19,8071.45
5/25/19,8003.26
5/24/19,7880.29
5/23/19,7625.93
5/22/19,7952.5
5/21/19,8007.03
5/20/19,8193.7
5/19/19,7265.05
5/18/19,7362.22
5/17/19,7885.96
5/16/19,8206.9
5/15/19,7992.69
5/14/19,7823.11
5/13/19,6978.63
5/12/19,7248.31
5/11/19,6348.02
5/10/19,6146.91
5/9/19,5936.72
5/8/19,5755.72
5/7/19,5684.47
5/6/19,5717.66
5/5/19,5771.08
5/4/19,5657.14
5/3/19,5390.16
5/2/19,5326.67
5/1/19,5269.79
4/30/19,5260.65
4/29/19,5301.29
4/28/19,5280.19
4/27/19,5292.83
4/26/19,5195.61
4/25/19,5434.19
4/24/19,5518.16
4/23/19,5377.19
4/22/19,5281.83
4/21/19,5309.28
4/20/19,5277.04
4/19/19,5276.31
4/18/19,5220.37
4/17/19,5196.65
4/16/19,5036.18
4/15/19,5152.51
4/14/19,5064.62
4/13/19,5072.85
4/12/19,5035.02
4/11/19,5310.18
4/10/19,5175.81
4/9/19,5268.71
4/8/19,5189.39
4/7/19,5053.52
4/6/19,5028.77
4/5/19,4911.24
4/4/19,4959.81
4/3/19,4882.88
4/2/19,4152.53
4/1/19,4114.16
3/31/19,4114.44
3/30/19,4115.55
3/29/19,4037.37
3/28/19,4048.51
3/27/19,3947.74
3/26/19,3935.89
3/25/19,3994.11
3/24/19,4011.92
3/23/19,3999.06
3/22/19,3992.34
3/21/19,4056.4
3/20/19,4029.11
3/19/19,3998.77
3/18/19,3994.92
3/17/19,4015.95
3/16/19,3936.5
3/15/19,3885.21
3/14/19,3877.77
3/13/19,3892.51
3/12/19,3881.09
3/11/19,3928.17
3/10/19,3950.56
3/9/19,3875.96
3/8/19,3886.82
3/7/19,3876.85
3/6/19,3872.25
3/5/19,3730.98
3/4/19,3814.58
3/3/19,3831.44
3/2/19,3834.62
3/1/19,3850.08
2/28/19,3833.23
2/27/19,3831.45
2/26/19,3848.33
2/25/19,3766.89
2/24/19,4139.6
2/23/19,3983.48
2/22/19,3944.88
2/21/19,3987.18
2/20/19,3926.53
2/19/19,3910.8
2/18/19,3670.74
2/17/19,3619.55
2/16/19,3608.2
2/15/19,3600.31
2/14/19,3614.5
2/13/19,3632.42
2/12/19,3629.47
2/11/19,3686.29
2/10/19,3664.38
2/9/19,3661.08
2/8/19,3394.76
2/7/19,3405.7
2/6/19,3467.34
2/5/19,3452.35
2/4/19,3456.02
2/3/19,3506.22
2/2/19,3475.33
2/1/19,3444.81
1/31/19,3470
1/30/19,3421.6
1/29/19,3448.58
1/28/19,3554.5
1/27/19,3576.3
1/26/19,3577.79
1/25/19,3586.25
1/24/19,3566.4
1/23/19,3587.35
1/22/19,3540.02
1/21/19,3548.4275
1/20/19,3703.98
1/19/19,3690.523333
1/18/19,3632.395
1/17/19,3621.43
1/16/19,3621.270833
1/15/19,3656.785
1/14/19,3531.96
1/13/19,3599.841667
1/12/19,3646.345833
1/11/19,3646.25
1/10/19,3812.585833
1/9/19,4034.138333
1/8/19,4032.25
1/7/19,4036.093333
1/6/19,3920.456667
1/5/19,3856.62
1/4/19,3822.626667
1/3/19,3865.7975
1/2/19,3855.88
1/1/19,3752.271667
12/31/18,3791.545833
12/30/18,3770.36
12/29/18,3912.285833
12/28/18,3743.905
12/27/18,3848.21
12/26/18,3825.379167
12/25/18,3813.88
12/24/18,3995.17
12/23/18,4027.478333
12/22/18,3910.973333
12/21/18,4135.19
12/20/18,3982.850833
12/19/18,3808.0425
12/18/18,3556.54
12/17/18,3392.405
12/16/18,3271.238333
12/15/18,3242.42
12/14/18,3278.374167
12/13/18,3406.7625
12/12/18,3407.28
12/11/18,3426.19
12/10/18,3523.96
12/9/18,3453.66
12/8/18,3435.34
12/7/18,3405.643333
12/6/18,3744.98
12/5/18,3858.349167
12/4/18,3961.493333
12/3/18,4140.6
12/2/18,4167.546667
12/1/18,4116.7775
11/30/18,4278.77
11/29/18,4263.783333
11/28/18,4103.453846
11/27/18,3793.35
11/26/18,3920.536667
11/25/18,3823.511667
11/24/18,4352.98
11/23/18,4309.3375
11/22/18,4548.7975
11/21/18,4491.98
11/20/18,4671.97
11/19/18,5303.9425
11/18/18,5572.44
11/17/18,5558.243333
11/16/18,5596.1925
11/15/18,5756.77
11/14/18,6176.155
11/13/18,6372.063333
11/12/18,6408.53
11/11/18,6378.268333
11/10/18,6399.033333
11/9/18,6444.97
11/8/18,6486.251667
11/7/18,6538.79
11/6/18,6437.76
11/5/18,6436.965
11/4/18,6391.873333
11/3/18,6390.42
11/2/18,6387.674167
11/1/18,6342.280833
10/31/18,6301.61
10/30/18,6309.452857
10/29/18,6382.668333
10/28/18,6457.21
10/27/18,6465.9175
10/26/18,6473.753333
10/25/18,6489.77
10/24/18,6508.31
10/23/18,6481.426
10/22/18,6504.78
10/21/18,6531.601667
10/20/18,6488.825833
10/19/18,6509.61
10/18/18,6568.040769
10/17/18,6596.276154
10/16/18,6599.17
10/15/18,6452.571667
10/14/18,6299.399167
10/13/18,6247
10/12/18,6260.530833
10/11/18,6248.635833
10/10/18,6626.85
10/9/18,6621.711667
10/8/18,6618.567692
10/7/18,6573.62
10/6/18,6581.486667
10/5/18,6568.549167
10/4/18,6483.73
10/3/18,6470.4025
10/2/18,6562.641667
10/1/18,6611.02
9/30/18,6593.135
9/29/18,6550.474167
9/28/18,6686.08
9/27/18,6535.476667
9/26/18,6468.631667
9/25/18,6583.45
9/24/18,6639.304167
9/23/18,6710.445
9/22/18,6756.12
9/21/18,6669.990833
9/20/18,6418.562667
9/19/18,6342.39
9/18/18,6296.631667
9/17/18,6400.600833
9/16/18,6522.39
9/15/18,6518.655
9/14/18,6499.0625
9/13/18,6326.04
9/12/18,6273.1375
9/11/18,6296.320833
9/10/18,6240.98
9/9/18,6286.425833
9/8/18,6366.1075
9/7/18,6501.19
9/6/18,6433.271667
9/5/18,7113.069231
9/4/18,7265.08
9/3/18,7260.949231
9/2/18,7247.935385
9/1/18,7018.78
8/31/18,6981.946154
8/30/18,6932.6625
8/29/18,7078.19
8/28/18,7000.04
8/27/18,6719.266154
8/26/18,6738.27
8/25/18,6719.429231
8/24/18,6543.645714
8/23/18,6354.57
8/22/18,6575.229167
8/21/18,6401.246154
8/20/18,6486.58
8/19/18,6404.063333
8/18/18,6436.720833
8/17/18,6312.75
8/16/18,6342.629231
8/15/18,6362.676923
8/14/18,6252.13
8/13/18,6347.07
8/12/18,6311.131667
8/11/18,6138.96
8/10/18,6396.494667
8/9/18,6396.7725
8/8/18,6718.23
8/7/18,6993.513333
8/6/18,6988.079167
8/5/18,7011.28
8/4/18,7247.769167
8/3/18,7394.499167
8/2/18,7607.7
8/1/18,7570.869167
7/31/18,7916.800833
7/30/18,8220.91
7/29/18,8206.341667
7/28/18,8182.251667
7/27/18,7939.81
7/26/18,8187.324167
7/25/18,8251.165
7/24/18,7715.1
7/23/18,7689.884167
7/22/18,7451.289167
7/21/18,7334.99
7/20/18,7428.045
7/19/18,7396.401667
7/18/18,7321.62
7/17/18,6869.910833
7/16/18,6514.390833
7/15/18,6248.84
7/14/18,6241
7/13/18,6244.3575
7/12/18,6403.18
7/11/18,6377.363333
7/10/18,6510.791667
7/9/18,6724.04
7/8/18,6753.559167
7/7/18,6594.281667
7/6/18,6555.51
7/5/18,6603.376667
7/4/18,6593.289167
7/3/18,6626.44
7/2/18,6466.069167
7/1/18,6374.754167
6/30/18,6223.28
6/29/18,5908.7025
6/28/18,6107.896154
6/27/18,6097.46
6/26/18,6218.595
6/25/18,6211.4475
6/24/18,6170.46
6/23/18,6141.605833
6/22/18,6332.573333
6/21/18,6760.83
6/20/18,6714.718333
6/19/18,6737
6/18/18,6445.79
6/17/18,6464.411667
6/16/18,6509.426667
6/15/18,6637.41
6/14/18,6647.013333
6/13/18,6315.7
6/12/18,6879.31
6/11/18,6875.678333
6/10/18,6776.888333
6/9/18,7615.54
6/8/18,7620.153333
6/7/18,7676.271667
6/6/18,7619.43
6/5/18,7615.722142
6/4/18,7500.273333
6/3/18,7637.14
6/2/18,7645.146667
6/1/18,7535.146667
5/31/18,7386.72
5/30/18,7385.395
5/29/18,7459.876667
5/28/18,7344.56
5/27/18,7361.831667
5/26/18,7342.908333
5/25/18,7576.78
5/24/18,7566.193333
5/23/18,7555.74
5/22/18,8396.63
5/21/18,8385.556187
5/20/18,8507.406667
5/19/18,8239.08
5/18/18,8240.055
5/17/18,8106.118333
5/16/18,8471.06
5/15/18,8511.458
5/14/18,8652.038333
5/13/18,8463.52
5/12/18,8484.346667
5/11/18,8468.788
5/10/18,9310.37
5/9/18,9322.041667
5/8/18,9228.608333
5/7/18,9631.44
5/6/18,9630.136277
5/5/18,9803.306667
5/4/18,9753.35
5/3/18,9639.268333
5/2/18,9221.426
5/1/18,9239.55
4/30/18,9259.57
4/29/18,9334.281667
4/28/18,8928.55
4/27/18,9010.32
4/26/18,9258.398333
4/25/18,9658.11
4/24/18,9555.542
4/23/18,8933.861667
4/22/18,8930.6
4/21/18,8807.205
4/20/18,8852.718333
4/19/18,8175.96
4/18/18,8164.937426
4/17/18,7895.416926
4/16/18,8368.1
4/15/18,8340.748333
4/14/18,8036.511051
4/13/18,7941.46
4/12/18,7847.845
4/11/18,6926.266667
4/10/18,6784.41
4/9/18,6699.273333
4/8/18,7017.656667
4/7/18,6634.68
4/6/18,6603.876667
4/5/18,6826.51
4/4/18,7426.48
4/3/18,7410.435
4/2/18,7035.848333
4/1/18,6937.56
3/31/18,6935.48
3/30/18,6882.531667
3/29/18,7950.61
3/28/18,7960.38
3/27/18,7876.195
3/26/18,8457.96
3/25/18,8617.296667
3/24/18,8662.378333
3/23/18,8725.37
3/22/18,8690.408333
3/21/18,8947.753333
3/20/18,8605.64
3/19/18,8412.033333
3/18/18,8171.415
3/17/18,8297.89
3/16/18,8530.402
3/15/18,8358.121667
3/14/18,9153.54
3/13/18,9154.7
3/12/18,9182.843333
3/11/18,8777.37
3/10/18,8746.002
3/9/18,9089.278333
3/8/18,9920.46
3/7/18,10118.058
3/6/18,10763.19833
3/5/18,11516.83
3/4/18,11430.18167
3/3/18,11326.94833
3/2/18,10931.12
3/1/18,11009.38167
2/28/18,10370.165
2/27/18,10319.46
2/26/18,10348.60333
2/25/18,9696.593333
2/24/18,10171.3
2/23/18,10162.11667
2/22/18,9931.071667
2/21/18,11245.98
2/20/18,11390.39167
2/19/18,11110.965
2/18/18,11085.83
2/17/18,10841.99167
2/16/18,10127.16167
2/15/18,9471.64
2/14/18,9334.633333
2/13/18,8597.7675
2/12/18,8068.02
2/11/18,8343.455
2/10/18,8319.876566
2/9/18,8245.08
2/8/18,8240.536667
2/7/18,8099.958333
2/6/18,6925.46
2/5/18,6838.816667
2/4/18,8400.648333
2/3/18,8852.73
2/2/18,8901.901667
2/1/18,9083.258333
1/31/18,10082.52
1/30/18,10184.06167
1/29/18,11212.655
1/28/18,11431.37
1/27/18,11524.77667
1/26/18,10969.815
1/25/18,11392.03
1/24/18,11282.25833
1/23/18,11223.064
1/22/18,11513.42
1/21/18,11505.228
1/20/18,12950.79333
1/19/18,11174.82
1/18/18,11345.42333
1/17/18,11116.94667
1/16/18,13554.14
1/15/18,14012.196
1/14/18,13852.92
1/13/18,13791.19
1/12/18,13912.882
1/11/18,13296.794
1/10/18,14437.42
1/9/18,14714.25333
1/8/18,15265.90667
1/7/18,17155.95
1/6/18,17319.198
1/5/18,17174.12
1/4/18,15039.24
1/3/18,15053.26167
1/2/18,15005.85667
1/1/18,13796
12/31/17,14165.575
12/30/17,13215.574
12/29/17,14214.01
12/28/17,14380.58167
12/27/17,15589.32167
12/26/17,13740.94
12/25/17,14119.02833
12/24/17,13949.175
12/23/17,13776.61
12/22/17,15190.945
12/21/17,16047.51
12/20/17,17382.94
12/19/17,17737.11167
12/18/17,18961.85667
12/17/17,19279.9
12/16/17,19498.68333
12/15/17,17771.9
12/14/17,16252.31
12/13/17,16808.36667
12/12/17,17276.39333
12/11/17,15068.95
12/10/17,14869.805
12/9/17,15142.83415
12/8/17,16860.88
12/7/17,16501.97167
12/6/17,13540.98
12/5/17,11591.22
12/4/17,11584.83
12/3/17,11332.622
12/2/17,10879.88
12/1/17,10883.912
11/30/17,10147.372
11/29/17,9919
11/28/17,9952.50882
11/27/17,9718.29505
11/26/17,8768.8
11/25/17,8707.407267
11/24/17,8250.978333
11/23/17,8236.72
11/22/17,8268.035
11/21/17,8059.8
11/20/17,8049.72
11/19/17,8007.654067
11/18/17,7817.140383
11/17/17,7868.77
11/16/17,7815.0307
11/15/17,7301.42992
11/14/17,6493.63
11/13/17,6550.227533
11/12/17,5716.301583
11/11/17,6569.22
11/10/17,6719.39785
11/9/17,7158.03706
11/8/17,7128.64
11/7/17,7092.127233
11/6/17,6989.071667
11/5/17,7365.99
11/4/17,7437.543317
11/3/17,7197.72006
11/2/17,6751.98
11/1/17,6665.306683
10/31/17,6388.645167
10/30/17,6136.49
10/29/17,6155.43402
10/28/17,5776.69695
10/27/17,5889.82
10/26/17,5893.138417
10/25/17,5669.622533
10/24/17,5900.59
10/23/17,5876.079867
10/22/17,5983.18455
10/21/17,5986.44
10/20/17,5979.45984
10/19/17,5727.6335
10/18/17,5594.66
10/17/17,5603.71294
10/16/17,5711.205867
10/15/17,5825.99
10/14/17,5739.438733
10/13/17,5563.806567
10/12/17,4822.17
10/11/17,4819.485767
10/10/17,4782.28
10/9/17,4605.66
10/8/17,4602.280883
10/7/17,4376.191667
10/6/17,4318.58
10/5/17,4338.852
10/4/17,4225.175
10/3/17,4394.07
10/2/17,4386.88375
10/1/17,4360.722967
9/30/17,4164.27
9/29/17,4193.574667
9/28/17,4201.98905
9/27/17,3881
9/26/17,3910.307383
9/25/17,3942.555
9/24/17,3777.62
9/23/17,3776.3869
9/22/17,3637.50255
9/21/17,3894.48
9/20/17,3977.561667
9/19/17,3943.413333
9/18/17,3678.53
9/17/17,3746.060783
9/16/17,3763.62604
9/15/17,3216.43
9/14/17,3319.63
9/13/17,3961.271267
9/12/17,4198.59
9/11/17,4248.090017
9/10/17,4329.955
9/9/17,4312.26
9/8/17,4310.750183
9/7/17,4654.6585
9/6/17,4385.02
9/5/17,4488.72014
9/4/17,4344.098317
9/3/17,4585.57
9/2/17,4580.38748
9/1/17,4911.740017
8/31/17,4582.52
8/30/17,4594.98785
8/29/17,4607.98545
8/28/17,4339.05
8/27/17,4354.308333
8/26/17,4360.513317
8/25/17,4331.77
8/24/17,4340.316717
8/23/17,4174.95
8/22/17,3986.28
8/21/17,4043.722
8/20/17,4157.958033
8/19/17,4104.71
8/18/17,4130.440067
8/17/17,4328.725717
8/16/17,4179.97
8/15/17,4217.028329
8/14/17,4282.992
8/13/17,3868.52
8/12/17,3852.802914
8/11/17,3632.506667
8/10/17,3340.28
8/9/17,3357.326317
8/8/17,3457.374333
8/7/17,3210.2
8/6/17,3252.562533
8/5/17,3218.115017
8/4/17,2790
8/3/17,2794.117717
8/2/17,2693.633983
8/1/17,2862.9
7/31/17,2866.431667
7/30/17,2745.955417
7/29/17,2784.8
7/28/17,2781.636583
7/27/17,2647.625
7/26/17,2564.3
7/25/17,2560.997917
7/24/17,2751.821029
7/23/17,2825.51
7/22/17,2807.609857
7/21/17,2682.195363
7/20/17,2265.21
7/19/17,2264.7657
7/18/17,2320.12225
7/17/17,1910.96
7/16/17,1931.2143
7/15/17,2058.9956
7/14/17,2338.49
7/13/17,2354.783417
7/12/17,2385.748571
7/11/17,2327.09
7/10/17,2366.170143
7/9/17,2536.238938
7/8/17,2502.86
7/7/17,2491.201214
7/6/17,2609.96775
7/5/17,2598.89
7/4/17,2599.729838
7/3/17,2561.225429
7/2/17,2421.26
7/1/17,2501.191343
6/30/17,2477.641375
6/29/17,2558.3
6/28/17,2585.349186
6/27/17,2517.903114
6/26/17,2502.03
6/25/17,2512.366286
6/24/17,2589.164888
6/23/17,2713.48
6/22/17,2727.288013
6/21/17,2671.04325
6/20/17,2600
6/19/17,2617.210263
6/18/17,2507.389252
6/17/17,2477.94
6/16/17,2464.959814
6/15/17,2442.48025
6/14/17,2706
6/13/17,2748.185086
6/12/17,2657.675063
6/11/17,2898.63
6/10/17,2845.372857
6/9/17,2827.4913
6/8/17,2683.03
6/7/17,2664.920863
6/6/17,2883.313697
6/5/17,2529.53
6/4/17,2516.173143
6/3/17,2525.765158
6/2/17,2409.93
6/1/17,2399.242671
5/31/17,2285.933914
5/30/17,2290.02
5/29/17,2275.9307
5/28/17,2192.9808
5/27/17,2279.82
5/26/17,2211.976857
5/25/17,2387.206286
5/24/17,2256.32
5/23/17,2287.710288
5/22/17,2090.662313
5/21/17,2008.84
5/20/17,2052.909788
5/19/17,1961.520488
5/18/17,1783.98
5/17/17,1807.485063
5/16/17,1739.031975
5/15/17,1780
5/14/17,1776.3165
5/13/17,1771.920013
5/12/17,1829
5/11/17,1820.990563
5/10/17,1762.88625
5/9/17,1651.1
5/8/17,1640.619225
5/7/17,1535.868429
5/6/17,1518.75
5/5/17,1533.335071
5/4/17,1508.292125
5/3/17,1447.55
5/2/17,1452.076288
5/1/17,1417.172813
4/30/17,1333
4/29/17,1334.979038
4/28/17,1331.294429
4/27/17,1288.02
4/26/17,1309.109875
4/25/17,1279.414688
4/24/17,1240.84
4/23/17,1257.988113
4/22/17,1261.311225
4/21/17,1236.63
4/20/17,1241.686325
4/19/17,1217.930088
4/18/17,1176.97
4/17/17,1205.634875
4/16/17,1186.927413
4/15/17,1170.36
4/14/17,1185.260057
4/13/17,1180.023713
4/12/17,1219.09
4/11/17,1226.617038
4/10/17,1207.744875
4/9/17,1184.03
4/8/17,1181.149838
4/7/17,1190.45425
4/6/17,1133.53
4/5/17,1133.079314
4/4/17,1141.600363
4/3/17,1079.99
4/2/17,1099.169125
4/1/17,1086.929571
3/31/17,1034.74
3/30/17,1037.90455
3/29/17,1040.5755
3/28/17,1041.04
3/27/17,1037.22925
3/26/17,956.7863125
3/25/17,927.93
3/24/17,941.9197143
3/23/17,1038.789
3/22/17,1113
3/21/17,1118.630043
3/20/17,1049.084488
3/19/17,967.69
3/18/17,952.2323625
3/17/17,1091.171888
3/16/17,1257
3/15/17,1257.399625
3/14/17,1245.370786
3/13/17,1227.68
3/12/17,1227.494625
3/11/17,1179.159875
3/10/17,1192.09
3/9/17,1192.469143
3/8/17,1157.3933
3/7/17,1279.5
3/6/17,1275.197375
3/5/17,1270.9333
3/4/17,1287
3/3/17,1285.14
3/2/17,1259.410817
3/1/17,1190.89
2/28/17,1187.565286
2/27/17,1190.75195
2/26/17,1150.37
2/25/17,1150.605714
2/24/17,1174.86625
2/23/17,1130.01
2/22/17,1123.223188
2/21/17,1123.788429
2/20/17,1050.87
2/19/17,1052.779286
2/18/17,1056.637138
2/17/17,1035.2
2/16/17,1035.208125
2/15/17,1012.325988
2/14/17,1001.2
2/13/17,999.877375
2/12/17,1000.604625
2/11/17,997.59
2/10/17,999.1035
2/9/17,976.103
2/8/17,1052.84
2/7/17,1050.11
2/6/17,1024.01375
2/5/17,1034.07
2/4/17,1030.999413
2/3/17,1013.027
2/2/17,983.42
2/1/17,979.703875
1/31/17,964.706075
1/30/17,912.19
1/29/17,915.933
1/28/17,920.31225
1/27/17,915.05
1/26/17,915.95625
1/25/17,893.045625
1/24/17,919.97
1/23/17,922.0736125
1/22/17,918.603625
1/21/17,895.64
1/20/17,893.6210875
1/19/17,895.798875
1/18/17,906.6
1/17/17,903.84
1/16/17,830.5
1/15/17,819.55
1/14/17,817.91
1/13/17,826.29
1/12/17,780.92
1/11/17,785.22
1/10/17,906.05
1/9/17,910.49
1/8/17,908.14
1/7/17,896.83
1/6/17,999.65
1/5/17,994.67
1/4/17,1126.76
1/3/17,1013.42
1/2/17,1015.97
1/1/17,997.72
12/31/16,958.12
12/30/16,952.15
12/29/16,963.38
12/28/16,930.34
12/27/16,930.37
12/26/16,897.33
12/25/16,892.6
12/24/16,891.61
12/23/16,901.31
12/22/16,834.97
12/21/16,824.21
12/20/16,793.09
12/19/16,788.67
12/18/16,788.4
12/17/16,788.7
12/16/16,775.88
12/15/16,776.75
12/14/16,774.89
12/13/16,777.99
12/12/16,777
12/11/16,777
12/10/16,769.08
12/9/16,770.02
12/8/16,769.72
12/7/16,758.99
12/6/16,756.62
12/5/16,754.63
12/4/16,762.97
12/3/16,764.33
12/2/16,772.43
12/1/16,742.05
11/30/16,742.69
11/29/16,732.71
11/28/16,727.31
11/27/16,727.96
11/26/16,733.67
11/25/16,735.64
11/24/16,737.45
11/23/16,741.63
11/22/16,736.97
11/21/16,738.53
11/20/16,729.06
11/19/16,748.98
11/18/16,747.52
11/17/16,736.96
11/16/16,711.73
11/15/16,710.91
11/14/16,706.46
11/13/16,702.28
11/12/16,703.71
11/11/16,715.45
11/10/16,721.5
11/9/16,720.93
11/8/16,708.97
11/7/16,709.96
11/6/16,712
11/5/16,704.79
11/4/16,683.69
11/3/16,686.17
11/2/16,733.33
11/1/16,697.01
10/31/16,702
10/30/16,698
10/29/16,685.91
10/28/16,687.68
10/27/16,682.22
10/26/16,651.45
10/25/16,655.31
10/24/16,651.39
10/23/16,653.25
10/22/16,655.48
10/21/16,631.92
10/20/16,627.72
10/19/16,629.25
10/18/16,636.29
10/17/16,638.97
10/16/16,641.42
10/15/16,637.94
10/14/16,634.02
10/13/16,635.96
10/12/16,635.01
10/11/16,614.77
10/10/16,617.54
10/9/16,615.65
10/8/16,614.74
10/7/16,617.21
10/6/16,612.08
10/5/16,607.18
10/4/16,609.62
10/3/16,611.85
10/2/16,612.98
10/1/16,614.82
9/30/16,609.39
9/29/16,603.85
9/28/16,605.67
9/27/16,605.96
9/26/16,598.98
9/25/16,601.74
9/24/16,603.88
9/23/16,594.08
9/22/16,597.42
9/21/16,598.88
9/20/16,608.66
9/19/16,610.19
9/18/16,611.58
9/17/16,607.04
9/16/16,609.11
9/15/16,610.38
9/14/16,608.82
9/13/16,610.92
9/12/16,609.67
9/11/16,621.65
9/10/16,625.76
9/9/16,625.07
9/8/16,615.33
9/7/16,614.46
9/6/16,611.09
9/5/16,603.95
9/4/16,610.59
9/3/16,600.88
9/2/16,571
9/1/16,572.81
8/31/16,574.82
8/30/16,571.5
8/29/16,575.22
8/28/16,576.53
8/27/16,577.77
8/26/16,581.07
8/25/16,579.86
8/24/16,581.98
8/23/16,586.18
8/22/16,588.97
8/21/16,577.52
8/20/16,583.2
8/19/16,576.65
8/18/16,570.92
8/17/16,575.51
8/16/16,581.11
8/15/16,567.34
8/14/16,570.97
8/13/16,586.43
8/12/16,586.01
8/11/16,589.24
8/10/16,592.18
8/9/16,591.69
8/8/16,592.69
8/7/16,594.27
8/6/16,572.72
8/5/16,576.55
8/4/16,577.31
8/3/16,530.74
8/2/16,515.06
8/1/16,606.32
7/31/16,654.68
7/30/16,654.73
7/29/16,656.88
7/28/16,655.37
7/27/16,654.98
7/26/16,655.06
7/25/16,661.48
7/24/16,661.41
7/23/16,655.84
7/22/16,664
7/21/16,664.88
7/20/16,665.64
7/19/16,673.46
7/18/16,673.2
7/17/16,675.45
7/16/16,663.19
7/15/16,664.57
7/14/16,658.83
7/13/16,664.5
7/12/16,672.76
7/11/16,647.98
7/10/16,647.41
7/9/16,651.86
7/8/16,659.55
7/7/16,673.76
7/6/16,673.78
7/5/16,666.48
7/4/16,656.97
7/3/16,658.41
7/2/16,701.71
7/1/16,667.95
6/30/16,671.4
6/29/16,637.95
6/28/16,651.85
6/27/16,646.7
6/26/16,627.39
6/25/16,665
6/24/16,660.6
6/23/16,624.54
6/22/16,664.46
6/21/16,665.95
6/20/16,729.19
6/19/16,751.96
6/18/16,754.36
6/17/16,743.91
6/16/16,693.88
6/15/16,692.28
6/14/16,685.24
6/13/16,665.85
6/12/16,664.8465
6/11/16,594.4399875
6/10/16,574.32
6/9/16,575.2941375
6/8/16,578.68
6/7/16,583.72
6/6/16,584.5
6/5/16,574.02
6/4/16,567.88
6/3/16,568
6/2/16,539.99
6/1/16,531.97
5/31/16,531.15
5/30/16,525.15
5/29/16,526.64
5/28/16,522.43
5/27/16,470.29
5/26/16,448.7
5/25/16,447.94
5/24/16,445.34
5/23/16,438.47
5/22/16,438
5/21/16,443.89
5/20/16,436.05
5/19/16,441.87
5/18/16,452.9
5/17/16,454
5/16/16,454.88
5/15/16,457.08
5/14/16,455.82
5/13/16,456.82
5/12/16,454.7
5/11/16,450.78
5/10/16,450
5/9/16,461.63
5/8/16,459.02
5/7/16,459.04
5/6/16,460.91
5/5/16,446.84
5/4/16,447.37
5/3/16,450.96
5/2/16,453
5/1/16,451.9
4/30/16,447.17
4/29/16,449.98
4/28/16,450
4/27/16,447.31
4/26/16,462.5
4/25/16,463.86
4/24/16,459.4
4/23/16,447.7
4/22/16,447.25
4/21/16,451
4/20/16,435.95
4/19/16,435.91
4/18/16,427.28
4/17/16,430.58
4/16/16,429.43
4/15/16,429.09
4/14/16,423.87
4/13/16,424.61
4/12/16,425.89
4/11/16,420.75
4/10/16,421.63
4/9/16,417.73
4/8/16,419.95
4/7/16,420.33
4/6/16,421.09
4/5/16,419.71
4/4/16,418.99
4/3/16,418.07
4/2/16,416.31
4/1/16,416.25
3/31/16,416.94
3/30/16,415.83
3/29/16,414
3/28/16,422.96
3/27/16,416.96
3/26/16,415.71
3/25/16,416.44
3/24/16,417.96
3/23/16,417.8
3/22/16,415.35
3/21/16,411.81
3/20/16,410.77
3/19/16,405.59
3/18/16,418.49
3/17/16,418.64
3/16/16,415.99
3/15/16,414.99
3/14/16,414.78
3/13/16,413.89
3/12/16,420.11
3/11/16,421.22
3/10/16,416
3/9/16,412.15
3/8/16,412.39
3/7/16,411.94
3/6/16,399.17
3/5/16,401
3/4/16,416.48
3/3/16,422.5
3/2/16,429.99
3/1/16,431.87
2/29/16,431.89
2/28/16,433.47
2/27/16,432
2/26/16,423.46
2/25/16,421.4
2/24/16,423.1
2/23/16,436.76
2/22/16,438.5
2/21/16,434.67
2/20/16,419.98
2/19/16,418.02
2/18/16,418.97
2/17/16,407
2/16/16,406.69
2/15/16,402.64
2/14/16,389.88
2/13/16,388.6
2/12/16,381.46
2/11/16,379.14
2/10/16,378.98
2/9/16,372.61
2/8/16,375
2/7/16,373.74
2/6/16,373.04
2/5/16,388
2/4/16,385.06
2/3/16,368.38
2/2/16,371.99
2/1/16,372
1/31/16,376.86
1/30/16,378.18
1/29/16,377.26
1/28/16,382.44
1/27/16,391.66
1/26/16,394.12
1/25/16,387.09
1/24/16,385.09
1/23/16,388.5
1/22/16,385.7
1/21/16,420.35
1/20/16,408.33
1/19/16,378.66
1/18/16,380.16
1/17/16,385.45
1/16/16,370.4
1/15/16,429.55
1/14/16,431.9
1/13/16,429.57
1/12/16,447.98
1/11/16,447.11
1/10/16,446.24
1/9/16,452.64
1/8/16,447.04
1/7/16,453.71
1/6/16,432.43
1/5/16,431.9
1/4/16,433
1/3/16,432.76
1/2/16,433.94
1/1/16,432.33
12/31/15,428.23
12/30/15,428
12/29/15,431.13
12/28/15,422.42
12/27/15,418.46
12/26/15,417.99
12/25/15,456
12/24/15,453.95
12/23/15,441.4
12/22/15,438.35
12/21/15,438.7
12/20/15,434.98
12/19/15,463
12/18/15,458.95
12/17/15,453.39
12/16/15,463.98
12/15/15,459.48
12/14/15,445.6
12/13/15,436.2
12/12/15,426.06
12/11/15,444.29
12/10/15,416.49
12/9/15,414.01
12/8/15,394.99
12/7/15,387.3
12/6/15,390.04
12/5/15,390.04
12/4/15,361.47
12/3/15,362.49
12/2/15,360.98
12/1/15,377.27
11/30/15,372.53
11/29/15,363.98
11/28/15,358
11/27/15,359.54
11/26/15,348
11/25/15,319.64
11/24/15,321.1
11/23/15,324.49
11/22/15,326.31
11/21/15,325.56
11/20/15,320.62
11/19/15,333.66
11/18/15,334.46
11/17/15,335.95
11/16/15,318.97
11/15/15,322.33
11/14/15,331.9
11/13/15,340.81
11/12/15,331.6
11/11/15,309.9
11/10/15,380.62
11/9/15,378.8
11/8/15,381.51
11/7/15,373.69
11/6/15,388.38
11/5/15,400
11/4/15,404.5
11/3/15,409
11/2/15,340.69
11/1/15,310.18
10/31/15,310.92
10/30/15,329.2
10/29/15,304.79
10/28/15,298.95
10/27/15,294.73
10/26/15,282.8
10/25/15,295.01
10/24/15,279.9
10/23/15,274.35
10/22/15,273.95
10/21/15,269.1
10/20/15,263.59
10/19/15,264.16
10/18/15,262.44
10/17/15,262.26
10/16/15,269.07
10/15/15,262.31
10/14/15,249.98
10/13/15,254.6
10/12/15,249.58
10/11/15,245.72
10/10/15,248.08
10/9/15,245.79
10/8/15,243.01
10/7/15,243.91
10/6/15,245.25
10/5/15,238.4
10/4/15,239.22
10/3/15,239.47
10/2/15,238.03
10/1/15,237.78
9/30/15,238.98
9/29/15,239.14
9/28/15,237.68
9/27/15,238.94
9/26/15,235.22
9/25/15,235.79
9/24/15,233.9
9/23/15,230.42
9/22/15,229.43
9/21/15,226.56
9/20/15,230.25
9/19/15,230.71
9/18/15,232.99
9/17/15,228.33
9/16/15,227.86
9/15/15,230
9/14/15,230
9/13/15,229.86
9/12/15,235.13
9/11/15,238.81
9/10/15,239.68
9/9/15,240.08
9/8/15,240.47
9/7/15,241.31
9/6/15,240.2
9/5/15,230.73
9/4/15,230.8
9/3/15,227.42
9/2/15,227.97
9/1/15,228.32
8/31/15,230.94
8/30/15,229.63
8/29/15,228.22
8/28/15,234.17
8/27/15,225.04
8/26/15,228.84
8/25/15,222.02
8/24/15,228.14
8/23/15,228.68
8/22/15,226.04
8/21/15,235.31
8/20/15,233.23
8/19/15,233.29
8/18/15,256.66
8/17/15,257.45
8/16/15,257.47
8/15/15,265.93
8/14/15,265.41
8/13/15,266.99
8/12/15,270.98
8/11/15,267.89
8/10/15,265.85
8/9/15,262.22
8/8/15,265.42
8/7/15,269.89
8/6/15,281
8/5/15,277.1
8/4/15,282.69
8/3/15,282.26
8/2/15,284.39
8/1/15,280.69
7/31/15,288.45
7/30/15,284.78
7/29/15,287.56
7/28/15,293.93
7/27/15,295.24
7/26/15,290.79
7/25/15,289
7/24/15,287.12
7/23/15,287.3
7/22/15,276.76
7/21/15,277.54
7/20/15,278.97
7/19/15,276.74
7/18/15,276.09
7/17/15,278.08
7/16/15,285.66
7/15/15,275.76
7/14/15,290.95
7/13/15,310.55
7/12/15,289.9
7/11/15,309.3
7/10/15,269
7/9/15,286.98
7/8/15,270.68
7/7/15,268.53
7/6/15,267.26
7/5/15,273.37
7/4/15,256.12
7/3/15,257.92
7/2/15,255.1
7/1/15,262.43
6/30/15,257.85
6/29/15,262.53
6/28/15,251.21
6/27/15,248.76
6/26/15,248.5
6/25/15,240.2
6/24/15,241.92
6/23/15,240.64
6/22/15,243.55
6/21/15,246.35
6/20/15,242.47
6/19/15,248.26
6/18/15,246.45
6/17/15,248.25
6/16/15,236
6/15/15,245.35
6/14/15,236.46
6/13/15,229.6
6/12/15,230.22
6/11/15,229.98
6/10/15,228.88
6/9/15,228.01
6/8/15,230.1
6/7/15,224.99
6/6/15,222.6
6/5/15,224.49
6/4/15,225.4
6/3/15,225.54
6/2/15,226.29
6/1/15,228.34
5/31/15,222.4
5/30/15,231.95
5/29/15,236.44
5/28/15,235.87
5/27/15,236.48
5/26/15,235.59
5/25/15,235.94
5/24/15,235.65
5/23/15,238.8
5/22/15,238.77
5/21/15,240.5
5/20/15,231.4
5/19/15,234.6
5/18/15,232.04
5/17/15,236.63
5/16/15,235.78
5/15/15,236.63
5/14/15,235.97
5/13/15,238.32
5/12/15,242.72
5/11/15,239.11
5/10/15,244.19
5/9/15,239.35
5/8/15,237.16
5/7/15,244.72
5/6/15,233.99
5/5/15,238.25
5/4/15,234.66
5/3/15,236.17
5/2/15,230.97
5/1/15,234.13
4/30/15,233.43
4/29/15,225.2
4/28/15,225.69
4/27/15,222.66
4/26/15,226.29
4/25/15,218.42
4/24/15,228.6
4/23/15,233.59
4/22/15,235.48
4/21/15,237.34
4/20/15,222.61
4/19/15,224.63
4/18/15,225.72
4/17/15,227.5
4/16/15,222.67
4/15/15,229.62
4/14/15,223.01
4/13/15,216
4/12/15,225.99
4/11/15,236
4/10/15,236.7
4/9/15,235.71
4/8/15,253.9
4/7/15,245.89
4/6/15,255.48
4/5/15,253.67
4/4/15,257.03
4/3/15,253.77
4/2/15,246.49
4/1/15,252.44
3/31/15,242.7
3/30/15,242.34
3/29/15,245.18
3/28/15,244.05
3/27/15,249.23
3/26/15,248.63
3/25/15,251.98
3/24/15,265.99
3/23/15,247.83
3/22/15,266.07
3/21/15,262.1
3/20/15,257.83
3/19/15,259.8
3/18/15,284.48
3/17/15,265.85
3/16/15,287.02
3/15/15,282.2
3/14/15,283.57
3/13/15,284.21
3/12/15,296.56
3/11/15,297.39
3/10/15,293.29
3/9/15,275
3/8/15,287.48
3/7/15,273.87
3/6/15,273.11
3/5/15,272.12
3/4/15,265.63
3/3/15,275.87
3/2/15,275.8
3/1/15,263.81
2/28/15,252.11
2/27/15,252.98
2/26/15,254
2/25/15,239.94
2/24/15,238.59
2/23/15,240.1
2/22/15,245.41
2/21/15,236
2/20/15,245.66
2/19/15,237.44
2/18/15,241.59
2/17/15,234.87
2/16/15,234.18
2/15/15,235.86
2/14/15,243.99
2/13/15,222.33
2/12/15,239.94
2/11/15,221.83
2/10/15,219.93
2/9/15,220.16
2/8/15,220.39
2/7/15,222.36
2/6/15,225.16
2/5/15,220.47
2/4/15,227.53
2/3/15,222.56
2/2/15,236.51
2/1/15,219.25
1/31/15,220.72
1/30/15,229.7
1/29/15,236.2
1/28/15,233.19
1/27/15,249.25
1/26/15,254.32
1/25/15,271.47
1/24/15,247.11
1/23/15,233.51
1/22/15,233.03
1/21/15,233.9
1/20/15,216.01
1/19/15,212.99
1/18/15,212.39
1/17/15,208.13
1/16/15,197.12
1/15/15,205.35
1/14/15,222
1/13/15,176.5
1/12/15,230.89
1/11/15,275.97
1/10/15,272.25
1/9/15,278
1/8/15,297.99
1/7/15,276.8
1/6/15,276.8
1/5/15,263.17
1/4/15,276.8
1/3/15,270.93
1/2/15,314.81
1/1/15,316.15
12/31/14,315.7
12/30/14,313.4
12/29/14,313.09
12/28/14,314.49
12/27/14,329.94
12/26/14,314.45
12/25/14,328.09
12/24/14,336.95
12/23/14,327.59
12/22/14,336.96
12/21/14,331.52
12/20/14,326.93
12/19/14,325.7
12/18/14,321.34
12/17/14,317.7
12/16/14,318.2
12/15/14,357.8
12/14/14,352.15
12/13/14,353.28
12/12/14,348.97
12/11/14,355.08
12/10/14,356.1
12/9/14,362.99
12/8/14,350.29
12/7/14,367.01
12/6/14,376
12/5/14,374.05
12/4/14,373.98
12/3/14,379.62
12/2/14,378.25
12/1/14,381.93
11/30/14,375.59
11/29/14,375.96
11/28/14,377.22
11/27/14,366.86
11/26/14,372.62
11/25/14,371.44
11/24/14,367.12
11/23/14,384
11/22/14,362.99
11/21/14,356.47
11/20/14,356.9
11/19/14,361.7
11/18/14,388.87
11/17/14,379.91
11/16/14,378.48
11/15/14,399.11
11/14/14,373.14
11/13/14,396.56
11/12/14,369.41
11/11/14,430.07
11/10/14,365.04
11/9/14,346.94
11/8/14,356.34
11/7/14,345.84
11/6/14,338.63
11/5/14,347.96
11/4/14,341.99
11/3/14,324.36
11/2/14,325.81
11/1/14,326.41
10/31/14,345.3
10/30/14,340.95
10/29/14,337
10/28/14,350.9
10/27/14,354.94
10/26/14,356.5
10/25/14,358.49
10/24/14,348.89
10/23/14,358.46
10/22/14,385.89
10/21/14,385.1
10/20/14,387
10/19/14,391
10/18/14,388.99
10/17/14,389.68
10/16/14,394.84
10/15/14,378.02
10/14/14,394
10/13/14,380.8
10/12/14,381.46
10/11/14,364.83
10/10/14,363.61
10/9/14,358.97
10/8/14,378.94
10/7/14,327.61
10/6/14,330.7
10/5/14,331.2
10/4/14,358.9
10/3/14,336
10/2/14,363.75
10/1/14,390.18
9/30/14,385.27
9/29/14,382.67
9/28/14,400.39
9/27/14,380
9/26/14,400.74
9/25/14,423.68
9/24/14,408.08
9/23/14,431.91
9/22/14,401.15
9/21/14,400.98
9/20/14,406.3
9/19/14,425.56
9/18/14,398.89
9/17/14,428.19
9/16/14,470.83
9/15/14,468
9/14/14,475.3
9/13/14,474.62
9/12/14,479.86
9/11/14,470.43
9/10/14,473.35
9/9/14,485.03
9/8/14,466.48
9/7/14,479.59
9/6/14,480.62
9/5/14,481.09
9/4/14,474.5
9/3/14,486
9/2/14,472.76
9/1/14,478.87
8/31/14,482.59
8/30/14,477.98
8/29/14,506.61
8/28/14,511.99
8/27/14,509.39
8/26/14,501.55
8/25/14,512.79
8/24/14,503.79
8/23/14,515.69
8/22/14,503.88
8/21/14,518.25
8/20/14,490
8/19/14,507.3
8/18/14,487.5
8/17/14,523.88
8/16/14,491.88
8/15/14,509
8/14/14,549.98
8/13/14,521.66
8/12/14,550.14
8/11/14,590.74
8/10/14,578.97
8/9/14,588.99
8/8/14,585.02
8/7/14,589.3
8/6/14,587.24
8/5/14,588.5
8/4/14,580.21
8/3/14,593.94
8/2/14,595.76
8/1/14,591.59
7/31/14,601.94
7/30/14,585.5
7/29/14,573.48
7/28/14,581.5
7/27/14,595.9
7/26/14,592.51
7/25/14,595.88
7/24/14,620.43
7/23/14,601.18
7/22/14,622.01
7/21/14,627
7/20/14,619.14
7/19/14,623.77
7/18/14,625.8
7/17/14,629.86
7/16/14,626
7/15/14,621.21
7/14/14,623.17
7/13/14,622.8
7/12/14,634
7/11/14,631.98
7/10/14,630.31
7/9/14,624.97
7/8/14,624.84
7/7/14,623.7
7/6/14,631
7/5/14,634.49
7/4/14,632.78
7/3/14,650.49
7/2/14,644.04
7/1/14,654
6/30/14,599.99
6/29/14,620
6/28/14,596
6/27/14,577.34
6/26/14,588.97
6/25/14,569
6/24/14,588.25
6/23/14,585.54
6/22/14,591.5
6/21/14,593.48
6/20/14,590.99
6/19/14,593.33
6/18/14,608
6/17/14,604.6
6/16/14,597.65
6/15/14,572.28
6/14/14,560.49
6/13/14,557.92
6/12/14,624.97
6/11/14,617
6/10/14,639.99
6/9/14,657.11
6/8/14,650.93
6/7/14,652
6/6/14,661.48
6/5/14,655.75
6/4/14,658.72
6/3/14,662
6/2/14,673.9
6/1/14,631.49
5/31/14,621.3
5/30/14,620.45
5/29/14,609.03
5/28/14,572.7
5/27/14,574.33
5/26/14,581.87
5/25/14,527.91
5/24/14,575
5/23/14,521.52
5/22/14,493.97
5/21/14,523.84
5/20/14,494.87
5/19/14,446.89
5/18/14,446.42
5/17/14,447.14
5/16/14,446.53
5/15/14,449.51
5/14/14,448.99
5/13/14,442.45
5/12/14,438.95
5/11/14,441.5
5/10/14,449
5/9/14,452.42
5/8/14,452.02
5/7/14,428.01
5/6/14,446.65
5/5/14,430.33
5/4/14,440
5/3/14,436.21
5/2/14,434.5
5/1/14,452.03
4/30/14,460.01
4/29/14,449
4/28/14,438.8
4/27/14,447
4/26/14,440.1
4/25/14,502.15
4/24/14,459.15
4/23/14,491.6
4/22/14,498.38
4/21/14,493.33
4/20/14,496.5
4/19/14,482.11
4/18/14,499.9
4/17/14,479.98
4/16/14,523
4/15/14,511.5
4/14/14,489.91
4/13/14,423.37
4/12/14,405
4/11/14,424.98
4/10/14,441.93
4/9/14,401
4/8/14,443.1
4/7/14,458
4/6/14,447.74
4/5/14,459.67
4/4/14,448.72
4/3/14,446.01
4/2/14,446.31
4/1/14,457.49
3/31/14,479.51
3/30/14,457
3/29/14,499.6
3/28/14,499.94
3/27/14,503
3/26/14,585.79
3/25/14,585.7
3/24/14,580.02
3/23/14,563.01
3/22/14,567.13
3/21/14,557
3/20/14,611.2
3/19/14,590
3/18/14,608.41
3/17/14,634.99
3/16/14,624.7
3/15/14,634.94
3/14/14,641.01
3/13/14,636.47
3/12/14,642.61
3/11/14,629.33
3/10/14,622.9
3/9/14,621.99
3/8/14,631.99
3/7/14,609
3/6/14,621.3
3/5/14,673.28
3/4/14,664.85
3/3/14,677.61
3/2/14,567.48
3/1/14,559.88
2/28/14,571.5
2/27/14,585.21
2/26/14,585.17
2/25/14,585.38
2/24/14,611.05
2/23/14,545
2/22/14,626.77
2/21/14,563
2/20/14,566.16
2/19/14,582.7
2/18/14,629.96
2/17/14,626.77
2/16/14,642
2/15/14,670.29
2/14/14,651.42
2/13/14,672.1
2/12/14,675.1
2/11/14,667.01
2/10/14,670
2/9/14,680.8
2/8/14,710
2/7/14,707
2/6/14,781
2/5/14,778
2/4/14,800
2/3/14,814.34
2/2/14,813.8
2/1/14,819.57
1/31/14,800
1/30/14,802.5
1/29/14,799.37
1/28/14,747.57
1/27/14,800.2
1/26/14,777
1/25/14,780.02
1/24/14,806
1/23/14,789.1
1/22/14,824.78
1/21/14,813.05
1/20/14,822.56
1/19/14,811.2
1/18/14,833
1/17/14,801.53
1/16/14,841.83
1/15/14,830.9
1/14/14,847.7
1/13/14,844.04
1/12/14,807.83
1/11/14,851
1/10/14,826.28
1/9/14,827.46
1/8/14,809.17
1/7/14,915.69
1/6/14,867.38
1/5/14,934.21
1/4/14,807.39
1/3/14,822.38
1/2/14,806.21
1/1/14,732
12/31/13,746.9
12/30/13,731
12/29/13,715
12/28/13,714.79
12/27/13,701.61
12/26/13,679.02
12/25/13,734.42
12/24/13,658.07
12/23/13,614.11
12/22/13,639.9
12/21/13,637
12/20/13,685.3
12/19/13,660
12/18/13,653
12/17/13,690
12/16/13,702.05
12/15/13,709
12/14/13,885
12/13/13,864.7
12/12/13,874
12/11/13,978.76
12/10/13,886.2
12/9/13,936.98
12/8/13,705.91
12/7/13,722.99
12/6/13,727.29
12/5/13,1136.9
12/4/13,1028.34
12/3/13,1151
12/2/13,955.01
12/1/13,992.27
11/30/13,970
11/29/13,1014.1
11/28/13,1083.9
11/27/13,1009
11/26/13,814.56
11/25/13,844.9
11/24/13,814
11/23/13,795
11/22/13,837.99
11/21/13,761
11/20/13,547
11/19/13,595
11/18/13,559.99
11/17/13,437.24
11/16/13,463
11/15/13,433.53
11/14/13,393
11/13/13,416.5
11/12/13,391.64
11/11/13,328
11/10/13,339.38
11/9/13,296.91
11/8/13,291.02
11/7/13,325.56
11/6/13,292.32
11/5/13,229.95
11/4/13,246.63
11/3/13,225.1
11/2/13,203
11/1/13,204.15
10/31/13,203.24
10/30/13,216
10/29/13,203.39
10/28/13,202.09
10/27/13,179.56
10/26/13,189.06
10/25/13,179.71
10/24/13,203.7
10/23/13,195.78
10/22/13,199.95
10/21/13,186.12
10/20/13,177.07
10/19/13,165.71
10/18/13,143.94
10/17/13,150.59
10/16/13,143.33
10/15/13,135.17
10/14/13,139.24
10/13/13,135.69
10/12/13,127.41
10/11/13,127.53
10/10/13,126.84
10/9/13,124.12
10/8/13,126.08
10/7/13,123.84
10/6/13,121.2
10/5/13,121.6
10/4/13,121.51
10/3/13,103.85
10/2/13,116.95
10/1/13,104.47
9/30/13,127.01
9/29/13,125.8
9/28/13,128.1
9/27/13,124.65
9/26/13,125.6
9/25/13,123.85
9/24/13,122.65
9/23/13,122.59
9/22/13,123.02
9/21/13,123.04
9/20/13,123.5
9/19/13,123.98
9/18/13,139.15
9/17/13,127.23
9/16/13,127.56
9/15/13,124.05
9/14/13,125.46
9/13/13,124.32
9/12/13,126.54
9/11/13,128.45
9/10/13,124.1
9/9/13,118.18
9/8/13,121.66
9/7/13,118.51
9/6/13,122.63
9/5/13,122.44
9/4/13,124.51
9/3/13,130.09
9/2/13,130.45
9/1/13,131.03
8/31/13,124.84
8/30/13,132.75
8/29/13,124.79
8/28/13,117.72
8/27/13,119.25
8/26/13,117.52
8/25/13,109.04
8/24/13,112.9
8/23/13,108.79
8/22/13,110.43
8/21/13,111.01
8/20/13,109.75
8/19/13,99.3
8/18/13,102.07
8/17/13,99.02
8/16/13,98.08
8/15/13,98.51
8/14/13,98.28
8/13/13,106.64
8/12/13,107.29884
8/11/13,104.99498
8/10/13,102.8
8/9/13,102.61802
8/8/13,102.3
8/7/13,106.56
8/6/13,105.6
8/5/13,106.88378
8/4/13,104.95
8/3/13,104.67459
8/2/13,103.80001
8/1/13,106.2
7/31/13,104.19
7/30/13,104.95555
7/29/13,98.7
7/28/13,101.04202
7/27/13,99.00001
7/26/13,97
7/25/13,96.39475
7/24/13,96.2
7/23/13,91.99
7/22/13,95.396
7/21/13,91.788
7/20/13,92
7/19/13,91.8775
7/18/13,93.41082
7/17/13,97.05
7/16/13,97.97
7/15/13,97.01
7/14/13,98
7/13/13,94.75
7/12/13,95.995
7/11/13,87.9
7/10/13,87.15
7/9/13,78.58899
7/8/13,75
7/7/13,77.64
7/6/13,70.942
7/5/13,80.04
7/4/13,67.85844
7/3/13,79.8
7/2/13,87
7/1/13,89.55
6/30/13,90.998
6/29/13,94.65
6/28/13,95.85301
6/27/13,96.63498
6/26/13,103.89
6/25/13,104.40565
6/24/13,103.86665
6/23/13,108.35
6/22/13,107.68389
6/21/13,109.09
6/20/13,107.68
6/19/13,111.97
6/18/13,107.835
6/17/13,99.9
6/16/13,100.52521
6/15/13,100
6/14/13,103.9
6/13/13,100
6/12/13,109
6/11/13,106.1
6/10/13,108
6/9/13,104.96851
6/8/13,111.5
6/7/13,107.8
6/6/13,110.29501
6/5/13,121.42
6/4/13,122.4051
6/3/13,120.56663
6/2/13,129.3
6/1/13,120.60293
5/31/13,129.19945
5/30/13,132.3
5/29/13,130.99589
5/28/13,129.97994
5/27/13,133.5
5/26/13,132.60997
5/25/13,134.04701
5/24/13,126.7
5/23/13,131.5
5/22/13,125.67
5/21/13,122.02
5/20/13,122.5
5/19/13,122.65001
5/18/13,123.32
5/17/13,123.74995
5/16/13,124.49
5/15/13,112
5/14/13,114.98499
5/13/13,119
5/12/13,115.68
5/11/13,114.32
5/10/13,115.4
5/9/13,113.35
5/8/13,109.56154
5/7/13,113.95001
5/6/13,115.98
5/5/13,120.94999
5/4/13,117.89001
5/3/13,103.3
5/2/13,93.15
5/1/13,105.00003
4/30/13,144.54
4/29/13,139.109
4/28/13,141.50002
4/27/13,137
4/26/13,128.00001
4/25/13,135.601
4/24/13,142.5
4/23/13,153.20019
4/22/13,136.08099
4/21/13,127.5
4/20/13,125
4/19/13,123.86
4/18/13,93.9
4/17/13,96.5
4/16/13,85.59999
4/15/13,100
4/14/13,91
4/13/13,91
4/12/13,124.9
4/11/13,76.488
4/10/13,123.40098
4/9/13,186.96
4/8/13,237.99
4/7/13,184
4/6/13,142.1
4/5/13,142.49765
4/4/13,143.8
4/3/13,117.34
4/2/13,138.79
4/1/13,108.73
3/31/13,92.5
3/30/13,92.50001
3/29/13,90.99999
3/28/13,88.8
3/27/13,93.56701
3/26/13,88.9
3/25/13,71.93
3/24/13,73.88798
3/23/13,70.1
3/22/13,70.25
3/21/13,71.5
3/20/13,73.8
3/19/13,52.12
3/18/13,57.76
3/17/13,47.65
3/16/13,46.9
3/15/13,47.11
3/14/13,47.25005
3/13/13,44.32
3/12/13,46.79999
3/11/13,45.01771
3/10/13,46.93
3/9/13,46.5
3/8/13,46.01112
3/7/13,42
3/6/13,42.49271
3/5/13,47.5
3/4/13,34.25
3/3/13,36.35
3/2/13,34.10007
3/1/13,33.36
2/28/13,34.87799
2/27/13,33.50001
2/26/13,30.4
2/25/13,31.179
2/24/13,30.25001
2/23/13,30.52
2/22/13,29.27998
2/21/13,30.901
2/20/13,29.48
2/19/13,29.81231
2/18/13,28.78999
2/17/13,27.39
2/16/13,25.6083
2/15/13,27.07009
2/14/13,24.3
2/13/13,26.53092
2/12/13,26.09999
2/11/13,23.97
2/10/13,24.1955
2/9/13,23.61458
2/8/13,22.15
2/7/13,22.15
2/6/13,22.15
2/5/13,20.99
2/4/13,20.79
2/3/13,21.05
2/2/13,21.25
2/1/13,21.1
1/31/13,21.3
1/30/13,19.78
1/29/13,19.7
1/28/13,19.8
1/27/13,17.71
1/26/13,17.99999
1/25/13,17.61926
1/24/13,17.97
1/23/13,19.18999
1/22/13,17.5889
1/21/13,16.15
1/20/13,16.98
1/19/13,15.89
1/18/13,15.53
1/17/13,15.985
1/16/13,15.39
1/15/13,14.34
1/14/13,14.47899
1/13/13,14.3
1/12/13,14.31
1/11/13,14.34999
1/10/13,14.29999
1/9/13,13.84
1/8/13,13.87998
1/7/13,13.83
1/6/13,13.54
1/5/13,13.52999
1/4/13,13.548
1/3/13,13.42
1/2/13,13.464
1/1/13,13.4
12/31/12,13.57
12/30/12,13.59
12/29/12,13.56998
12/28/12,13.51
12/27/12,13.6499
12/26/12,13.47
12/25/12,13.45
12/24/12,13.45
12/23/12,13.45
12/22/12,13.63
12/21/12,13.58998
12/20/12,13.6475
12/19/12,13.4
12/18/12,13.399
12/17/12,13.399
12/16/12,13.75
12/15/12,13.66548
12/14/12,13.7722
12/13/12,13.8
12/12/12,13.79989
12/11/12,13.63999
12/10/12,13.53
12/9/12,13.55
12/8/12,13.53
12/7/12,13.69
12/6/12,13.68
12/5/12,13.6888
12/4/12,12.75
12/3/12,12.96675
12/2/12,12.67901
12/1/12,12.66
11/30/12,12.68778
11/29/12,12.65
11/28/12,12.5
11/27/12,12.40712
11/26/12,12.52999
11/25/12,12.46
11/24/12,12.6
11/23/12,12.4108
11/22/12,11.9
11/21/12,12.28
11/20/12,11.784
11/19/12,11.82
11/18/12,11.79998
11/17/12,11.832
11/16/12,11.28
11/15/12,11.8
11/14/12,11.114
11/13/12,11.17
11/12/12,11.129
11/11/12,11.18
11/10/12,11.04
11/9/12,10.95899
11/8/12,11.07
11/7/12,10.97
11/6/12,11.21603
11/5/12,10.88997
11/4/12,10.62
11/3/12,10.68
11/2/12,10.60097
11/1/12,11.17
10/31/12,11.279
10/30/12,11.14
10/29/12,10.69
10/28/12,10.95
10/27/12,10.61
10/26/12,11.56
10/25/12,11.09988
10/24/12,11.71
10/23/12,11.86
10/22/12,12
10/21/12,11.81
10/20/12,11.94
10/19/12,11.85
10/18/12,11.967
10/17/12,11.99
10/16/12,11.99
10/15/12,11.99
10/14/12,12.1
10/13/12,12
10/12/12,12.137
10/11/12,12.16
10/10/12,12.19
10/9/12,12.15
10/8/12,12.58
10/7/12,12.08
10/6/12,12.7369
10/5/12,13.07
10/4/12,12.99
10/3/12,13.0899
10/2/12,12.58
10/1/12,12.88
9/30/12,12.481
9/29/12,12.46
9/28/12,12.49
9/27/12,12.444
9/26/12,12.24
9/25/12,12.28
9/24/12,12.22909
9/23/12,12.4
9/22/12,12.2749
9/21/12,12.4433
9/20/12,12.63
9/19/12,12.68666
9/18/12,12.61
9/17/12,11.98
9/16/12,11.9625
9/15/12,11.99
9/14/12,11.48
9/13/12,11.75
9/12/12,11.399
9/11/12,11.14
9/10/12,11.19401
9/9/12,11.127
9/8/12,11.27
9/7/12,11.21
9/6/12,11.29
9/5/12,10.59
9/4/12,10.57888
9/3/12,10.5934
9/2/12,10.36
9/1/12,10.18999
8/31/12,10.42
8/30/12,11.14
8/29/12,10.937
8/28/12,11.20999
8/27/12,10.99
8/26/12,12.14999
8/25/12,10.61913
8/24/12,10.25
8/23/12,10.25
8/22/12,10.25
8/21/12,10.45
8/20/12,10.29999
8/19/12,10.5
8/18/12,15.37
8/17/12,15.26014
8/16/12,15.4
8/15/12,12.3
8/14/12,12.67
8/13/12,12.17887
8/12/12,11.64
8/11/12,11.765
8/10/12,11.59788
8/9/12,11.35
8/8/12,12
8/7/12,11.14999
8/6/12,11.21
8/5/12,11.29112
8/4/12,11.1869
8/3/12,10.12
8/2/12,11.1188
8/1/12,9.8
7/31/12,9.22
7/30/12,9.44
7/29/12,9.15
7/28/12,8.95
7/27/12,8.93
7/26/12,8.95
7/25/12,8.91
7/24/12,8.76998
7/23/12,8.96
7/22/12,9.53
7/21/12,9
7/20/12,9.7
7/19/12,9.37
7/18/12,9.27491
7/17/12,9.39899
7/16/12,7.8
7/15/12,8.2899
7/14/12,7.64877
7/13/12,7.46
7/12/12,7.9
7/11/12,7.32
7/10/12,6.98
7/9/12,7.239
7/8/12,6.896
7/7/12,6.74
7/6/12,6.75
7/5/12,6.73449
7/4/12,6.71
7/3/12,6.55
7/2/12,6.765
7/1/12,6.69
6/30/12,6.694
6/29/12,6.693
6/28/12,6.58
6/27/12,6.66897
6/26/12,6.55555
6/25/12,6.56
6/24/12,6.44999
6/23/12,6.5915
6/22/12,6.8
6/21/12,6.79962
6/20/12,6.8
6/19/12,6.48
6/18/12,6.53294
6/17/12,6.4668
6/16/12,6.27
6/15/12,6.599
6/14/12,6.165
6/13/12,5.76
6/12/12,5.96
6/11/12,5.7
6/10/12,5.68
6/9/12,5.62
6/8/12,5.69999
6/7/12,5.48
6/6/12,5.529
6/5/12,5.47
6/4/12,5.27
6/3/12,5.2785
6/2/12,5.26466
6/1/12,5.21
5/31/12,5.27
5/30/12,5.19
5/29/12,5.16
5/28/12,5.15889
5/27/12,5.16
5/26/12,5.15
5/25/12,5.149
5/24/12,5.15
5/23/12,5.13
5/22/12,5.16
5/21/12,5.12
5/20/12,5.14
5/19/12,5.15
5/18/12,5.14291
5/17/12,5.1
5/16/12,5.1345
5/15/12,5.08998
5/14/12,5.01
5/13/12,5.036
5/12/12,4.99888
5/11/12,5.1
5/10/12,5.03188
5/9/12,5.125
5/8/12,5.1
5/7/12,5.1
5/6/12,5.0947
5/5/12,5.15
5/4/12,5.1495
5/3/12,5.15
5/2/12,5.04
5/1/12,5.1789
4/30/12,5
4/29/12,5.09
4/28/12,5.0184
4/27/12,5.1176
4/26/12,5.16
4/25/12,5.18
4/24/12,5.16
4/23/12,5.3
4/22/12,5.21799
4/21/12,5.3287
4/20/12,5.19
4/19/12,5.17
4/18/12,5.19
4/17/12,4.99
4/16/12,5.02207
4/15/12,4.98
4/14/12,4.97
4/13/12,5.03
4/12/12,4.94464
4/11/12,4.9
4/10/12,4.8941
4/9/12,4.9
4/8/12,4.94
4/7/12,4.8
4/6/12,4.98
4/5/12,4.96
4/4/12,4.94486
4/3/12,4.97
4/2/12,4.97
4/1/12,5.08
3/31/12,4.929
3/30/12,4.85
3/29/12,4.83
3/28/12,4.86092
3/27/12,4.74
3/26/12,4.74
3/25/12,4.73793
3/24/12,4.81
3/23/12,4.74896
3/22/12,4.83
3/21/12,4.95
3/20/12,4.87
3/19/12,4.98
3/18/12,5.4
3/17/12,5.37998
3/16/12,5.3998
3/15/12,5.45
3/14/12,5.45
3/13/12,5.4444
3/12/12,4.98
3/11/12,4.95915
3/10/12,4.99
3/9/12,4.99
3/8/12,4.9499
3/7/12,5
3/6/12,5.04
3/5/12,5.05
3/4/12,5.04
3/3/12,4.94
3/2/12,4.77995
3/1/12,4.98888
2/29/12,4.98
2/28/12,4.9
2/27/12,5
2/26/12,5.05
2/25/12,5.00073
2/24/12,5.07
2/23/12,4.63
2/22/12,4.92481
2/21/12,4.54
2/20/12,4.38
2/19/12,4.52
2/18/12,4.33333
2/17/12,4.74
2/16/12,4.76998
2/15/12,4.73368
2/14/12,5.69
2/13/12,5.6
2/12/12,5.72
2/11/12,5.94
2/10/12,6
2/9/12,5.92525
2/8/12,5.74
2/7/12,5.8494
2/6/12,5.70999
2/5/12,5.99
2/4/12,5.9625
2/3/12,6
2/2/12,5.77
2/1/12,6.2
1/31/12,5.638
1/30/12,5.72
1/29/12,5.6
1/28/12,5.76
1/27/12,6.08
1/26/12,5.689
1/25/12,6.2
1/24/12,6.47
1/23/12,6.515
1/22/12,6.45485
1/21/12,6.57
1/20/12,6.55
1/19/12,6.58
1/18/12,6.97
1/17/12,6.95
1/16/12,6.98
1/15/12,6.81
1/14/12,6.98999
1/13/12,6.75
1/12/12,7.1
1/11/12,6.997
1/10/12,7.138
1/9/12,7.2
1/8/12,7.2
1/7/12,7.2
1/6/12,6.6
1/5/12,7.22
1/4/12,6.399
1/3/12,5.45
1/2/12,5.29
1/1/12,5.4999
12/31/11,4.47
12/30/11,4.995
12/29/11,4.3
12/28/11,4.09
12/27/11,4.18888
12/26/11,4.06
12/25/11,4.06
12/24/11,4.3897
12/23/11,3.9499
12/22/11,4.08
12/21/11,3.99199
12/20/11,4.11
12/19/11,3.36
12/18/11,3.70036
12/17/11,3.25
12/16/11,3.2
12/15/11,3.23
12/14/11,3.1933
12/13/11,3.33
12/12/11,3.3
12/11/11,3.34237
12/10/11,3.04
12/9/11,3.04
12/8/11,3.039
12/7/11,3.06
12/6/11,3.082
12/5/11,3.05
12/4/11,3.1
12/3/11,2.99
12/2/11,3.12999
12/1/11,3
11/30/11,3.14
11/29/11,2.959
11/28/11,2.51
11/27/11,2.53899
11/26/11,2.4965
11/25/11,2.48
11/24/11,2.56
11/23/11,2.46
11/22/11,2.3
11/21/11,2.35
11/20/11,2.29
11/19/11,2.37
11/18/11,2.3
11/17/11,2.38998
11/16/11,2.67
11/15/11,2.6
11/14/11,2.69
11/13/11,3.11
11/12/11,3.099
11/11/11,3.11
11/10/11,3.09
11/9/11,3
11/8/11,3.114
11/7/11,3.04
11/6/11,3.0289
11/5/11,3.05
11/4/11,3.28
11/3/11,3.21874
11/2/11,3.299
11/1/11,3.38
10/31/11,3.35
10/30/11,3.388
10/29/11,3.39
10/28/11,3.82717
10/27/11,3.255
10/26/11,3
10/25/11,2.876
10/24/11,3.04
10/23/11,3.31
10/22/11,3.36
10/21/11,3.3
10/20/11,2.59
10/19/11,2.42
10/18/11,2.64999
10/17/11,3.87
10/16/11,3.75996
10/15/11,3.9009
10/14/11,4.37
10/13/11,4.11455
10/12/11,4.45
10/11/11,4.23
10/10/11,4.14001
10/9/11,4.25937
10/8/11,4.79
10/7/11,4.594
10/6/11,4.85
10/5/11,5.03
10/4/11,5.025
10/3/11,5.03
10/2/11,5.27
10/1/11,5.16
9/30/11,5.3
9/29/11,4.95
9/28/11,4.809
9/27/11,4.989
9/26/11,5.49
9/25/11,5.46014
9/24/11,5.5
9/23/11,5.8
9/22/11,5.70653
9/21/11,5.83001
9/20/11,5.89
9/19/11,6.795
9/18/11,5.6
9/17/11,5.18
9/16/11,5.022
9/15/11,5.23
9/14/11,6.19
9/13/11,5.990000001
9/12/11,6.25
9/11/11,6.49
9/10/11,7.4
9/9/11,6.20892
9/8/11,7.53
9/7/11,7.31509
9/6/11,7.59916
9/5/11,8.56
9/4/11,8.467
9/3/11,8.593999999
9/2/11,8.46
9/1/11,8.4989
8/31/11,8.44934
8/30/11,9.4
8/29/11,9.15031
8/28/11,9.4811
8/27/11,10.01
8/26/11,9.11
8/25/11,10.3
8/24/11,11.47
8/23/11,11.4
8/22/11,11.49
8/21/11,11.75
8/20/11,11.59
8/19/11,11.798
8/18/11,11.39
8/17/11,11.67
8/16/11,11.3
8/15/11,11.4
8/14/11,11.89
8/13/11,11.24
8/12/11,10.35
8/11/11,9.89520343
8/10/11,10.4959
8/9/11,9.66
8/8/11,12.1
8/7/11,8.89
8/6/11,11.42
8/5/11,11
8/4/11,11.55
8/3/11,13.37
8/2/11,13.1
8/1/11,13.45
7/31/11,14.06
7/30/11,14.8999
7/29/11,13.8
7/28/11,14.1
7/27/11,14
7/26/11,14.13
7/25/11,14.16
7/24/11,14.7399
7/23/11,13.979999
7/22/11,13.94
7/21/11,13.9389
7/20/11,13.9389
7/19/11,13.93
7/18/11,14.7
7/17/11,13.6901
7/16/11,14.25
7/15/11,14.1
7/14/11,14.3
7/13/11,14.52
7/12/11,14.15
7/11/11,14.63988
7/10/11,15.16
7/9/11,15.68
7/8/11,15
7/7/11,16.44
7/6/11,16.25
7/5/11,16.5
7/4/11,15.74
7/3/11,15.85
7/2/11,15.7
7/1/11,17.38
6/30/11,17
6/29/11,17.5
6/28/11,17.89
6/27/11,17.52
6/26/11,18
6/25/11,16.95
6/24/11,17.6
6/23/11,16.7501
6/22/11,15.39
6/21/11,15.05
6/20/11,15.5
6/19/11,17.6
6/18/11,18.8766
6/17/11,17.2
6/16/11,19.99
6/15/11,19.96
6/14/11,20
6/13/11,24.87
6/12/11,24.5
6/11/11,24.99
6/10/11,32.34
6/9/11,35
6/8/11,31.5
6/7/11,19.19
6/6/11,19.06
6/5/11,19.23
6/4/11,15.05
6/3/11,17.41
6/2/11,14.3
6/1/11,9.47
5/31/11,9.391
5/30/11,9.4998
5/29/11,8.68
5/28/11,8.4992
5/27/11,8.735
5/26/11,7.95
5/25/11,9.33
5/24/11,7.51
5/23/11,6.81
5/22/11,7.45
5/21/11,6.61
5/20/11,7.28
5/19/11,7.1
5/18/11,7.34
5/17/11,8.47
5/16/11,8.38901
5/15/11,8.5
5/14/11,8.56
5/13/11,8.9
5/12/11,8.45
5/11/11,5.41
5/10/11,6.065
5/9/11,5.2
5/8/11,3.75
5/7/11,3.9
5/6/11,3.7
5/5/11,3.56
5/4/11,3.5
5/3/11,3.58
5/2/11,3.95
5/1/11,3.495
4/30/11,4.09
4/29/11,2.66
4/28/11,2.7
4/27/11,2.65
4/26/11,1.71
4/25/11,1.73
4/24/11,1.701
4/23/11,1.38
4/22/11,1.549
4/21/11,1.332
4/20/11,1.19
4/19/11,1.1979
4/18/11,1.19
4/17/11,1.09
4/16/11,1.085
4/15/11,1.095
4/14/11,0.99
4/13/11,0.94
4/12/11,1
4/11/11,0.76
4/10/11,0.781
4/9/11,0.758899
4/8/11,0.78
4/7/11,0.799
4/6/11,0.7677
4/5/11,0.77
4/4/11,0.71
4/3/11,0.79
4/2/11,0.8
4/1/11,0.79697
3/31/11,0.79997
3/30/11,0.8
3/29/11,0.795
3/28/11,0.8
3/27/11,0.9
3/26/11,0.8958
3/25/11,0.905
3/24/11,0.86
3/23/11,0.9
3/22/11,0.85
3/21/11,0.79
3/20/11,0.7883
3/19/11,0.79
3/18/11,0.87
3/17/11,0.850617
3/16/11,0.88
3/15/11,0.9
3/14/11,0.899885
3/13/11,0.9
3/12/11,0.93
3/11/11,0.9197
3/10/11,0.9329
3/9/11,0.9
3/8/11,0.883751
3/7/11,0.9072
3/6/11,0.92
3/5/11,0.910445
3/4/11,0.918901
3/3/11,0.95
3/2/11,0.94
3/1/11,0.9498
2/28/11,0.96
2/27/11,0.949231
2/26/11,0.96
2/25/11,0.96
2/24/11,1
2/23/11,0.9499
2/22/11,0.88
2/21/11,0.869499
2/20/11,0.8796
2/19/11,1.04
2/18/11,1.02
2/17/11,1.05019
2/16/11,1.08
2/15/11,1.05019
2/14/11,1.085
2/13/11,1.09
2/12/11,1.08
2/11/11,1.0899
2/10/11,0.97
2/9/11,1.1
2/8/11,0.935
2/7/11,0.92
2/6/11,0.90585
2/5/11,0.92
2/4/11,0.78
2/3/11,0.88
2/2/11,0.75
2/1/11,0.61
1/31/11,0.95
1/30/11,0.5
1/29/11,0.45
1/28/11,0.446
1/27/11,0.45
1/26/11,0.43
1/25/11,0.425
1/24/11,0.425
1/23/11,0.43
1/22/11,0.4443
1/21/11,0.4299
1/20/11,0.35
1/19/11,0.3675
1/18/11,0.3401
1/17/11,0.4
1/16/11,0.4
1/15/11,0.4
1/14/11,0.42
1/13/11,0.45
1/12/11,0.405
1/11/11,0.33
1/10/11,0.329
1/9/11,0.329
1/8/11,0.32
1/7/11,0.322898
1/6/11,0.322
1/5/11,0.3
1/4/11,0.298998
1/3/11,0.299899
1/2/11,0.3
1/1/11,0.299996
12/31/10,0.299998
12/30/10,0.3
12/29/10,0.299999
12/28/10,0.301
12/27/10,0.27
12/26/10,0.265
12/25/10,0.269999
12/24/10,0.25
12/23/10,0.25
12/22/10,0.25
12/21/10,0.27
12/20/10,0.26909
12/19/10,0.275
12/18/10,0.25
12/17/10,0.249
12/16/10,0.255
12/15/10,0.23
12/14/10,0.2468
12/13/10,0.23
12/12/10,0.23
12/11/10,0.228
12/10/10,0.2275
12/9/10,0.25
12/8/10,0.2388
12/7/10,0.2477
12/6/10,0.23
12/5/10,0.225
12/4/10,0.235
12/3/10,0.25
12/2/10,0.2553
12/1/10,0.25
11/30/10,0.28
11/29/10,0.275
11/28/10,0.279
11/27/10,0.29
11/26/10,0.284399
11/25/10,0.289
11/24/10,0.29
11/23/10,0.28299
11/22/10,0.2879
11/21/10,0.29
11/20/10,0.29
11/19/10,0.289
11/18/10,0.28
11/17/10,0.289999
11/16/10,0.28
11/15/10,0.3
11/14/10,0.2828
11/13/10,0.299
11/12/10,0.24
11/11/10,0.251
11/10/10,0.24
11/9/10,0.36
11/8/10,0.3368
11/7/10,0.37
11/6/10,0.25
11/5/10,0.29
11/4/10,0.2399
11/3/10,0.21
11/2/10,0.275
11/1/10,0.1955
10/31/10,0.19
10/30/10,0.199
10/29/10,0.1919
10/28/10,0.19
10/27/10,0.19001
10/26/10,0.19
10/25/10,0.18
10/24/10,0.15
10/23/10,0.19
10/22/10,0.11
10/21/10,0.107
10/20/10,0.109
10/19/10,0.1
10/18/10,0.1024
10/17/10,0.103
10/16/10,0.12
10/15/10,0.109
10/14/10,0.119
10/13/10,0.1
10/12/10,0.095
10/11/10,0.099
10/10/10,0.12
10/9/10,0.12
10/8/10,0.12001
10/7/10,0.06
10/6/10,0.0638
10/5/10,0.0633
10/4/10,0.06
10/3/10,0.062
10/2/10,0.0614
10/1/10,0.06
9/30/10,0.061999
9/29/10,0.06192
9/28/10,0.06
9/27/10,0.06271
9/26/10,0.062206
9/25/10,0.06
9/24/10,0.0624
9/23/10,0.06281
9/22/10,0.06
9/21/10,0.0628
9/20/10,0.0633
9/19/10,0.06
9/18/10,0.062599
9/17/10,0.0609
9/16/10,0.15
9/15/10,0.0619
9/14/10,0.175
9/13/10,0.06
9/12/10,0.06201
9/11/10,0.064999
9/10/10,0.06
9/9/10,0.06201
9/8/10,0.0624
9/7/10,0.06
9/6/10,0.06185
9/5/10,0.064
9/4/10,0.06
9/3/10,0.0613
9/2/10,0.0634
9/1/10,0.06
8/31/10,0.0649
8/30/10,0.06497
8/29/10,0.06
8/28/10,0.0648
8/27/10,0.065
8/26/10,0.07
8/25/10,0.066499
8/24/10,0.0665
8/23/10,0.07
8/22/10,0.066
8/21/10,0.0664
8/20/10,0.07
8/19/10,0.0667
8/18/10,0.0688
8/17/10,0
8/16/10,0.0769
8/15/10,0
8/14/10,0
8/13/10,0
8/12/10,0
8/11/10,0
8/10/10,0
8/9/10,0
8/8/10,0
8/7/10,0
8/6/10,0
8/5/10,0
8/4/10,0
8/3/10,0
8/2/10,0
8/1/10,0
7/31/10,0
7/30/10,0
7/29/10,0
7/28/10,0
7/27/10,0
7/26/10,0
7/25/10,0
7/24/10,0
7/23/10,0
7/22/10,0
7/21/10,0
7/20/10,0
7/19/10,0
7/18/10,0
7/17/10,0
7/16/10,0
7/15/10,0
7/14/10,0
7/13/10,0
7/12/10,0
7/11/10,0
7/10/10,0
7/9/10,0
7/8/10,0
7/7/10,0
7/6/10,0
7/5/10,0
7/4/10,0
7/3/10,0
7/2/10,0
7/1/10,0
6/30/10,0
6/29/10,0
6/28/10,0
6/27/10,0
6/26/10,0
6/25/10,0
6/24/10,0
6/23/10,0
6/22/10,0
6/21/10,0
6/20/10,0
6/19/10,0
6/18/10,0
6/17/10,0
6/16/10,0
6/15/10,0
6/14/10,0
6/13/10,0
6/12/10,0
6/11/10,0
6/10/10,0
6/9/10,0
6/8/10,0
6/7/10,0
6/6/10,0
6/5/10,0
6/4/10,0
6/3/10,0
6/2/10,0
6/1/10,0
5/31/10,0
5/30/10,0
5/29/10,0
5/28/10,0
5/27/10,0
5/26/10,0
5/25/10,0
5/24/10,0
5/23/10,0
5/22/10,0
5/21/10,0
5/20/10,0
5/19/10,0
5/18/10,0
5/17/10,0
5/16/10,0
5/15/10,0
5/14/10,0
5/13/10,0
5/12/10,0
5/11/10,0
5/10/10,0
5/9/10,0
5/8/10,0
5/7/10,0
5/6/10,0
5/5/10,0
5/4/10,0
5/3/10,0
5/2/10,0
5/1/10,0
4/30/10,0
4/29/10,0
4/28/10,0
4/27/10,0
4/26/10,0
4/25/10,0
4/24/10,0
4/23/10,0
4/22/10,0
4/21/10,0
4/20/10,0
4/19/10,0
4/18/10,0
4/17/10,0
4/16/10,0
4/15/10,0
4/14/10,0
4/13/10,0
4/12/10,0
4/11/10,0
4/10/10,0
4/9/10,0
4/8/10,0
4/7/10,0
4/6/10,0
4/5/10,0
4/4/10,0
4/3/10,0
4/2/10,0
4/1/10,0
3/31/10,0
3/30/10,0
3/29/10,0
3/28/10,0
3/27/10,0
3/26/10,0
3/25/10,0
3/24/10,0
3/23/10,0
3/22/10,0
3/21/10,0
3/20/10,0
3/19/10,0
3/18/10,0
3/17/10,0
3/16/10,0
3/15/10,0
3/14/10,0
3/13/10,0
3/12/10,0
3/11/10,0
3/10/10,0
3/9/10,0
3/8/10,0
3/7/10,0
3/6/10,0
3/5/10,0
3/4/10,0
3/3/10,0
3/2/10,0
3/1/10,0
2/28/10,0
2/27/10,0
2/26/10,0
2/25/10,0
2/24/10,0
2/23/10,0
2/22/10,0
2/21/10,0
2/20/10,0
2/19/10,0
2/18/10,0
2/17/10,0
2/16/10,0
2/15/10,0
2/14/10,0
2/13/10,0
2/12/10,0
2/11/10,0
2/10/10,0
2/9/10,0
2/8/10,0
2/7/10,0
2/6/10,0
2/5/10,0
2/4/10,0
2/3/10,0
2/2/10,0
2/1/10,0
1/31/10,0
1/30/10,0
1/29/10,0
1/28/10,0
1/27/10,0
1/26/10,0
1/25/10,0
1/24/10,0
1/23/10,0
1/22/10,0
1/21/10,0
1/20/10,0
1/19/10,0
1/18/10,0
1/17/10,0
1/16/10,0
1/15/10,0
1/14/10,0
1/13/10,0
1/12/10,0
1/11/10,0
1/10/10,0
1/9/10,0
1/8/10,0
1/7/10,0
1/6/10,0
1/5/10,0
1/4/10,0
1/3/10,0
1/2/10,0
1/1/10,0
12/31/09,0
12/30/09,0
12/29/09,0
12/28/09,0
12/27/09,0
12/26/09,0
12/25/09,0
12/24/09,0
12/23/09,0
12/22/09,0
12/21/09,0
12/20/09,0
12/19/09,0
12/18/09,0
12/17/09,0
12/16/09,0
12/15/09,0
12/14/09,0
12/13/09,0
12/12/09,0
12/11/09,0
12/10/09,0
12/9/09,0
12/8/09,0
12/7/09,0
12/6/09,0
12/5/09,0
12/4/09,0
12/3/09,0
12/2/09,0
12/1/09,0
11/30/09,0
11/29/09,0
11/28/09,0
11/27/09,0
11/26/09,0
11/25/09,0
11/24/09,0
11/23/09,0
11/22/09,0
11/21/09,0
11/20/09,0
11/19/09,0
11/18/09,0
11/17/09,0
11/16/09,0
11/15/09,0
11/14/09,0
11/13/09,0
11/12/09,0
11/11/09,0
11/10/09,0
11/9/09,0
11/8/09,0
11/7/09,0
11/6/09,0
11/5/09,0
11/4/09,0
11/3/09,0
11/2/09,0
11/1/09,0
10/31/09,0
10/30/09,0
10/29/09,0
10/28/09,0
10/27/09,0
10/26/09,0
10/25/09,0
10/24/09,0
10/23/09,0
10/22/09,0
10/21/09,0
10/20/09,0
10/19/09,0
10/18/09,0
10/17/09,0
10/16/09,0
10/15/09,0
10/14/09,0
10/13/09,0
10/12/09,0
10/11/09,0
10/10/09,0
10/9/09,0
10/8/09,0
10/7/09,0
10/6/09,0
10/5/09,0
10/4/09,0
10/3/09,0
10/2/09,0
10/1/09,0
9/30/09,0
9/29/09,0
9/28/09,0
9/27/09,0
9/26/09,0
9/25/09,0
9/24/09,0
9/23/09,0
9/22/09,0
9/21/09,0
9/20/09,0
9/19/09,0
9/18/09,0
9/17/09,0
9/16/09,0
9/15/09,0
9/14/09,0
9/13/09,0
9/12/09,0
9/11/09,0
9/10/09,0
9/9/09,0
9/8/09,0
9/7/09,0
9/6/09,0
9/5/09,0
9/4/09,0
9/3/09,0
9/2/09,0
9/1/09,0
8/31/09,0
8/30/09,0
8/29/09,0
8/28/09,0
8/27/09,0
8/26/09,0
8/25/09,0
8/24/09,0
8/23/09,0
8/22/09,0
8/21/09,0
8/20/09,0
8/19/09,0
8/18/09,0
8/17/09,0
8/16/09,0
8/15/09,0
8/14/09,0
8/13/09,0
8/12/09,0
8/11/09,0
8/10/09,0
8/9/09,0
8/8/09,0
8/7/09,0
8/6/09,0
8/5/09,0
8/4/09,0
8/3/09,0
8/2/09,0
8/1/09,0
7/31/09,0
7/30/09,0
7/29/09,0
7/28/09,0
7/27/09,0
7/26/09,0
7/25/09,0
7/24/09,0
7/23/09,0
7/22/09,0
7/21/09,0
7/20/09,0
7/19/09,0
7/18/09,0
7/17/09,0
7/16/09,0
7/15/09,0
7/14/09,0
7/13/09,0
7/12/09,0
7/11/09,0
7/10/09,0
7/9/09,0
7/8/09,0
7/7/09,0
7/6/09,0
7/5/09,0
7/4/09,0
7/3/09,0
7/2/09,0
7/1/09,0
6/30/09,0
6/29/09,0
6/28/09,0
6/27/09,0
6/26/09,0
6/25/09,0
6/24/09,0
6/23/09,0
6/22/09,0
6/21/09,0
6/20/09,0
6/19/09,0
6/18/09,0
6/17/09,0
6/16/09,0
6/15/09,0
6/14/09,0
6/13/09,0
6/12/09,0
6/11/09,0
6/10/09,0
6/9/09,0
6/8/09,0
6/7/09,0
6/6/09,0
6/5/09,0
6/4/09,0
6/3/09,0
6/2/09,0
6/1/09,0
5/31/09,0
5/30/09,0
5/29/09,0
5/28/09,0
5/27/09,0
5/26/09,0
5/25/09,0
5/24/09,0
5/23/09,0
5/22/09,0
5/21/09,0
5/20/09,0
5/19/09,0
5/18/09,0
5/17/09,0
5/16/09,0
5/15/09,0
5/14/09,0
5/13/09,0
5/12/09,0
5/11/09,0
5/10/09,0
5/9/09,0
5/8/09,0
5/7/09,0
5/6/09,0
5/5/09,0
5/4/09,0
5/3/09,0
5/2/09,0
5/1/09,0
4/30/09,0
4/29/09,0
4/28/09,0
4/27/09,0
4/26/09,0
4/25/09,0
4/24/09,0
4/23/09,0
4/22/09,0
4/21/09,0
4/20/09,0
4/19/09,0
4/18/09,0
4/17/09,0
4/16/09,0
4/15/09,0
4/14/09,0
4/13/09,0
4/12/09,0
4/11/09,0
4/10/09,0
4/9/09,0
4/8/09,0
4/7/09,0
4/6/09,0
4/5/09,0
4/4/09,0
4/3/09,0
4/2/09,0
4/1/09,0
3/31/09,0
3/30/09,0
3/29/09,0
3/28/09,0
3/27/09,0
3/26/09,0
3/25/09,0
3/24/09,0
3/23/09,0
3/22/09,0
3/21/09,0
3/20/09,0
3/19/09,0
3/18/09,0
3/17/09,0
3/16/09,0
3/15/09,0
3/14/09,0
3/13/09,0
3/12/09,0
3/11/09,0
3/10/09,0
3/9/09,0
3/8/09,0
3/7/09,0
3/6/09,0
3/5/09,0
3/4/09,0
3/3/09,0
3/2/09,0
3/1/09,0
2/28/09,0
2/27/09,0
2/26/09,0
2/25/09,0
2/24/09,0
2/23/09,0
2/22/09,0
2/21/09,0
2/20/09,0
2/19/09,0
2/18/09,0
2/17/09,0
2/16/09,0
2/15/09,0
2/14/09,0
2/13/09,0
2/12/09,0
2/11/09,0
2/10/09,0
2/9/09,0
2/8/09,0
2/7/09,0
2/6/09,0
2/5/09,0
2/4/09,0
2/3/09,0
2/2/09,0
2/1/09,0
1/31/09,0
1/30/09,0
1/29/09,0
1/28/09,0
1/27/09,0
1/26/09,0
1/25/09,0
1/24/09,0
1/23/09,0
1/22/09,0
1/21/09,0
1/20/09,0
1/19/09,0
1/18/09,0
1/17/09,0
1/16/09,0
1/15/09,0
1/14/09,0
1/13/09,0
1/12/09,0
1/11/09,0
1/10/09,0
1/9/09,0
1/8/09,0
1/7/09,0
1/6/09,0
1/5/09,0
1/4/09,0
1/3/09,0
1/2/09,0