DATE,CBBTCUSD
1/8/15,288.99
1/9/15,.
1/10/15,.
1/11/15,.
1/12/15,.
1/13/15,260
1/14/15,120
1/15/15,204.22
1/16/15,199.46
1/17/15,184
1/18/15,.
1/19/15,225.51
1/20/15,218
1/21/15,225.51
1/22/15,226.32
1/23/15,235
1/24/15,240
1/25/15,254.53
1/26/15,274.48
1/27/15,263.65
1/28/15,236.09
1/29/15,235.03
1/30/15,229.07
1/31/15,218.45
2/1/15,228.99
2/2/15,237.83
2/3/15,228.58
2/4/15,227.11
2/5/15,216.76
2/6/15,223.2
2/7/15,229
2/8/15,223.99
2/9/15,221.1
2/10/15,220.87
2/11/15,219.81
2/12/15,223.21
2/13/15,236.49
2/14/15,256.66
2/15/15,235.54
2/16/15,234.68
2/17/15,244.82
2/18/15,237.49
2/19/15,240.9
2/20/15,245.34
2/21/15,245.99
2/22/15,236.83
2/23/15,239.49
2/24/15,239.87
2/25/15,238.19
2/26/15,237.11
2/27/15,254.42
2/28/15,255.59
3/1/15,260.24
3/2/15,276.7
3/3/15,283.27
3/4/15,273.37
3/5/15,276.86
3/6/15,273.23
3/7/15,276.89
3/8/15,275.5
3/9/15,290.19
3/10/15,293.47
3/11/15,296.99
3/12/15,296.05
3/13/15,284
3/14/15,283.95
3/15/15,288
3/16/15,292.37
3/17/15,286.74
3/18/15,258.5
3/19/15,263.05
3/20/15,263.31
3/21/15,261.9
3/22/15,269.45
3/23/15,267.53
3/24/15,246.15
3/25/15,246.88
3/26/15,249.88
3/27/15,247.81
3/28/15,253.52
3/29/15,243.69
3/30/15,248.78
3/31/15,245.5
4/1/15,247.87
4/2/15,254.39
4/3/15,254.84
4/4/15,254.36
4/5/15,261.47
4/6/15,256.85
4/7/15,254.27
4/8/15,246.58
4/9/15,244.74
4/10/15,236.78
4/11/15,237.91
4/12/15,237.55
4/13/15,225.73
4/14/15,221.05
4/15/15,224.35
4/16/15,229.45
4/17/15,223.62
4/18/15,224.02
4/19/15,224.03
4/20/15,225.37
4/21/15,235.89
4/22/15,233.98
4/23/15,235.99
4/24/15,231.51
4/25/15,227.05
4/26/15,221.27
4/27/15,227.58
4/28/15,225.64
4/29/15,225.6
4/30/15,236.81
5/1/15,233.14
5/2/15,235.94
5/3/15,240.78
5/4/15,239.75
5/5/15,236.76
5/6/15,230
5/7/15,237.99
5/8/15,244.54
5/9/15,242.5
5/10/15,241.57
5/11/15,242.86
5/12/15,242.03
5/13/15,236.32
5/14/15,237.46
5/15/15,237.82
5/16/15,236.73
5/17/15,237.12
5/18/15,234.04
5/19/15,232.59
5/20/15,234.54
5/21/15,235.77
5/22/15,240.45
5/23/15,239.36
5/24/15,240.82
5/25/15,237.43
5/26/15,236.79
5/27/15,237.35
5/28/15,237.34
5/29/15,236.89
5/30/15,233.55
5/31/15,230.21
6/1/15,223.56
6/2/15,225.85
6/3/15,225.86
6/4/15,224.57
6/5/15,224.97
6/6/15,225.48
6/7/15,223.89
6/8/15,229.1
6/9/15,229.18
6/10/15,228.73
6/11/15,229.69
6/12/15,229.47
6/13/15,233.47
6/14/15,233.6
6/15/15,236.99
6/16/15,251.91
6/17/15,250.25
6/18/15,249.27
6/19/15,246.33
6/20/15,246.13
6/21/15,244.66
6/22/15,247.5
6/23/15,244.52
6/24/15,240.04
6/25/15,242.44
6/26/15,243
6/27/15,251.59
6/28/15,249.11
6/29/15,257.54
6/30/15,263.82
7/1/15,259.02
7/2/15,254.85
7/3/15,256.95
7/4/15,260.64
7/5/15,271.74
7/6/15,269.94
7/7/15,266.18
7/8/15,270.97
7/9/15,269.75
7/10/15,286.67
7/11/15,294.23
7/12/15,312.16
7/13/15,293.08
7/14/15,287.51
7/15/15,285.7
7/16/15,279.38
7/17/15,280.58
7/18/15,277.71
7/19/15,275.61
7/20/15,280
7/21/15,277.32
7/22/15,277.89
7/23/15,277.39
7/24/15,289.12
7/25/15,289.7
7/26/15,293.89
7/27/15,294.21
7/28/15,295.76
7/29/15,290.19
7/30/15,288.49
7/31/15,285.19
8/1/15,281.53
8/2/15,282.62
8/3/15,280.95
8/4/15,285.51
8/5/15,282.77
8/6/15,279.65
8/7/15,279.94
8/8/15,262.02
8/9/15,267.63
8/10/15,265.15
8/11/15,271.99
8/12/15,266.94
8/13/15,264.67
8/14/15,266.17
8/15/15,262.46
8/16/15,259.2
8/17/15,257.31
8/18/15,221.99
8/19/15,227.34
8/20/15,235.56
8/21/15,232.85
8/22/15,231.15
8/23/15,229.21
8/24/15,211.16
8/25/15,223.73
8/26/15,226.81
8/27/15,225.8
8/28/15,231.55
8/29/15,230.61
8/30/15,229.39
8/31/15,230.75
9/1/15,228.22
9/2/15,229.97
9/3/15,227.25
9/4/15,231.39
9/5/15,236.01
9/6/15,241.29
9/7/15,241.31
9/8/15,244.14
9/9/15,238.75
9/10/15,238.52
9/11/15,240.9
9/12/15,236.5
9/13/15,230.82
9/14/15,231.01
9/15/15,230.6
9/16/15,229.73
9/17/15,233.34
9/18/15,233.78
9/19/15,232.88
9/20/15,232.24
9/21/15,227.31
9/22/15,231.28
9/23/15,230.26
9/24/15,235.27
9/25/15,235.89
9/26/15,234.69
9/27/15,233.58
9/28/15,239.99
9/29/15,236.89
9/30/15,237.14
10/1/15,238.34
10/2/15,238.28
10/3/15,239.92
10/4/15,239.87
10/5/15,240.95
10/6/15,246.64
10/7/15,244
10/8/15,242.94
10/9/15,244.35
10/10/15,246.07
10/11/15,249.02
10/12/15,246.39
10/13/15,250.99
10/14/15,253.27
10/15/15,254.99
10/16/15,263.43
10/17/15,272.87
10/18/15,265
10/19/15,265.17
10/20/15,271.14
10/21/15,268.77
10/22/15,275.84
10/23/15,278.76
10/24/15,284.29
10/25/15,284.97
10/26/15,287.1
10/27/15,295.61
10/28/15,304.09
10/29/15,316.08
10/30/15,329.11
10/31/15,314.85
11/1/15,329.46
11/2/15,365.21
11/3/15,404.1
11/4/15,410
11/5/15,387.21
11/6/15,374.09
11/7/15,384.81
11/8/15,373.83
11/9/15,379.53
11/10/15,337.14
11/11/15,313.2
11/12/15,336.49
11/13/15,338.07
11/14/15,334.71
11/15/15,322.93
11/16/15,332.89
11/17/15,336.49
11/18/15,335.49
11/19/15,326.41
11/20/15,322.39
11/21/15,327
11/22/15,323.71
11/23/15,323
11/24/15,321
11/25/15,328.98
11/26/15,352.57
11/27/15,358.19
11/28/15,357.24
11/29/15,372.24
11/30/15,376.86
12/1/15,362.68
12/2/15,360
12/3/15,361.77
12/4/15,363.98
12/5/15,387.99
12/6/15,387.55
12/7/15,394.73
12/8/15,418.94
12/9/15,418.39
12/10/15,415.68
12/11/15,452.95
12/12/15,436.87
12/13/15,433.83
12/14/15,444.01
12/15/15,464.27
12/16/15,453.97
12/17/15,455.5
12/18/15,463.17
12/19/15,461.29
12/20/15,442.22
12/21/15,436.81
12/22/15,433.92
12/23/15,442.43
12/24/15,455.74
12/25/15,455.84
12/26/15,419.41
12/27/15,424.72
12/28/15,421.94
12/29/15,433.89
12/30/15,427.95
12/31/15,430.35
1/1/16,435.66
1/2/16,435.4
1/3/16,431.91
1/4/16,433.85
1/5/16,433.34
1/6/16,430.87
1/7/16,459.07
1/8/16,454.44
1/9/16,450.38
1/10/16,449.99
1/11/16,449.19
1/12/16,434.01
1/13/16,432.77
1/14/16,430.03
1/15/16,357.53
1/16/16,388.7
1/17/16,378.46
1/18/16,384.89
1/19/16,375.27
1/20/16,418.54
1/21/16,409.38
1/22/16,382.9
1/23/16,387.5
1/24/16,403.05
1/25/16,391.4
1/26/16,391.54
1/27/16,394.79
1/28/16,379.61
1/29/16,378.68
1/30/16,378.46
1/31/16,367.95
2/1/16,371.33
2/2/16,372.93
2/3/16,368.87
2/4/16,387.99
2/5/16,384.5
2/6/16,375.44
2/7/16,377.49
2/8/16,371.14
2/9/16,372.68
2/10/16,378.44
2/11/16,378.23
2/12/16,382.05
2/13/16,391
2/14/16,406.59
2/15/16,398.95
2/16/16,407.42
2/17/16,415.2
2/18/16,421.19
2/19/16,420.72
2/20/16,437.46
2/21/16,438.56
2/22/16,437.55
2/23/16,419.97
2/24/16,423.94
2/25/16,423.54
2/26/16,430.85
2/27/16,433.12
2/28/16,433.73
2/29/16,436.44
3/1/16,433.08
3/2/16,420.39
3/3/16,418.8
3/4/16,407.35
3/5/16,396.08
3/6/16,403.24
3/7/16,412.21
3/8/16,411.18
3/9/16,412.8
3/10/16,415.98
3/11/16,419.39
3/12/16,410.58
3/13/16,412.52
3/14/16,415.02
3/15/16,415.41
3/16/16,416.07
3/17/16,418.41
3/18/16,409.65
3/19/16,410.2
3/20/16,411.27
3/21/16,412
3/22/16,416.66
3/23/16,417.53
3/24/16,412.95
3/25/16,416.41
3/26/16,416.97
3/27/16,425.3
3/28/16,423
3/29/16,416.39
3/30/16,412.79
3/31/16,416.03
4/1/16,417.68
4/2/16,419.95
4/3/16,420.16
4/4/16,419.47
4/5/16,422.36
4/6/16,421.46
4/7/16,421.99
4/8/16,419.48
4/9/16,419.46
4/10/16,423.4
4/11/16,423.94
4/12/16,427.8
4/13/16,425.58
4/14/16,426.32
4/15/16,430.93
4/16/16,433.39
4/17/16,431
4/18/16,430.97
4/19/16,437.06
4/20/16,442.96
4/21/16,452.25
4/22/16,448.41
4/23/16,455.69
4/24/16,464.46
4/25/16,466.17
4/26/16,470.59
4/27/16,445.31
4/28/16,451.68
4/29/16,458.82
4/30/16,454.02
5/1/16,456.98
5/2/16,446.42
5/3/16,452.21
5/4/16,448.68
5/5/16,449.98
5/6/16,462.31
5/7/16,461.91
5/8/16,462.79
5/9/16,464.16
5/10/16,452.78
5/11/16,454.37
5/12/16,456.48
5/13/16,457.98
5/14/16,458.9
5/15/16,461.47
5/16/16,455.66
5/17/16,454.19
5/18/16,455.56
5/19/16,438.38
5/20/16,445.65
5/21/16,446.28
5/22/16,442.48
5/23/16,445.67
5/24/16,446.99
5/25/16,451.49
5/26/16,454.97
5/27/16,471.27
5/28/16,523.25
5/29/16,525.22
5/30/16,532.55
5/31/16,531.34
6/1/16,534.84
6/2/16,537.87
6/3/16,571.25
6/4/16,576.31
6/5/16,575.17
6/6/16,586.77
6/7/16,579.71
6/8/16,583.21
6/9/16,577.46
6/10/16,580.31
6/11/16,609.5
6/12/16,677.86
6/13/16,706.01
6/14/16,684.95
6/15/16,698.78
6/16/16,769.76
6/17/16,752.26
6/18/16,758.99
6/19/16,768.76
6/20/16,703.12
6/21/16,667.66
6/22/16,604.5
6/23/16,631.1
6/24/16,669.98
6/25/16,673.71
6/26/16,638.56
6/27/16,657.87
6/28/16,648.43
6/29/16,639.42
6/30/16,673.49
7/1/16,678.19
7/2/16,704.95
7/3/16,663.55
7/4/16,681.98
7/5/16,669.87
7/6/16,678.79
7/7/16,641.97
7/8/16,667.33
7/9/16,657.61
7/10/16,652.44
7/11/16,650.97
7/12/16,666.56
7/13/16,655.34
7/14/16,661.65
7/15/16,667.48
7/16/16,666.32
7/17/16,680
7/18/16,675.5
7/19/16,673.98
7/20/16,666.92
7/21/16,667.28
7/22/16,654.67
7/23/16,657.5
7/24/16,661
7/25/16,657.79
7/26/16,654.06
7/27/16,657.35
7/28/16,657.4
7/29/16,657
7/30/16,655.87
7/31/16,626.97
8/1/16,605.2
8/2/16,537.47
8/3/16,573.36
8/4/16,587.5
8/5/16,583
8/6/16,591.71
8/7/16,595.14
8/8/16,591.48
8/9/16,586.45
8/10/16,594.94
8/11/16,587.91
8/12/16,587.74
8/13/16,586.45
8/14/16,574.99
8/15/16,567.79
8/16/16,579.02
8/17/16,574.45
8/18/16,574.09
8/19/16,573.67
8/20/16,581.87
8/21/16,581.29
8/22/16,585.2
8/23/16,582.39
8/24/16,578.47
8/25/16,575.58
8/26/16,579.29
8/27/16,570.84
8/28/16,575.41
8/29/16,573.21
8/30/16,574.95
8/31/16,572.89
9/1/16,573.02
9/2/16,576.21
9/3/16,600.91
9/4/16,611.92
9/5/16,605.69
9/6/16,612.99
9/7/16,615.21
9/8/16,627.97
9/9/16,622.07
9/10/16,623.74
9/11/16,607.94
9/12/16,606.74
9/13/16,608.63
9/14/16,608.43
9/15/16,605.44
9/16/16,607.93
9/17/16,607.92
9/18/16,611.4
9/19/16,608.6
9/20/16,605.6
9/21/16,597
9/22/16,596.21
9/23/16,602.96
9/24/16,603.68
9/25/16,601.67
9/26/16,607.08
9/27/16,605.71
9/28/16,605.04
9/29/16,605.99
9/30/16,608.99
10/1/16,615.65
10/2/16,612.4
10/3/16,612.99
10/4/16,610.34
10/5/16,613.16
10/6/16,611.88
10/7/16,617.98
10/8/16,619.5
10/9/16,617.42
10/10/16,618.72
10/11/16,642.12
10/12/16,635.79
10/13/16,635.66
10/14/16,638.03
10/15/16,638.16
10/16/16,641.92
10/17/16,639.56
10/18/16,635.11
10/19/16,629.79
10/20/16,628.05
10/21/16,630.83
10/22/16,652.75
10/23/16,651.04
10/24/16,649.98
10/25/16,654.3
10/26/16,674
10/27/16,691.21
10/28/16,689.95
10/29/16,714.28
10/30/16,697.41
10/31/16,696.9
11/1/16,730.7
11/2/16,744.6
11/3/16,690
11/4/16,706.32
11/5/16,706.99
11/6/16,717.02
11/7/16,706.42
11/8/16,711.15
11/9/16,720.97
11/10/16,712.91
11/11/16,716.9
11/12/16,704.53
11/13/16,704.01
11/14/16,708.32
11/15/16,712.29
11/16/16,739.85
11/17/16,730.71
11/18/16,748.54
11/19/16,750.77
11/20/16,731.99
11/21/16,736.4
11/22/16,746.66
11/23/16,741.52
11/24/16,737.99
11/25/16,739.74
11/26/16,735.7
11/27/16,729.24
11/28/16,729.77
11/29/16,732.37
11/30/16,742.69
12/1/16,754
12/2/16,769.25
12/3/16,766.98
12/4/16,767.99
12/5/16,752
12/6/16,759.8
12/7/16,764.34
12/8/16,767.89
12/9/16,773.22
12/10/16,775.87
12/11/16,771.05
12/12/16,778.94
12/13/16,776.18
12/14/16,777.66
12/15/16,776.16
12/16/16,780.98
12/17/16,788.57
12/18/16,790.72
12/19/16,790.81
12/20/16,798.99
12/21/16,834.5
12/22/16,856.02
12/23/16,917.26
12/24/16,891.5
12/25/16,896.12
12/26/16,902.09
12/27/16,925.2
12/28/16,982.17
12/29/16,970.72
12/30/16,960.81
12/31/16,973.37
1/1/17,992.95
1/2/17,1011.45
1/3/17,1020.67
1/4/17,1130.3
1/5/17,1007
1/6/17,895.71
1/7/17,909
1/8/17,923.33
1/9/17,902.66
1/10/17,907
1/11/17,795.77
1/12/17,812.25
1/13/17,831.42
1/14/17,828
1/15/17,833.31
1/16/17,834.41
1/17/17,906
1/18/17,887.99
1/19/17,902.92
1/20/17,894.31
1/21/17,925.06
1/22/17,931.22
1/23/17,910.7
1/24/17,887
1/25/17,896
1/26/17,917.02
1/27/17,922.63
1/28/17,924.98
1/29/17,916.54
1/30/17,923.23
1/31/17,970.01
2/1/17,992.75
2/2/17,1008.38
2/3/17,1018
2/4/17,1035.54
2/5/17,1016.32
2/6/17,1022.58
2/7/17,1053.96
2/8/17,1056.7
2/9/17,994.24
2/10/17,1001.99
2/11/17,1018.65
2/12/17,1010
2/13/17,1002.82
2/14/17,1013.92
2/15/17,1014.53
2/16/17,1038.94
2/17/17,1057.3
2/18/17,1062.15
2/19/17,1059.88
2/20/17,1089.82
2/21/17,1128.29
2/22/17,1128.71
2/23/17,1186.9
2/24/17,1186.91
2/25/17,1158
2/26/17,1184.91
2/27/17,1195.81
2/28/17,1195.08
3/1/17,1230
3/2/17,1269.17
3/3/17,1292.86
3/4/17,1273.97
3/5/17,1278.98
3/6/17,1284.99
3/7/17,1237.36
3/8/17,1150.22
3/9/17,1197.3
3/10/17,1109.01
3/11/17,1188.11
3/12/17,1235.58
3/13/17,1245.49
3/14/17,1247.42
3/15/17,1263
3/16/17,1175.11
3/17/17,1069.57
3/18/17,970
3/19/17,1019.49
3/20/17,1044.96
3/21/17,1114.42
3/22/17,1034.57
3/23/17,1025.14
3/24/17,934.87
3/25/17,963.72
3/26/17,973.08
3/27/17,1042.08
3/28/17,1045.4
3/29/17,1043.27
3/30/17,1042.34
3/31/17,1088.99
4/1/17,1092
4/2/17,1113.99
4/3/17,1152.6
4/4/17,1143.99
4/5/17,1132.99
4/6/17,1192.3
4/7/17,1194
4/8/17,1184.5
4/9/17,1210.97
4/10/17,1210
4/11/17,1223.99
4/12/17,1214.17
4/13/17,1177.05
4/14/17,1173.74
4/15/17,1178.85
4/16/17,1177.99
4/17/17,1189.91
4/18/17,1201.94
4/19/17,1214.21
4/20/17,1236.15
4/21/17,1249.99
4/22/17,1247
4/23/17,1251.98
4/24/17,1257.29
4/25/17,1281.16
4/26/17,1298.44
4/27/17,1349.26
4/28/17,1353.34
4/29/17,1365.43
4/30/17,1384.55
5/1/17,1436.5
5/2/17,1471.99
5/3/17,1533
5/4/17,1563.39
5/5/17,1551.3
5/6/17,1585.39
5/7/17,1609.57
5/8/17,1713
5/9/17,1720.43
5/10/17,1794.99
5/11/17,1837.93
5/12/17,1695.61
5/13/17,1792.73
5/14/17,1799.99
5/15/17,1747.81
5/16/17,1777.48
5/17/17,1813.23
5/18/17,1899.16
5/19/17,1976.23
5/20/17,2058.91
5/21/17,2057
5/22/17,2123.29
5/23/17,2272.75
5/24/17,2432.97
5/25/17,2355
5/26/17,2272.7
5/27/17,2099.99
5/28/17,2232.78
5/29/17,2279.48
5/30/17,2191.58
5/31/17,2303.29
6/1/17,2419.99
6/2/17,2478.99
6/3/17,2548.05
6/4/17,2521.36
6/5/17,2698
6/6/17,2871.29
6/7/17,2685.64
6/8/17,2799.73
6/9/17,2811.39
6/10/17,2931.15
6/11/17,2998.98
6/12/17,2655.71
6/13/17,2709.01
6/14/17,2432.21
6/15/17,2409.98
6/16/17,2480.43
6/17/17,2634.94
6/18/17,2515.25
6/19/17,2596.98
6/20/17,2725.08
6/21/17,2643.35
6/22/17,2679.99
6/23/17,2690.76
6/24/17,2574.84
6/25/17,2505.61
6/26/17,2407.91
6/27/17,2575.75
6/28/17,2553.12
6/29/17,2530
6/30/17,2455.19
7/1/17,2423.63
7/2/17,2516.66
7/3/17,2542.41
7/4/17,2602
7/5/17,2616.96
7/6/17,2604.84
7/7/17,2501.15
7/8/17,2561.11
7/9/17,2508.99
7/10/17,2331.05
7/11/17,2310.01
7/12/17,2383.42
7/13/17,2340
7/14/17,2217.24
7/15/17,1964.31
7/16/17,1911.78
7/17/17,2235.19
7/18/17,2308.15
7/19/17,2258.99
7/20/17,2873.48
7/21/17,2657.45
7/22/17,2825.27
7/23/17,2754.28
7/24/17,2762.26
7/25/17,2564
7/26/17,2525.99
7/27/17,2664.99
7/28/17,2786.07
7/29/17,2700.21
7/30/17,2723.99
7/31/17,2856.88
8/1/17,2732.59
8/2/17,2699.9
8/3/17,2787.02
8/4/17,2857.34
8/5/17,3243.49
8/6/17,3222.22
8/7/17,3398.23
8/8/17,3422.43
8/9/17,3342.8
8/10/17,3444.98
8/11/17,3656.15
8/12/17,3874
8/13/17,4060.47
8/14/17,4320.6
8/15/17,4159.93
8/16/17,4370.01
8/17/17,4280.01
8/18/17,4101.72
8/19/17,4157.41
8/20/17,4050.99
8/21/17,4002
8/22/17,4092
8/23/17,4143.49
8/24/17,4312.03
8/25/17,4360
8/26/17,4344.32
8/27/17,4340.11
8/28/17,4384.99
8/29/17,4599
8/30/17,4581.98
8/31/17,4743.94
9/1/17,4947.99
9/2/17,4649.99
9/3/17,4626.05
9/4/17,4498.25
9/5/17,4432.51
9/6/17,4616.18
9/7/17,4624.18
9/8/17,4350
9/9/17,4334.36
9/10/17,4251.36
9/11/17,4210.72
9/12/17,4164.52
9/13/17,3855.32
9/14/17,3250.4
9/15/17,3740.02
9/16/17,3726.51
9/17/17,3719.97
9/18/17,4100
9/19/17,3910.11
9/20/17,3872.06
9/21/17,3617.47
9/22/17,3619.01
9/23/17,3787.33
9/24/17,3669.01
9/25/17,3919.78
9/26/17,3885.09
9/27/17,4200
9/28/17,4189.42
9/29/17,4156.99
9/30/17,4339
10/1/17,4394.81
10/2/17,4392.71
10/3/17,4307.99
10/4/17,4214.84
10/5/17,4320.04
10/6/17,4362.99
10/7/17,4425
10/8/17,4603.49
10/9/17,4769.55
10/10/17,4750
10/11/17,4814.99
10/12/17,5440
10/13/17,5624.8
10/14/17,5819.13
10/15/17,5693.7
10/16/17,5754.9
10/17/17,5594
10/18/17,5574.44
10/19/17,5704.01
10/20/17,5989.1
10/21/17,6024.86
10/22/17,6005.05
10/23/17,5905.99
10/24/17,5525.43
10/25/17,5739.97
10/26/17,5891.61
10/27/17,5780
10/28/17,5752.01
10/29/17,6140.01
10/30/17,6124.16
10/31/17,6445.01
11/1/17,6783.69
11/2/17,7039.98
11/3/17,7170.01
11/4/17,7412.55
11/5/17,7392
11/6/17,6969.76
11/7/17,7126.63
11/8/17,7467.96
11/9/17,7156
11/10/17,6577.62
11/11/17,6346.7
11/12/17,5886.35
11/13/17,6535.87
11/14/17,6605
11/15/17,7294
11/16/17,7838.53
11/17/17,7714.71
11/18/17,7777.01
11/19/17,8031.82
11/20/17,8256.01
11/21/17,8109
11/22/17,8250
11/23/17,8031.16
11/24/17,8215.01
11/25/17,8795.5
11/26/17,9401.11
11/27/17,9768.71
11/28/17,9949
11/29/17,9935.98
11/30/17,9903
12/1/17,10869.84
12/2/17,10930.24
12/3/17,11290
12/4/17,11643.98
12/5/17,11718.35
12/6/17,14090
12/7/17,17390.01
12/8/17,16367.03
12/9/17,15309.98
12/10/17,15290.01
12/11/17,16885.76
12/12/17,17730.12
12/13/17,16689.61
12/14/17,16749.78
12/15/17,17738.67
12/16/17,19650.01
12/17/17,19378.99
12/18/17,19039.01
12/19/17,17838.73
12/20/17,16496.89
12/21/17,15758.8
12/22/17,14210.57
12/23/17,15075.89
12/24/17,14221.94
12/25/17,14171.98
12/26/17,15790.88
12/27/17,15367.08
12/28/17,14450.01
12/29/17,14565.05
12/30/17,12839.99
12/31/17,13863.13
1/1/18,13480.01
1/2/18,14781.51
1/3/18,15098.14
1/4/18,15144.99
1/5/18,16960.01
1/6/18,17098.99
1/7/18,16174.22
1/8/18,14993.74
1/9/18,14480.99
1/10/18,14875.18
1/11/18,13308.06
1/12/18,13820
1/13/18,14187.95
1/14/18,13656.23
1/15/18,13590
1/16/18,11570.01
1/17/18,11200.01
1/18/18,11305.53
1/19/18,11498.99
1/20/18,12762.8
1/21/18,11518.17
1/22/18,10766.7
1/23/18,10824.94
1/24/18,11356.79
1/25/18,11118
1/26/18,11086.89
1/27/18,11319
1/28/18,11536
1/29/18,11123.01
1/30/18,9995
1/31/18,10099.99
2/1/18,9014.23
2/2/18,8787.52
2/3/18,9240
2/4/18,8167.91
2/5/18,6905.19
2/6/18,7688.46
2/7/18,7575.75
2/8/18,8218.1
2/9/18,8671.01
2/10/18,8547.49
2/11/18,8072.99
2/12/18,8872.28
2/13/18,8520.01
2/14/18,9472.98
2/15/18,10031.23
2/16/18,10167.49
2/17/18,11121.5
2/18/18,10380.04
2/19/18,11140
2/20/18,11235.57
2/21/18,10454.27
2/22/18,9830
2/23/18,10144.99
2/24/18,9688.62
2/25/18,9597.99
2/26/18,10300
2/27/18,10566.57
2/28/18,10307.27
3/1/18,10895.92
3/2/18,11000
3/3/18,11432.5
3/4/18,11469.9
3/5/18,11377.54
3/6/18,10700
3/7/18,9920
3/8/18,9304.9
3/9/18,9255
3/10/18,8795.44
3/11/18,9533.88
3/12/18,9120
3/13/18,9145.41
3/14/18,8207.03
3/15/18,8259.99
3/16/18,8275
3/17/18,7865.02
3/18/18,8192
3/19/18,8589
3/20/18,8900
3/21/18,8891.81
3/22/18,8715.09
3/23/18,8927.1
3/24/18,8531.34
3/25/18,8453
3/26/18,8145
3/27/18,7793.61
3/28/18,7942.72
3/29/18,7079.99
3/30/18,6848.01
3/31/18,6928.5
4/1/18,6816.01
4/2/18,7045.01
4/3/18,7424.9
4/4/18,6791.68
4/5/18,6785.85
4/6/18,6619.01
4/7/18,6894.01
4/8/18,7020.01
4/9/18,6771.13
4/10/18,6824.99
4/11/18,6942.99
4/12/18,7916
4/13/18,7893.19
4/14/18,8003.11
4/15/18,8355.25
4/16/18,8048.93
4/17/18,7892.1
4/18/18,8152.05
4/19/18,8274
4/20/18,8866.27
4/21/18,8915.42
4/22/18,8795.01
4/23/18,8931.3
4/24/18,9650
4/25/18,8865.98
4/26/18,9272.11
4/27/18,8922.55
4/28/18,9329.99
4/29/18,9389.01
4/30/18,9243.82
5/1/18,9072.29
5/2/18,9190.48
5/3/18,9725.74
5/4/18,9685
5/5/18,9800
5/6/18,9600
5/7/18,9356.25
5/8/18,9177.81
5/9/18,9300.08
5/10/18,9010.51
5/11/18,8403.33
5/12/18,8475
5/13/18,8686.1
5/14/18,8670
5/15/18,8477.46
5/16/18,8344
5/17/18,8059
5/18/18,8238.51
5/19/18,8235.6
5/20/18,8516.86
5/21/18,8393.44
5/22/18,7987.7
5/23/18,7505
5/24/18,7584.15
5/25/18,7459.11
5/26/18,7337.95
5/27/18,7346.64
5/28/18,7107.94
5/29/18,7460
5/30/18,7380.01
5/31/18,7485
6/1/18,7514.32
6/2/18,7636.42
6/3/18,7706.37
6/4/18,7487.37
6/5/18,7612.51
6/6/18,7655
6/7/18,7684.93
6/8/18,7618.83
6/9/18,7496.4
6/10/18,6770.31
6/11/18,6881
6/12/18,6544.99
6/13/18,6302.32
6/14/18,6638.49
6/15/18,6391.22
6/16/18,6484.29
6/17/18,6447.16
6/18/18,6709.02
6/19/18,6736.41
6/20/18,6756.1
6/21/18,6719.01
6/22/18,6059.82
6/23/18,6178.29
6/24/18,6149.99
6/25/18,6246.01
6/26/18,6074
6/27/18,6132.17
6/28/18,5851.66
6/29/18,6202.36
6/30/18,6383.19
7/1/18,6349.5
7/2/18,6611.79
7/3/18,6502.62
7/4/18,6587.47
7/5/18,6532.95
7/6/18,6600
7/7/18,6753.28
7/8/18,6701.97
7/9/18,6664.01
7/10/18,6303.7
7/11/18,6390.04
7/12/18,6249.75
7/13/18,6216.29
7/14/18,6248.65
7/15/18,6348.73
7/16/18,6728.81
7/17/18,7315.01
7/18/18,7378.99
7/19/18,7470.01
7/20/18,7334.46
7/21/18,7408
7/22/18,7397.8
7/23/18,7720.09
7/24/18,8385.5
7/25/18,8157.15
7/26/18,7931.99
7/27/18,8184.21
7/28/18,8228.9
7/29/18,8216.34
7/30/18,8170.01
7/31/18,7727.27
8/1/18,7603.99
8/2/18,7533.92
8/3/18,7414.08
8/4/18,7005
8/5/18,7030.01
8/6/18,6938
8/7/18,6718.22
8/8/18,6282.5
8/9/18,6546.45
8/10/18,6146.01
8/11/18,6235.56
8/12/18,6316.01
8/13/18,6253.67
8/14/18,6195.01
8/15/18,6269.01
8/16/18,6315.9
8/17/18,6585.49
8/18/18,6396.64
8/19/18,6489.53
8/20/18,6258.74
8/21/18,6475.89
8/22/18,6359.99
8/23/18,6526.36
8/24/18,6690.88
8/25/18,6737.52
8/26/18,6709.98
8/27/18,6911.9
8/28/18,7071.01
8/29/18,7030.9
8/30/18,6983
8/31/18,7015.01
9/1/18,7191.08
9/2/18,7295
9/3/18,7256.98
9/4/18,7360
9/5/18,6687.96
9/6/18,6495
9/7/18,6395.01
9/8/18,6188
9/9/18,6235.01
9/10/18,6300
9/11/18,6282.53
9/12/18,6326
9/13/18,6485.99
9/14/18,6478.04
9/15/18,6518.68
9/16/18,6498
9/17/18,6250.7
9/18/18,6335.7
9/19/18,6386.94
9/20/18,6493.11
9/21/18,6750
9/22/18,6707.33
9/23/18,6696.99
9/24/18,6582.09
9/25/18,6436.89
9/26/18,6455.66
9/27/18,6680.01
9/28/18,6620.01
9/29/18,6581
9/30/18,6605
10/1/18,6572.83
10/2/18,6498.46
10/3/18,6466.03
10/4/18,6547.45
10/5/18,6593.94
10/6/18,6552.43
10/7/18,6570
10/8/18,6608.07
10/9/18,6589.48
10/10/18,6524.56
10/11/18,6154.69
10/12/18,6188.01
10/13/18,6196
10/14/18,6183.49
10/15/18,6440.42
10/16/18,6457.11
10/17/18,6443.7
10/18/18,6394.96
10/19/18,6382.99
10/20/18,6414
10/21/18,6415.88
10/22/18,6407.65
10/23/18,6395.14
10/24/18,6415.98
10/25/18,6395.58
10/26/18,6404.87
10/27/18,6409.12
10/28/18,6403.62
10/29/18,6266
10/30/18,6267.63
10/31/18,6304.18
11/1/18,6344
11/2/18,6349.8
11/3/18,6331.96
11/4/18,6423.28
11/5/18,6404
11/6/18,6448.5
11/7/18,6503.12
11/8/18,6406.24
11/9/18,6334.89
11/10/18,6347.42
11/11/18,6357.6
11/12/18,6327.87
11/13/18,6259.34
11/14/18,5605.46
11/15/18,5579.52
11/16/18,5512.24
11/17/18,5504.17
11/18/18,5560
11/19/18,4733.5
11/20/18,4349.23
11/21/18,4545.11
11/22/18,4265.36
11/23/18,4283.8
11/24/18,3774.99
11/25/18,3936.69
11/26/18,3731.32
11/27/18,3775
11/28/18,4225.03
11/29/18,4248
11/30/18,3976
12/1/18,4142.01
12/2/18,4103.19
12/3/18,3833.47
12/4/18,3901.84
12/5/18,3694.39
12/6/18,3433.26
12/7/18,3380.01
12/8/18,3401
12/9/18,3531.18
12/10/18,3410.15
12/11/18,3349.36
12/12/18,3430.24
12/13/18,3265
12/14/18,3195.71
12/15/18,3183
12/16/18,3195
12/17/18,3496.82
12/18/18,3667.77
12/19/18,3682.51
12/20/18,4075.34
12/21/18,3839.06
12/22/18,3980.46
12/23/18,3944.93
12/24/18,4034
12/25/18,3780
12/26/18,3809.88
12/27/18,3589.89
12/28/18,3888.06
12/29/18,3729.31
12/30/18,3829
12/31/18,3691.86
1/1/19,3826.1
1/2/19,3890.79
1/3/19,3787.57
1/4/19,3820.25
1/5/19,3798.62
1/6/19,4040.99
1/7/19,4006.01
1/8/19,3993.86
1/9/19,4004.12
1/10/19,3626.12
1/11/19,3635.69
1/12/19,3619.41
1/13/19,3514.24
1/14/19,3664.19
1/15/19,3580.76
1/16/19,3609.71
1/17/19,3640.65
1/18/19,3607.85
1/19/19,3682.65
1/20/19,3536.19
1/21/19,3531.76
1/22/19,3577.03
1/23/19,3553.01
1/24/19,3568.97
1/25/19,3562.17
1/26/19,3556.07
1/27/19,3531.02
1/28/19,3429.95
1/29/19,3397.42
1/30/19,3437.55
1/31/19,3411.5
2/1/19,3437.5
2/2/19,3468.43
2/3/19,3414.78
2/4/19,3409.57
2/5/19,3428.4
2/6/19,3367.36
2/7/19,3359
2/8/19,3621.99
2/9/19,3623.73
2/10/19,3648.84
2/11/19,3590.36
2/12/19,3588.06
2/13/19,3576.68
2/14/19,3561.5
2/15/19,3566.59
2/16/19,3582.37
2/17/19,3625.08
2/18/19,3867
2/19/19,3888.01
2/20/19,3938.99
2/21/19,3897.71
2/22/19,3942.02
2/23/19,4110
2/24/19,3734.22
2/25/19,3818.79
2/26/19,3799.48
2/27/19,3799.91
2/28/19,3792.14
3/1/19,3806.17
3/2/19,3809.7
3/3/19,3786.93
3/4/19,3700.72
3/5/19,3844.59
3/6/19,3851.89
3/7/19,3857.05
3/8/19,3843.12
3/9/19,3917
3/10/19,3900.93
3/11/19,3849.68
3/12/19,3860
3/13/19,3851.02
3/14/19,3853.95
3/15/19,3902.8
3/16/19,3990
3/17/19,3967.01
3/18/19,3970.5
3/19/19,4000.85
3/20/19,4031.85
3/21/19,3972.76
3/22/19,3983.78
3/23/19,3983.43
3/24/19,3969.52
3/25/19,3907.53
3/26/19,3921.45
3/27/19,4026.53
3/28/19,4011.17
3/29/19,4091.01
3/30/19,4094.14
3/31/19,4094.99
4/1/19,4137
4/2/19,4901.93
4/3/19,4975.97
4/4/19,4906.49
4/5/19,5040.66
4/6/19,5049.22
4/7/19,5194.79
4/8/19,5285.54
4/9/19,5187.21
4/10/19,5318.58
4/11/19,5041.3
4/12/19,5078.19
4/13/19,5066.22
4/14/19,5164.27
4/15/19,5029.99
4/16/19,5202.9
4/17/19,5227
4/18/19,5280.49
4/19/19,5290.36
4/20/19,5319.89
4/21/19,5297.64
4/22/19,5387.6
4/23/19,5532.75
4/24/19,5441.9
4/25/19,5134.81
4/26/19,5159.51
4/27/19,5170.6
4/28/19,5155
4/29/19,5148.25
4/30/19,5270.69
5/1/19,5321.15
5/2/19,5390.01
5/3/19,5657.4
5/4/19,5770.01
5/5/19,5715.86
5/6/19,5687.9
5/7/19,5748.45
5/8/19,5948.41
5/9/19,6153.09
5/10/19,6343.14
5/11/19,7219.95
5/12/19,6979.76
5/13/19,7824.93
5/14/19,7990.92
5/15/19,8203.32
5/16/19,7878.96
5/17/19,7363.69
5/18/19,7262.4
5/19/19,8200
5/20/19,7999.54
5/21/19,7951.7
5/22/19,7626.48
5/23/19,7881.98
5/24/19,7994.88
5/25/19,8067.41
5/26/19,8760.03
5/27/19,8783.25
5/28/19,8686.5
5/29/19,8660.5
5/30/19,8273.57
5/31/19,8550.18
6/1/19,8558.01
6/2/19,8741.17
6/3/19,8015.01
6/4/19,7688.26
6/5/19,7766.91
6/6/19,7812.15
6/7/19,7992.17
6/8/19,7938.64
6/9/19,7623.84
6/10/19,8046.13
6/11/19,7918.2
6/12/19,8169.01
6/13/19,8256
6/14/19,8693.98
6/15/19,8861.33
6/16/19,8996.95
6/17/19,9346.47
6/18/19,9089.99
6/19/19,9283.99
6/20/19,9542.6
6/21/19,10175.88
6/22/19,10658.3
6/23/19,10808.53
6/24/19,11040.03
6/25/19,11736.99
6/26/19,12902.52
6/27/19,11127.4
6/28/19,12317.73
6/29/19,11913.73
6/30/19,10778.74
7/1/19,10570.62
7/2/19,10885.01
7/3/19,12022.61
7/4/19,11130.95
7/5/19,11038.61
7/6/19,11187.8
7/7/19,11478.9
7/8/19,12298.31
7/9/19,12559.46
7/10/19,12083.13
7/11/19,11323.95
7/12/19,11811.99
7/13/19,11408.1
7/14/19,10190.36
7/15/19,10855.56
7/16/19,9436
7/17/19,9708.55
7/18/19,10654.25
7/19/19,10548.04
7/20/19,10754.92
7/21/19,10633.54
7/22/19,10304.64
7/23/19,9833.19
7/24/19,9751.24
7/25/19,9880.67
7/26/19,9841.96
7/27/19,9468.92
7/28/19,9549.7
7/29/19,9503.32
7/30/19,9580
7/31/19,10099
8/1/19,10417.24
8/2/19,10533.07
8/3/19,10820.75
8/4/19,10997.82
8/5/19,11775.14
8/6/19,11440.08
8/7/19,12014.41
8/8/19,12017.89
8/9/19,11889
8/10/19,11283.82
8/11/19,11531.95
8/12/19,11387.38
8/13/19,10855.58
8/14/19,10105.34
8/15/19,10280.96
8/16/19,10368.83
8/17/19,10218.37
8/18/19,10309.04
8/19/19,10935.67
8/20/19,10770.99
8/21/19,10137.75
8/22/19,10088.89
8/23/19,10415.01
8/24/19,10156
8/25/19,10148.5
8/26/19,10373.75
8/27/19,10170.16
8/28/19,9710.38
8/29/19,9525
8/30/19,9580.6
8/31/19,9593.95
9/1/19,9769.64
9/2/19,10405.05
9/3/19,10628.46
9/4/19,10585.67
9/5/19,10574.27
9/6/19,10318.8
9/7/19,10484.87
9/8/19,10395.17
9/9/19,10310.01
9/10/19,10090.01
9/11/19,10169.49
9/12/19,10437.19
9/13/19,10381.91
9/14/19,10360.2
9/15/19,10306.65
9/16/19,10268.77
9/17/19,10185.14
9/18/19,10155.26
9/19/19,10304.94
9/20/19,10168.44
9/21/19,9982.39
9/22/19,10035
9/23/19,9683.89
9/24/19,8556.43
9/25/19,8446.57
9/26/19,8063
9/27/19,8193.98
9/28/19,8228.22
9/29/19,8063.06
9/30/19,8305.14
10/1/19,8323.43
10/2/19,8396
10/3/19,8241.25
10/4/19,8159.71
10/5/19,8152.99
10/6/19,7862.67
10/7/19,8224.82
10/8/19,8186.73
10/9/19,8600
10/10/19,8589.01
10/11/19,8263.64
10/12/19,8304.1
10/13/19,8280.01
10/14/19,8363
10/15/19,8156.52
10/16/19,7993
10/17/19,8077
10/18/19,7954.16
10/19/19,7965.27
10/20/19,8235.44
10/21/19,8214.58
10/22/19,8008.04
10/23/19,7473.42
10/24/19,7439.29
10/25/19,8704.85
10/26/19,9281.27
10/27/19,9570.58
10/28/19,9221.96
10/29/19,9431.27
10/30/19,9175.77
10/31/19,9146.75
11/1/19,9268
11/2/19,9320
11/3/19,9215.01
11/4/19,9414
11/5/19,9314.99
11/6/19,9343.11
11/7/19,9196.71
11/8/19,8758.69
11/9/19,8798.38
11/10/19,9036.82
11/11/19,8720.61
11/12/19,8823.65
11/13/19,8765.61
11/14/19,8630.01
11/15/19,8460
11/16/19,8488
11/17/19,8500.01
11/18/19,8160.73
11/19/19,8123.36
11/20/19,8082.96
11/21/19,7618.76
11/22/19,7296.45
11/23/19,7338.92
11/24/19,6906.25
11/25/19,7125
11/26/19,7155
11/27/19,7539.4
11/28/19,7413.05
11/29/19,7751.29
11/30/19,7551.7
12/1/19,7413.84
12/2/19,7315.09
12/3/19,7296
12/4/19,7185.57
12/5/19,7388.75
12/6/19,7560.76
12/7/19,7502.2
12/8/19,7520
12/9/19,7332.69
12/10/19,7215.69
12/11/19,7275.17
12/12/19,7194.19
12/13/19,7249.25
12/14/19,7059.55
12/15/19,7111
12/16/19,6877.04
12/17/19,6618.62
12/18/19,7309.12
12/19/19,7153.99
12/20/19,7189.87
12/21/19,7143.01
12/22/19,7550
12/23/19,7318.18
12/24/19,7259.87
12/25/19,7194.76
12/26/19,7195
12/27/19,7247.35
12/28/19,7303.7
12/29/19,7378.53
12/30/19,7191
12/31/19,7158.01
1/1/20,7174.32
1/2/20,6945.01
1/3/20,7335.54
1/4/20,7353.5
1/5/20,7348.69
1/6/20,7773.48
1/7/20,8169.95
1/8/20,8035.08
1/9/20,7813.78
1/10/20,8183.89
1/11/20,8002.89
1/12/20,8192.66
1/13/20,8109.62
1/14/20,8757.18
1/15/20,8831.86
1/16/20,8727.22
1/17/20,8875.81
1/18/20,8901
1/19/20,8710.41
1/20/20,8633.67
1/21/20,8730
1/22/20,8665
1/23/20,8386.63
1/24/20,8424.96
1/25/20,8304.04
1/26/20,8632.92
1/27/20,8903.24
1/28/20,9417.64
1/29/20,9270
1/30/20,9493.61
1/31/20,9343.28
2/1/20,9375.06
2/2/20,9314.06
2/3/20,9282.29
2/4/20,9158.57
2/5/20,9623.44
2/6/20,9765.96
2/7/20,9804.98
2/8/20,9911.13
2/9/20,10174.81
2/10/20,9854.5
2/11/20,10279.99
2/12/20,10344.01
2/13/20,10239.57
2/14/20,10380
2/15/20,9901.34
2/16/20,9915.04
2/17/20,9711.95
2/18/20,10191.51
2/19/20,9591.54
2/20/20,9610.05
2/21/20,9697.01
2/22/20,9668.26
2/23/20,9964.16
2/24/20,9668.08
2/25/20,9301.01
2/26/20,8776.01
2/27/20,8816.71
2/28/20,8713.16
2/29/20,8552.08
3/1/20,8490.3
3/2/20,8923.52
3/3/20,8769.67
3/4/20,8765
3/5/20,9053.56
3/6/20,9162.98
3/7/20,8885.68
3/8/20,8068
3/9/20,7945.03
3/10/20,7887.01
3/11/20,7957.02
3/12/20,4980
3/13/20,5592.77
3/14/20,5182.62
3/15/20,5327.12
3/16/20,5074.2
3/17/20,5361.77
3/18/20,5426.71
3/19/20,6219.99
3/20/20,6215.4
3/21/20,6168.72
3/22/20,5791.69
3/23/20,6583.38
3/24/20,6742.21
3/25/20,6752.83
3/26/20,6772.2
3/27/20,6320.46
3/28/20,6269.81
3/29/20,5897.55
3/30/20,6401.26
3/31/20,6434.73
4/1/20,6719.39
4/2/20,6789.84
4/3/20,6727.99
4/4/20,6896.6
4/5/20,6779.75
4/6/20,7320.07
4/7/20,7204.58
4/8/20,7343.65
4/9/20,7294.69
4/10/20,6892.54
4/11/20,6891.43
4/12/20,6860.97
4/13/20,6871
4/14/20,6865.72
4/15/20,6576.76
4/16/20,7123.29
4/17/20,7055.22
4/18/20,7271.53
4/19/20,7125.31
4/20/20,6832.57
4/21/20,6845
4/22/20,7143.99
4/23/20,7479.06
4/24/20,7514.64
4/25/20,7535.69
4/26/20,7765.79
4/27/20,7773
4/28/20,7774.39
4/29/20,8789.1
4/30/20,8652.3
5/1/20,8813.9
5/2/20,8992
5/3/20,8917.63
5/4/20,8900.29
5/5/20,9037.69
5/6/20,9132.24
5/7/20,10007.56
5/8/20,9790.23
5/9/20,9554.91
5/10/20,8773.89
5/11/20,8557.37
5/12/20,8809.14
5/13/20,9335.84
5/14/20,9815.22
5/15/20,9331.18
5/16/20,9353.26
5/17/20,9700.33
5/18/20,9733.21
5/19/20,9783.91
5/20/20,9497.76
5/21/20,9039.12
5/22/20,9173.23
5/23/20,9166.02
5/24/20,8673.64
5/25/20,8892.39
5/26/20,8836.77
5/27/20,9200
5/28/20,9593.72
5/29/20,9426.87
5/30/20,9684.6
5/31/20,9435.8
6/1/20,10212.38
6/2/20,9509.35
6/3/20,9672.67
6/4/20,9799.57
6/5/20,9568.95
6/6/20,9665.36
6/7/20,9764
6/8/20,9833.94
6/9/20,9778.6
6/10/20,9899.18
6/11/20,9258.7
6/12/20,9466.77
6/13/20,9477.17
6/14/20,9315.71
6/15/20,9437.23
6/16/20,9534.8
6/17/20,9460.53
6/18/20,9368.15
6/19/20,9285.54
6/20/20,9361.81
6/21/20,9279.68
6/22/20,9700.91
6/23/20,9623.74
6/24/20,9284.1
6/25/20,9232.84
6/26/20,9157.22
6/27/20,9001.24
6/28/20,9122.56
6/29/20,9191.05
6/30/20,9129.47
7/1/20,9239.09
7/2/20,9088.54
7/3/20,9050.05
7/4/20,9138.22
7/5/20,9088.52
7/6/20,9331.69
7/7/20,9263.56
7/8/20,9436.01
7/9/20,9230.48
7/10/20,9298.16
7/11/20,9235
7/12/20,9313.77
7/13/20,9230.14
7/14/20,9258.34
7/15/20,9194.51
7/16/20,9130.91
7/17/20,9147.65
7/18/20,9174.6
7/19/20,9221.71
7/20/20,9161.13
7/21/20,9396.65
7/22/20,9546.31
7/23/20,9612.05
7/24/20,9553.41
7/25/20,9709.02
7/26/20,9944.58
7/27/20,11108.44
7/28/20,10952.85
7/29/20,11100.39
7/30/20,11139.67
7/31/20,11372.76
8/1/20,11805.82
8/2/20,11050.03
8/3/20,11235.44
8/4/20,11198.04
8/5/20,11737.59
8/6/20,11766.62
8/7/20,11598.96
8/8/20,11780.14
8/9/20,11692.76
8/10/20,11896.19
8/11/20,11387.01
8/12/20,11563.16
8/13/20,11824.99
8/14/20,11785.29
8/15/20,11854.27
8/16/20,11924
8/17/20,12325.1
8/18/20,11983.52
8/19/20,11764.8
8/20/20,11856.24
8/21/20,11526.32
8/22/20,11675.78
8/23/20,11650.03
8/24/20,11762.34
8/25/20,11324.86
8/26/20,11460.01
8/27/20,11341.73
8/28/20,11540
8/29/20,11468.56
8/30/20,11724.99
8/31/20,11665.93
9/1/20,11911.74
9/2/20,11390.12
9/3/20,10225.82
9/4/20,.
9/5/20,10152.97
9/6/20,10255.2
9/7/20,10389.85
9/8/20,10123.21
9/9/20,10235
9/10/20,10345.95
9/11/20,10399.99
9/12/20,10444.01
9/13/20,10336.28
9/14/20,10679.33
9/15/20,10789.8
9/16/20,10953.38
9/17/20,10947.83
9/18/20,10942.2
9/19/20,11075.33
9/20/20,10911.59
9/21/20,10425.85
9/22/20,10529.01
9/23/20,10230.11
9/24/20,10741
9/25/20,10693.3
9/26/20,10730.23
9/27/20,10792.18
9/28/20,10681.01
9/29/20,10845.9
9/30/20,10783.24
10/1/20,10598.64
10/2/20,10577.92
10/3/20,10545.21
10/4/20,10662.36
10/5/20,10800
10/6/20,10594.15
10/7/20,10671.23
10/8/20,10926.71
10/9/20,11059.3
10/10/20,11303.56
10/11/20,11370.45
10/12/20,11534.83
10/13/20,11434.36
10/14/20,11426.87
10/15/20,11509.25
10/16/20,11329.33
10/17/20,11365.96
10/18/20,11516.56
10/19/20,11765.09
10/20/20,11917.34
10/21/20,12836.37
10/22/20,12977.02
10/23/20,12943.03
10/24/20,13120.87
10/25/20,13050.32
10/26/20,13072.95
10/27/20,13698.18
10/28/20,13280
10/29/20,13460
10/30/20,13582.97
10/31/20,13745.02
11/1/20,13784.52
11/2/20,13573.93
11/3/20,14050.59
11/4/20,14160
11/5/20,15636.6
11/6/20,15596.33
11/7/20,14814.62
11/8/20,15487.88
11/9/20,15334.37
11/10/20,15325.25
11/11/20,15723.81
11/12/20,16319.72
11/13/20,16339.59
11/14/20,16093.3
11/15/20,15946.64
11/16/20,16714.58
11/17/20,17660.9
11/18/20,17802.82
11/19/20,17804.44
11/20/20,18702.87
11/21/20,18710.14
11/22/20,18477.48
11/23/20,18391.21
11/24/20,19185.07
11/25/20,18706.15
11/26/20,17173
11/27/20,17156.99
11/28/20,17718.3
11/29/20,18238.52
11/30/20,19727
12/1/20,18763.35
12/2/20,19245.61
12/3/20,19430.07
12/4/20,18692.32
12/5/20,19156.82
12/6/20,19397.08
12/7/20,19202.88
12/8/20,18311.76
12/9/20,18550.01
12/10/20,18286.8
12/11/20,18048.14
12/12/20,18826.36
12/13/20,19133.04
12/14/20,19288.43
12/15/20,19451.34
12/16/20,21384.63
12/17/20,22830.34
12/18/20,23169.26
12/19/20,23814.91
12/20/20,23451.68
12/21/20,22777.26
12/22/20,23839.99
12/23/20,23196.57
12/24/20,23740.01
12/25/20,24736.42
12/26/20,26519.1
12/27/20,26320.06
12/28/20,27044.14
12/29/20,27407.85
12/30/20,28934.56
12/31/20,29026.97
1/1/21,29391.09
1/2/21,32244.73
1/3/21,33134.1
1/4/21,32127.31
1/5/21,34131.23
1/6/21,36979.81
1/7/21,39573.39
1/8/21,40666.72
1/9/21,40346.3
1/10/21,38242.02
1/11/21,35474.31
1/12/21,33968.43
1/13/21,37520.66
1/14/21,39171.12
1/15/21,36868.39
1/16/21,35869.47
1/17/21,35931.15
1/18/21,36765.97
1/19/21,35673.03
1/20/21,35570.44
1/21/21,30647.26
1/22/21,32885.51
1/23/21,32021.33
1/24/21,32250.01
1/25/21,31979
1/26/21,32579.82
1/27/21,30552.06
1/28/21,33484.8
1/29/21,34330.14
1/30/21,34229.25
1/31/21,33076.09
2/1/21,33457.6
2/2/21,35511.07
2/3/21,37769.41
2/4/21,37070.87
2/5/21,38376.86
2/6/21,38995.52
2/7/21,38888.74
2/8/21,46674.44
2/9/21,46595.44
2/10/21,44887.29
2/11/21,48121
2/12/21,47524.18
2/13/21,47274.23
2/14/21,48703.26
2/15/21,47911.87
2/16/21,49257.23
2/17/21,52269.84
2/18/21,51644.16
2/19/21,56029.51
2/20/21,55960.05
2/21/21,57538.47
2/22/21,54130.33
2/23/21,48972.11
2/24/21,49789.99
2/25/21,46927.73
2/26/21,46360.17
2/27/21,45973.56
2/28/21,45352.29
3/1/21,49652.19
3/2/21,48368.22
3/3/21,50164.67
3/4/21,48327.39
3/5/21,48908.09
3/6/21,48986.85
3/7/21,50858.34
3/8/21,52472.59
3/9/21,54999.99
3/10/21,56046.27
3/11/21,57911.02
3/12/21,57174.89
3/13/21,61130.22
3/14/21,59192.98
3/15/21,55430.19
3/16/21,57126.52
3/17/21,59221.23
3/18/21,57562.46
3/19/21,58001.29
3/20/21,58051.01
3/21/21,57402.03
3/22/21,54230.21
3/23/21,54268.81
3/24/21,52294.65
3/25/21,51386.2
3/26/21,55314.11
3/27/21,55932.18
3/28/21,55821.59
3/29/21,57630.72
3/30/21,58800
3/31/21,58837.71
4/1/21,58768.84
4/2/21,59019.55
4/3/21,56731
4/4/21,58266.39
4/5/21,59200
4/6/21,58018.31
4/7/21,55962.11
4/8/21,58108.65
4/9/21,58126.14
4/10/21,60039.35
4/11/21,60133.37
4/12/21,59903.04
4/13/21,63660.94
4/14/21,63283.43
4/15/21,63346.93
4/16/21,61486.08
4/17/21,60199.33
4/18/21,56351.2
4/19/21,55797.39
4/20/21,56514.9
4/21/21,53919.48
4/22/21,51653.27
4/23/21,51231.69
4/24/21,50167.5
4/25/21,49272.06
4/26/21,53969.71
4/27/21,55120.81
4/28/21,54964.11
4/29/21,53562.87
4/30/21,57640.17
5/1/21,57868.94
5/2/21,56631.64
5/3/21,57213.29
5/4/21,53128.68
5/5/21,57518.01
5/6/21,56485.77
5/7/21,57373.88
5/8/21,59045.17
5/9/21,58410.34
5/10/21,55936.77
5/11/21,56719
5/12/21,49095.57
5/13/21,49635.45
5/14/21,49923.92
5/15/21,46984.74
5/16/21,46523.31
5/17/21,43768.74
5/18/21,42989.8
5/19/21,37236.61
5/20/21,40749.78
5/21/21,37425
5/22/21,37383.34
5/23/21,34927.4
5/24/21,38725.06
5/25/21,38370
5/26/21,39213.41
5/27/21,38368.17
5/28/21,35770
5/29/21,34621.64
5/30/21,35545.27
5/31/21,37153.71
6/1/21,36764.58
6/2/21,37501.36
6/3/21,39215.09
6/4/21,36895.48
6/5/21,35565
6/6/21,35873.42
6/7/21,33816.09
6/8/21,33432.26
6/9/21,37357.02
6/10/21,36717.51
6/11/21,37282.15
6/12/21,35609.66
6/13/21,39122.03
6/14/21,40496.92
6/15/21,40093.93
6/16/21,38394.4
6/17/21,38027.63
6/18/21,35777.39
6/19/21,35498.24
6/20/21,35565.82
6/21/21,31686.69
6/22/21,32508.26
6/23/21,33688.35
6/24/21,34695.34
6/25/21,31704.87
6/26/21,32265.95
6/27/21,34596.99
6/28/21,34541.8
6/29/21,35928.75
6/30/21,34995.83
7/1/21,33538.49
7/2/21,33832.49
7/3/21,34633.93
7/4/21,35126.9
7/5/21,33673.22
7/6/21,34193.9
7/7/21,33791
7/8/21,32878.23
7/9/21,33766.87
7/10/21,33547.19
7/11/21,34236.21
7/12/21,33096.86
7/13/21,32768.54
7/14/21,32817.18
7/15/21,31891.09
7/16/21,31408.78
7/17/21,31503.78
7/18/21,31753.02
7/19/21,30849.9
7/20/21,29788.61
7/21/21,32086.04
7/22/21,32327.95
7/23/21,33700
7/24/21,34275.43
7/25/21,35368.57
7/26/21,37269.12
7/27/21,39381.82
7/28/21,40031.56
7/29/21,40024.94
7/30/21,42188.95
7/31/21,41472.42
8/1/21,39816.76
8/2/21,39146.69
8/3/21,38207.27
8/4/21,39730
8/5/21,40893.75
8/6/21,42827.76
8/7/21,44488.87
8/8/21,43933.26
8/9/21,46208.5
8/10/21,45565.76
8/11/21,45482.95
8/12/21,44454.37
8/13/21,47765.41
8/14/21,47134.61
8/15/21,47090
8/16/21,45930.71
8/17/21,44718.51
8/18/21,44735.2
8/19/21,46736.74
8/20/21,49350.99
8/21/21,48896.95
8/22/21,49328.47
8/23/21,49464.66
8/24/21,47770.4
8/25/21,48985.05
8/26/21,46770.6
8/27/21,49082.04
8/28/21,48963.41
8/29/21,48770.78
8/30/21,46924.16
8/31/21,47065.73
9/1/21,48889.19
9/2/21,49273.33
9/3/21,49919.31
9/4/21,49949.07
9/5/21,51782.76
9/6/21,52691.2
9/7/21,46943.82
9/8/21,46022.48
9/9/21,46414.58
9/10/21,44897.75
9/11/21,45127.48
9/12/21,46010.13
9/13/21,44969.02
9/14/21,47096.48
9/15/21,48106.71
9/16/21,47772.7
9/17/21,47337.8
9/18/21,48300.04
9/19/21,47270.75
9/20/21,42991.14
9/21/21,40656.13
9/22/21,43544.09
9/23/21,44892.71
9/24/21,42816.65
9/25/21,42682.26
9/26/21,43142.04
9/27/21,42214.52
9/28/21,41006.19
9/29/21,41522.49
9/30/21,43834.03
10/1/21,48145.34
10/2/21,47692.85
10/3/21,48179.83
10/4/21,49248.68
10/5/21,51441.74
10/6/21,55278.64
10/7/21,53844.74
10/8/21,53983.21
10/9/21,54951.3
10/10/21,54655.3
10/11/21,57440.05
10/12/21,56019.29
10/13/21,57372.59
10/14/21,57327.09
10/15/21,61682.48
10/16/21,60880.85
10/17/21,61541.01
10/18/21,62036.95
10/19/21,64353.53
10/20/21,66005.17
10/21/21,62152.09
10/22/21,60671.75
10/23/21,61308.09
10/24/21,60889.41
10/25/21,63102.83
10/26/21,60341.21
10/27/21,58517.61
10/28/21,60577.62
10/29/21,62316.4
10/30/21,62062.88
10/31/21,61333.45
11/1/21,60950
11/2/21,63357.2
11/3/21,62944.4
11/4/21,61499.24
11/5/21,61000.01
11/6/21,61539.3
11/7/21,63433.66
11/8/21,67510.06
11/9/21,66967.98
11/10/21,64896.86
11/11/21,64793.69
11/12/21,64158.51
11/13/21,64482.54
11/14/21,65714.05
11/15/21,63441.68
11/16/21,60147.32
11/17/21,60314.28
11/18/21,57017.38
11/19/21,58187.85
11/20/21,59771.71
11/21/21,58742.9
11/22/21,56254.57
11/23/21,57599.99
11/24/21,57255.24
11/25/21,59022.44
11/26/21,53839.39
11/27/21,54665.93
11/28/21,57471.87
11/29/21,57828.33
11/30/21,56879.47
12/1/21,57228.47
12/2/21,56566.29
12/3/21,53681.96
12/4/21,49335
12/5/21,49511.76
12/6/21,50588.91
12/7/21,50676.09
12/8/21,50531.51
12/9/21,47639.07
12/10/21,47268.48
12/11/21,49432.46
12/12/21,50065.39
12/13/21,46639.86
12/14/21,48343.16
12/15/21,48885.97
12/16/21,47605.48
12/17/21,46240.15
12/18/21,46813.13
12/19/21,46683.77
12/20/21,46963.71
12/21/21,48954.47
12/22/21,48646.94
12/23/21,50840.46
12/24/21,50815.7
12/25/21,50395.07
12/26/21,50841.73
12/27/21,50663.26
12/28/21,47594.55
12/29/21,46518.8
12/30/21,47097.85
12/31/21,46244.63
1/1/22,47748.83
1/2/22,47258.52
1/3/22,46519.76
1/4/22,45889.4
1/5/22,43422.85
1/6/22,43133.33
1/7/22,41656.16
1/8/22,41667.48
1/9/22,41838.78
1/10/22,41872.47
1/11/22,42771.24
1/12/22,43884.25
1/13/22,42617.64
1/14/22,43158.68
1/15/22,43082.34
1/16/22,43137.67
1/17/22,42285.47
1/18/22,42411.61
1/19/22,41723.49
1/20/22,40696.22
1/21/22,36513.29
1/22/22,35108.16
1/23/22,36233.04
1/24/22,36643.49
1/25/22,36976.64
1/26/22,36838.9
1/27/22,37139.68
1/28/22,37677.8
1/29/22,38166.62
1/30/22,37918.6
1/31/22,38430.3
2/1/22,38745.11
2/2/22,36905.98
2/3/22,37238.31
2/4/22,41545.39
2/5/22,41447.5
2/6/22,42496.61
2/7/22,43897.96
2/8/22,44147.59
2/9/22,44402.94
2/10/22,43477.29
2/11/22,42391.54
2/12/22,42217.48
2/13/22,42097.33
2/14/22,42572.56
2/15/22,44469.73
2/16/22,43897.22
2/17/22,40553.82
2/18/22,39993.11
2/19/22,40089.18
2/20/22,38426.4
2/21/22,37075.4
2/22/22,38261.46
2/23/22,37225
2/24/22,38367.61
2/25/22,39212.8
2/26/22,39138.21
2/27/22,37700
2/28/22,43206.02
3/1/22,44412.2
3/2/22,43862.75
3/3/22,42432
3/4/22,39205.77
3/5/22,39390.89
3/6/22,38432.11
3/7/22,38004.69
3/8/22,38724.21
3/9/22,41985.86
3/10/22,39454.87
3/11/22,38670.76
3/12/22,38767.98
3/13/22,37780.14
3/14/22,39644.88
3/15/22,39361.36
3/16/22,41109.85
3/17/22,40964.07
3/18/22,41806.03
3/19/22,42219.55
3/20/22,41271.13
3/21/22,41009.98
3/22/22,42359.88
3/23/22,42940.28
3/24/22,43979.48
3/25/22,44355.11
3/26/22,44548.42
3/27/22,46819.78
3/28/22,47191.31
3/29/22,47430.74
3/30/22,47022.82
3/31/22,45475.83
4/1/22,46222.43
4/2/22,45871.46
4/3/22,46358.05
4/4/22,46568.89
4/5/22,45449.25
4/6/22,43206.04
4/7/22,43432.08
4/8/22,42281.5
4/9/22,42773.37
4/10/22,42177.2
4/11/22,39615.2
4/12/22,40105.2
4/13/22,41101.04
4/14/22,39910.05
4/15/22,40566.6
4/16/22,40378.25
4/17/22,39670.73
4/18/22,40817.48
4/19/22,41480.25
4/20/22,41350.25
4/21/22,40464.52
4/22/22,39708.2
4/23/22,39468.1
4/24/22,39489.71
4/25/22,40490.41
4/26/22,38102.78
4/27/22,39188.42
4/28/22,39737.71
4/29/22,38597.17
4/30/22,37658.53
5/1/22,38496.42
5/2/22,38488.36
5/3/22,37708.41
5/4/22,39671.83
5/5/22,36516.79
5/6/22,36013.22
5/7/22,35445.54
5/8/22,34089.76
5/9/22,30176.73
5/10/22,30961.83
5/11/22,29027.82
5/12/22,28959.93
5/13/22,29292.4
5/14/22,30012.62
5/15/22,31258.75
5/16/22,29854.67
5/17/22,30391.04
5/18/22,28762.93
5/19/22,30258.84
5/20/22,29138.15
5/21/22,29426.6
5/22/22,30221.12
5/23/22,29095.68
5/24/22,29605.66
5/25/22,29487.83
5/26/22,29160.96
5/27/22,28608.55
5/28/22,28974.3
5/29/22,29441.17
5/30/22,31691.54
5/31/22,31804.27
6/1/22,29779.16
6/2/22,30428.98
6/3/22,29684.67
6/4/22,29832.02
6/5/22,29893.98
6/6/22,31324.88
6/7/22,31073.76
6/8/22,30195.33
6/9/22,30070.71
6/10/22,29061.88
6/11/22,28381.45
6/12/22,26633.35
6/13/22,22333
6/14/22,22122.57
6/15/22,22544.07
6/16/22,20336.62
6/17/22,20421.22
6/18/22,18989.21
6/19/22,20520.28
6/20/22,20534.33
6/21/22,20675.12
6/22/22,19997.23
6/23/22,21121.55
6/24/22,21206.32
6/25/22,21474.76
6/26/22,21025.22
6/27/22,20718.74
6/28/22,20251.34
6/29/22,20094.43
6/30/22,19837.58
7/1/22,19270.3
7/2/22,19210.52
7/3/22,19283.07
7/4/22,20205.89
7/5/22,20171.1
7/6/22,20556.8
7/7/22,21657.39
7/8/22,21582.54
7/9/22,21573.37
7/10/22,20806.95
7/11/22,19942.91
7/12/22,19302.71
7/13/22,20206.62
7/14/22,20583.48
7/15/22,20838.39
7/16/22,21195.28
7/17/22,20762.12
7/18/22,22368.75
7/19/22,23410.92
7/20/22,23237.11
7/21/22,23140.92
7/22/22,22706.35
7/23/22,22457.13
7/24/22,22592.39
7/25/22,21248.31
7/26/22,21277.3
7/27/22,22986.74
7/28/22,23875.62
7/29/22,23817.5
7/30/22,23643.31
7/31/22,23296.14
8/1/22,23250.19
8/2/22,23005.22
8/3/22,22820.48
8/4/22,22604.63
8/5/22,23285.14
8/6/22,22960.16
8/7/22,23187.41
8/8/22,23824.9
8/9/22,23138.91
8/10/22,23982.75
8/11/22,23956.28
8/12/22,24398.29
8/13/22,24447.08
8/14/22,24301.71
8/15/22,24092.27
8/16/22,23861.8
8/17/22,23357.89
8/18/22,23175.9
8/19/22,20850.04
8/20/22,21151.45
8/21/22,21513.86
8/22/22,21403.82
8/23/22,21529.34
8/24/22,21358.67
8/25/22,21518.35
8/26/22,20230.18
8/27/22,20018.43
8/28/22,19582.83
8/29/22,20291.07
8/30/22,19835.7
8/31/22,20025.48
9/1/22,20112.51
9/2/22,19946.87
9/3/22,19840.11
9/4/22,20006.54
9/5/22,19807.74
9/6/22,18777
9/7/22,19286.23
9/8/22,19320.01
9/9/22,21355.55
9/10/22,21660.39
9/11/22,21818.08
9/12/22,22412.6
9/13/22,20164.09
9/14/22,20216.63
9/15/22,19690.75
9/16/22,19784.17
9/17/22,20117.18
9/18/22,19425.05
9/19/22,19553.1
9/20/22,18869.22
9/21/22,18488.54
9/22/22,19402.35
9/23/22,19304.43
9/24/22,18944.06
9/25/22,18788.61
9/26/22,19224.81
9/27/22,19072.97
9/28/22,19407.62
9/29/22,19610.61
9/30/22,19415.8
10/1/22,19308.76
10/2/22,19072.29
10/3/22,19640.84
10/4/22,20344.37
10/5/22,20152.33
10/6/22,19962.19
10/7/22,19524.22
10/8/22,19409.72
10/9/22,19437.02
10/10/22,19104.67
10/11/22,19069.69
10/12/22,19157.32
10/13/22,19382.53
10/14/22,19187.64
10/15/22,19074.41
10/16/22,19270.79
10/17/22,19565.96
10/18/22,19334.77
10/19/22,19122.17
10/20/22,19046.77
10/21/22,19172.57
10/22/22,19210.62
10/23/22,19563.5
10/24/22,19332.45
10/25/22,20113.74
10/26/22,20760.56
10/27/22,20287.17
10/28/22,20594.01
10/29/22,20831.19
10/30/22,20634.95
10/31/22,20472.79
11/1/22,20479.49
11/2/22,20148.56
11/3/22,20205.32
11/4/22,21157.96
11/5/22,21304.72
11/6/22,20912.34
11/7/22,20578.77
11/8/22,18561.6
11/9/22,15850.62
11/10/22,17573.15
11/11/22,16997.14
11/12/22,16777.73
11/13/22,16290.62
11/14/22,16576.49
11/15/22,16869.14
11/16/22,16660.48
11/17/22,16677.36
11/18/22,16673.07
11/19/22,16667.74
11/20/22,16261.22
11/21/22,15755.75
11/22/22,16206.32
11/23/22,16597.46
11/24/22,16579.3
11/25/22,16508.49
11/26/22,16452.39
11/27/22,16428.77
11/28/22,16193.89
11/29/22,16441.63
11/30/22,17179.78
12/1/22,16980.55
12/2/22,17099.27
12/3/22,16883.68
12/4/22,17102.35
12/5/22,16970.79
12/6/22,17089.95
12/7/22,16844.05
12/8/22,17228.23
12/9/22,17129.01
12/10/22,17131.03
12/11/22,17087.42
12/12/22,17209.62
12/13/22,17763.65
12/14/22,17815.79
12/15/22,17358
12/16/22,16627.33
12/17/22,16785.87
12/18/22,16754.6
12/19/22,16453.07
12/20/22,16893.02
12/21/22,16821.03
12/22/22,16819.21
12/23/22,16776.77
12/24/22,16833.61
12/25/22,16831.17
12/26/22,16940.82
12/27/22,16693.38
12/28/22,16539.02
12/29/22,16626.11
12/30/22,16606.43
12/31/22,16531
1/1/23,16615.18
1/2/23,16660.83
1/3/23,16670.38
1/4/23,16850.4
1/5/23,16824.98
1/6/23,16950.6
1/7/23,16945.34
1/8/23,17134.34
1/9/23,17181.15
1/10/23,17444.75
1/11/23,17942.22
1/12/23,18863.74
1/13/23,19909.21
1/14/23,20970.85
1/15/23,20871.25
1/16/23,21186.93
1/17/23,21153.37
1/18/23,20710.89
1/19/23,21088.14
1/20/23,22686.85
1/21/23,22785.59
1/22/23,22706.71
1/23/23,22915.32
1/24/23,22612.34
1/25/23,23072.42
1/26/23,23028.35
1/27/23,23072.62
1/28/23,23034.71
1/29/23,23736.52
1/30/23,22832.32
1/31/23,23134.74
2/1/23,23740.02
2/2/23,23548.98
2/3/23,23426.4
2/4/23,23318.95
2/5/23,22938.03
2/6/23,22751.79
2/7/23,23260.42
2/8/23,22973.38
2/9/23,21804.16
2/10/23,21629.58
2/11/23,21857.51
2/12/23,21784.08
2/13/23,21786.33
2/14/23,22193.69
2/15/23,24340.76
2/16/23,23468.21
2/17/23,24562.04
2/18/23,24626.23
2/19/23,24316.05
2/20/23,24835.63
2/21/23,24447.91
2/22/23,24187.63
2/23/23,23938.48
2/24/23,23181.45
2/25/23,23157.01
2/26/23,23551.19
2/27/23,23479.61
2/28/23,23146.93
3/1/23,23634.46
3/2/23,23469.09
3/3/23,22343.55
3/4/23,22345.17
3/5/23,22429.5
3/6/23,22419.33
3/7/23,22198.95
3/8/23,21712.64
3/9/23,20364.09
3/10/23,20227.02
3/11/23,20607.79
3/12/23,22284.36
3/13/23,24239.87
3/14/23,24786.83
3/15/23,24350.57
3/16/23,25040.11
3/17/23,27442.51
3/18/23,26991.27
3/19/23,28050.01
3/20/23,27818.07
3/21/23,28195.56
3/22/23,27324.09
3/23/23,28361.31
3/24/23,27488.93
3/25/23,27485.45
3/26/23,27987.14
3/27/23,27139.64
3/28/23,27273.12
3/29/23,28366.67
3/30/23,28036.88
3/31/23,28492.72