date,difficulty,btcdiffera
1/1/13,2979636.617,1
1/2/13,2979636.617,
1/3/13,2979636.617,
1/4/13,2979636.617,
1/5/13,2979636.617,
1/6/13,2979636.617,
1/7/13,3249549.584,2
1/8/13,3249549.584,
1/9/13,3249549.584,
1/10/13,3249549.584,
1/11/13,3249549.584,
1/12/13,3249549.584,
1/13/13,3249549.584,
1/14/13,3249549.584,
1/15/13,3249549.584,
1/16/13,3249549.584,
1/17/13,3249549.584,
1/18/13,3249549.584,
1/19/13,3249549.584,
1/20/13,3249549.584,
1/21/13,3249549.584,
1/22/13,3249549.584,
1/23/13,3249549.584,
1/24/13,3249549.584,
1/25/13,2968775.332,3
1/26/13,2968775.332,
1/27/13,2968775.332,
1/28/13,2968775.332,
1/29/13,2968775.332,
1/30/13,2968775.332,
1/31/13,2968775.332,
2/1/13,2968775.332,
2/2/13,2968775.332,
2/3/13,2968775.332,
2/4/13,3275464.587,4
2/5/13,3275464.587,
2/6/13,3275464.587,
2/7/13,3275464.587,
2/8/13,3275464.587,
2/9/13,3275464.587,
2/10/13,3275464.587,
2/11/13,3275464.587,
2/12/13,3275464.587,
2/13/13,3275464.587,
2/14/13,3275464.587,
2/15/13,3275464.587,
2/16/13,3275464.587,
2/17/13,3275464.587,
2/18/13,3651011.631,5
2/19/13,3651011.631,
2/20/13,3651011.631,
2/21/13,3651011.631,
2/22/13,3651011.631,
2/23/13,3651011.631,
2/24/13,3651011.631,
2/25/13,3651011.631,
2/26/13,3651011.631,
2/27/13,3651011.631,
2/28/13,4367876.001,6
3/1/13,4367876.001,
3/2/13,4367876.001,
3/3/13,4367876.001,
3/4/13,4367876.001,
3/5/13,4367876.001,
3/6/13,4367876.001,
3/7/13,4367876.001,
3/8/13,4367876.001,
3/9/13,4367876.001,
3/10/13,4367876.001,
3/11/13,4367876.001,
3/12/13,4367876.001,
3/13/13,4367876.001,
3/14/13,4847647.152,7
3/15/13,4847647.152,
3/16/13,4847647.152,
3/17/13,4847647.152,
3/18/13,4847647.152,
3/19/13,4847647.152,
3/20/13,4847647.152,
3/21/13,4847647.152,
3/22/13,4847647.152,
3/23/13,6695826.283,8
3/24/13,6695826.283,
3/25/13,6695826.283,
3/26/13,6695826.283,
3/27/13,6695826.283,
3/28/13,6695826.283,
3/29/13,6695826.283,
3/30/13,6695826.283,
3/31/13,6695826.283,
4/1/13,6695826.283,
4/2/13,6695826.283,
4/3/13,6695826.283,
4/4/13,7672999.92,9
4/5/13,7672999.92,
4/6/13,7672999.92,
4/7/13,7672999.92,
4/8/13,7672999.92,
4/9/13,7672999.92,
4/10/13,7672999.92,
4/11/13,7672999.92,
4/12/13,7672999.92,
4/13/13,7672999.92,
4/14/13,7672999.92,
4/15/13,7672999.92,
4/16/13,8974296.015,10
4/17/13,8974296.015,
4/18/13,8974296.015,
4/19/13,8974296.015,
4/20/13,8974296.015,
4/21/13,8974296.015,
4/22/13,8974296.015,
4/23/13,8974296.015,
4/24/13,8974296.015,
4/25/13,8974296.015,
4/26/13,8974296.015,
4/27/13,8974296.015,
4/28/13,8974296.015,
4/29/13,10076292.88,11
4/30/13,10076292.88,
5/1/13,10076292.88,
5/2/13,10076292.88,
5/3/13,10076292.88,
5/4/13,10076292.88,
5/5/13,10076292.88,
5/6/13,10076292.88,
5/7/13,10076292.88,
5/8/13,10076292.88,
5/9/13,10076292.88,
5/10/13,10076292.88,
5/11/13,10076292.88,
5/12/13,10076292.88,
5/13/13,11187257.46,12
5/14/13,11187257.46,
5/15/13,11187257.46,
5/16/13,11187257.46,
5/17/13,11187257.46,
5/18/13,11187257.46,
5/19/13,11187257.46,
5/20/13,11187257.46,
5/21/13,11187257.46,
5/22/13,11187257.46,
5/23/13,11187257.46,
5/24/13,11187257.46,
5/25/13,12153411.71,13
5/26/13,12153411.71,
5/27/13,12153411.71,
5/28/13,12153411.71,
5/29/13,12153411.71,
5/30/13,12153411.71,
5/31/13,12153411.71,
6/1/13,12153411.71,
6/2/13,12153411.71,
6/3/13,12153411.71,
6/4/13,15605632.68,14
6/5/13,15605632.68,
6/6/13,15605632.68,
6/7/13,15605632.68,
6/8/13,15605632.68,
6/9/13,15605632.68,
6/10/13,15605632.68,
6/11/13,15605632.68,
6/12/13,15605632.68,
6/13/13,15605632.68,
6/14/13,15605632.68,
6/15/13,15605632.68,
6/16/13,19339258.27,15
6/17/13,19339258.27,
6/18/13,19339258.27,
6/19/13,19339258.27,
6/20/13,19339258.27,
6/21/13,19339258.27,
6/22/13,19339258.27,
6/23/13,19339258.27,
6/24/13,19339258.27,
6/25/13,19339258.27,
6/26/13,19339258.27,
6/27/13,19339258.27,
6/28/13,21335329.11,16
6/29/13,21335329.11,
6/30/13,21335329.11,
7/1/13,21335329.11,
7/2/13,21335329.11,
7/3/13,21335329.11,
7/4/13,21335329.11,
7/5/13,21335329.11,
7/6/13,21335329.11,
7/7/13,21335329.11,
7/8/13,21335329.11,
7/9/13,21335329.11,
7/10/13,26162875.68,17
7/11/13,26162875.68,
7/12/13,26162875.68,
7/13/13,26162875.68,
7/14/13,26162875.68,
7/15/13,26162875.68,
7/16/13,26162875.68,
7/17/13,26162875.68,
7/18/13,26162875.68,
7/19/13,26162875.68,
7/20/13,26162875.68,
7/21/13,31256960.73,18
7/22/13,31256960.73,
7/23/13,31256960.73,
7/24/13,31256960.73,
7/25/13,31256960.73,
7/26/13,31256960.73,
7/27/13,31256960.73,
7/28/13,31256960.73,
7/29/13,31256960.73,
7/30/13,31256960.73,
7/31/13,31256960.73,
8/1/13,31256960.73,
8/2/13,37392766.14,19
8/3/13,37392766.14,
8/4/13,37392766.14,
8/5/13,37392766.14,
8/6/13,37392766.14,
8/7/13,37392766.14,
8/8/13,37392766.14,
8/9/13,37392766.14,
8/10/13,37392766.14,
8/11/13,37392766.14,
8/12/13,50810339.05,20
8/13/13,50810339.05,
8/14/13,50810339.05,
8/15/13,50810339.05,
8/16/13,50810339.05,
8/17/13,50810339.05,
8/18/13,50810339.05,
8/19/13,50810339.05,
8/20/13,50810339.05,
8/21/13,50810339.05,
8/22/13,50810339.05,
8/23/13,65750060.15,21
8/24/13,65750060.15,
8/25/13,65750060.15,
8/26/13,65750060.15,
8/27/13,65750060.15,
8/28/13,65750060.15,
8/29/13,65750060.15,
8/30/13,65750060.15,
8/31/13,65750060.15,
9/1/13,65750060.15,
9/2/13,65750060.15,
9/3/13,65750060.15,
9/4/13,86933017.77,22
9/5/13,86933017.77,
9/6/13,86933017.77,
9/7/13,86933017.77,
9/8/13,86933017.77,
9/9/13,86933017.77,
9/10/13,86933017.77,
9/11/13,86933017.77,
9/12/13,86933017.77,
9/13/13,86933017.77,
9/14/13,112628548.7,23
9/15/13,112628548.7,
9/16/13,112628548.7,
9/17/13,112628548.7,
9/18/13,112628548.7,
9/19/13,112628548.7,
9/20/13,112628548.7,
9/21/13,112628548.7,
9/22/13,112628548.7,
9/23/13,112628548.7,
9/24/13,112628548.7,
9/25/13,148819199.8,24
9/26/13,148819199.8,
9/27/13,148819199.8,
9/28/13,148819199.8,
9/29/13,148819199.8,
9/30/13,148819199.8,
10/1/13,148819199.8,
10/2/13,148819199.8,
10/3/13,148819199.8,
10/4/13,148819199.8,
10/5/13,189281249.3,25
10/6/13,189281249.3,
10/7/13,189281249.3,
10/8/13,189281249.3,
10/9/13,189281249.3,
10/10/13,189281249.3,
10/11/13,189281249.3,
10/12/13,189281249.3,
10/13/13,189281249.3,
10/14/13,189281249.3,
10/15/13,189281249.3,
10/16/13,267731249.5,26
10/17/13,267731249.5,
10/18/13,267731249.5,
10/19/13,267731249.5,
10/20/13,267731249.5,
10/21/13,267731249.5,
10/22/13,267731249.5,
10/23/13,267731249.5,
10/24/13,267731249.5,
10/25/13,390928787.6,27
10/26/13,390928787.6,
10/27/13,390928787.6,
10/28/13,390928787.6,
10/29/13,390928787.6,
10/30/13,390928787.6,
10/31/13,390928787.6,
11/1/13,390928787.6,
11/2/13,390928787.6,
11/3/13,390928787.6,
11/4/13,390928787.6,
11/5/13,390928787.6,
11/6/13,510929738,28
11/7/13,510929738,
11/8/13,510929738,
11/9/13,510929738,
11/10/13,510929738,
11/11/13,510929738,
11/12/13,510929738,
11/13/13,510929738,
11/14/13,510929738,
11/15/13,510929738,
11/16/13,609482679.9,29
11/17/13,609482679.9,
11/18/13,609482679.9,
11/19/13,609482679.9,
11/20/13,609482679.9,
11/21/13,609482679.9,
11/22/13,609482679.9,
11/23/13,609482679.9,
11/24/13,609482679.9,
11/25/13,609482679.9,
11/26/13,609482679.9,
11/27/13,609482679.9,
11/28/13,707408283.1,30
11/29/13,707408283.1,
11/30/13,707408283.1,
12/1/13,707408283.1,
12/2/13,707408283.1,
12/3/13,707408283.1,
12/4/13,707408283.1,
12/5/13,707408283.1,
12/6/13,707408283.1,
12/7/13,707408283.1,
12/8/13,707408283.1,
12/9/13,908350862.4,31
12/10/13,908350862.4,
12/11/13,908350862.4,
12/12/13,908350862.4,
12/13/13,908350862.4,
12/14/13,908350862.4,
12/15/13,908350862.4,
12/16/13,908350862.4,
12/17/13,908350862.4,
12/18/13,908350862.4,
12/19/13,908350862.4,
12/20/13,908350862.4,
12/21/13,1180923195,32
12/22/13,1180923195,
12/23/13,1180923195,
12/24/13,1180923195,
12/25/13,1180923195,
12/26/13,1180923195,
12/27/13,1180923195,
12/28/13,1180923195,
12/29/13,1180923195,
12/30/13,1180923195,
12/31/13,1180923195,
1/1/14,1180923195,
1/2/14,1418481395,33
1/3/14,1418481395,
1/4/14,1418481395,
1/5/14,1418481395,
1/6/14,1418481395,
1/7/14,1418481395,
1/8/14,1418481395,
1/9/14,1418481395,
1/10/14,1418481395,
1/11/14,1418481395,
1/12/14,1789546951,34
1/13/14,1789546951,
1/14/14,1789546951,
1/15/14,1789546951,
1/16/14,1789546951,
1/17/14,1789546951,
1/18/14,1789546951,
1/19/14,1789546951,
1/20/14,1789546951,
1/21/14,1789546951,
1/22/14,1789546951,
1/23/14,2193847870,35
1/24/14,2193847870,
1/25/14,2193847870,
1/26/14,2193847870,
1/27/14,2193847870,
1/28/14,2193847870,
1/29/14,2193847870,
1/30/14,2193847870,
1/31/14,2193847870,
2/1/14,2193847870,
2/2/14,2193847870,
2/3/14,2193847870,
2/4/14,2621404453,36
2/5/14,2621404453,
2/6/14,2621404453,
2/7/14,2621404453,
2/8/14,2621404453,
2/9/14,2621404453,
2/10/14,2621404453,
2/11/14,2621404453,
2/12/14,2621404453,
2/13/14,2621404453,
2/14/14,2621404453,
2/15/14,2621404453,
2/16/14,3129573175,37
2/17/14,3129573175,
2/18/14,3129573175,
2/19/14,3129573175,
2/20/14,3129573175,
2/21/14,3129573175,
2/22/14,3129573175,
2/23/14,3129573175,
2/24/14,3129573175,
2/25/14,3129573175,
2/26/14,3129573175,
2/27/14,3129573175,
2/28/14,3815723799,38
3/1/14,3815723799,
3/2/14,3815723799,
3/3/14,3815723799,
3/4/14,3815723799,
3/5/14,3815723799,
3/6/14,3815723799,
3/7/14,3815723799,
3/8/14,3815723799,
3/9/14,3815723799,
3/10/14,3815723799,
3/11/14,3815723799,
3/12/14,4250217920,39
3/13/14,4250217920,
3/14/14,4250217920,
3/15/14,4250217920,
3/16/14,4250217920,
3/17/14,4250217920,
3/18/14,4250217920,
3/19/14,4250217920,
3/20/14,4250217920,
3/21/14,4250217920,
3/22/14,4250217920,
3/23/14,4250217920,
3/24/14,5006860589,40
3/25/14,5006860589,
3/26/14,5006860589,
3/27/14,5006860589,
3/28/14,5006860589,
3/29/14,5006860589,
3/30/14,5006860589,
3/31/14,5006860589,
4/1/14,5006860589,
4/2/14,5006860589,
4/3/14,5006860589,
4/4/14,5006860589,
4/5/14,6119726089,41
4/6/14,6119726089,
4/7/14,6119726089,
4/8/14,6119726089,
4/9/14,6119726089,
4/10/14,6119726089,
4/11/14,6119726089,
4/12/14,6119726089,
4/13/14,6119726089,
4/14/14,6119726089,
4/15/14,6119726089,
4/16/14,6119726089,
4/17/14,6978842650,42
4/18/14,6978842650,
4/19/14,6978842650,
4/20/14,6978842650,
4/21/14,6978842650,
4/22/14,6978842650,
4/23/14,6978842650,
4/24/14,6978842650,
4/25/14,6978842650,
4/26/14,6978842650,
4/27/14,6978842650,
4/28/14,6978842650,
4/29/14,8000872136,43
4/30/14,8000872136,
5/1/14,8000872136,
5/2/14,8000872136,
5/3/14,8000872136,
5/4/14,8000872136,
5/5/14,8000872136,
5/6/14,8000872136,
5/7/14,8000872136,
5/8/14,8000872136,
5/9/14,8000872136,
5/10/14,8000872136,
5/11/14,8853416309,44
5/12/14,8853416309,
5/13/14,8853416309,
5/14/14,8853416309,
5/15/14,8853416309,
5/16/14,8853416309,
5/17/14,8853416309,
5/18/14,8853416309,
5/19/14,8853416309,
5/20/14,8853416309,
5/21/14,8853416309,
5/22/14,8853416309,
5/23/14,10455720139,45
5/24/14,10455720139,
5/25/14,10455720138,
5/26/14,10455720139,
5/27/14,10455720139,
5/28/14,10455720138,
5/29/14,10455720139,
5/30/14,10455720139,
5/31/14,10455720138,
6/1/14,10455720139,
6/2/14,10455720139,
6/3/14,10455720138,
6/4/14,10455720139,
6/5/14,11756551917,45
6/6/14,11756551917,
6/7/14,11756551917,
6/8/14,11756551917,
6/9/14,11756551917,
6/10/14,11756551917,
6/11/14,11756551917,
6/12/14,11756551917,
6/13/14,11756551917,
6/14/14,11756551917,
6/15/14,11756551917,
6/16/14,11756551917,
6/17/14,13462580115,46
6/18/14,13462580115,
6/19/14,13462580115,
6/20/14,13462580115,
6/21/14,13462580115,
6/22/14,13462580115,
6/23/14,13462580115,
6/24/14,13462580115,
6/25/14,13462580115,
6/26/14,13462580115,
6/27/14,13462580115,
6/28/14,16818461371,47
6/29/14,16818461371,
6/30/14,16818461371,
7/1/14,16818461371,
7/2/14,16818461371,
7/3/14,16818461371,
7/4/14,16818461371,
7/5/14,16818461371,
7/6/14,16818461371,
7/7/14,16818461371,
7/8/14,16818461371,
7/9/14,16818461371,
7/10/14,16818461371,
7/11/14,16818461371,
7/12/14,16818461371,
7/13/14,17336316979,48
7/14/14,17336316979,
7/15/14,17336316979,
7/16/14,17336316979,
7/17/14,17336316979,
7/18/14,17336316979,
7/19/14,17336316979,
7/20/14,17336316979,
7/21/14,17336316979,
7/22/14,17336316979,
7/23/14,17336316979,
7/24/14,17336316979,
7/25/14,18736441558,49
7/26/14,18736441558,
7/27/14,18736441558,
7/28/14,18736441558,
7/29/14,18736441558,
7/30/14,18736441558,
7/31/14,18736441558,
8/1/14,18736441558,
8/2/14,18736441558,
8/3/14,18736441558,
8/4/14,18736441558,
8/5/14,18736441558,
8/6/14,18736441558,
8/7/14,19729645941,50
8/8/14,19729645941,
8/9/14,19729645941,
8/10/14,19729645941,
8/11/14,19729645941,
8/12/14,19729645941,
8/13/14,19729645941,
8/14/14,19729645941,
8/15/14,19729645941,
8/16/14,19729645941,
8/17/14,19729645941,
8/18/14,19729645941,
8/19/14,23844670039,51
8/20/14,23844670039,
8/21/14,23844670039,
8/22/14,23844670039,
8/23/14,23844670039,
8/24/14,23844670039,
8/25/14,23844670039,
8/26/14,23844670039,
8/27/14,23844670039,
8/28/14,23844670039,
8/29/14,23844670039,
8/30/14,23844670039,
8/31/14,27428630902,52
9/1/14,27428630902,
9/2/14,27428630902,
9/3/14,27428630902,
9/4/14,27428630902,
9/5/14,27428630902,
9/6/14,27428630902,
9/7/14,27428630902,
9/8/14,27428630902,
9/9/14,27428630902,
9/10/14,27428630902,
9/11/14,27428630902,
9/12/14,27428630902,
9/13/14,27428630902,
9/14/14,29829733124,53
9/15/14,29829733124,
9/16/14,29829733124,
9/17/14,29829733124,
9/18/14,29829733124,
9/19/14,29829733124,
9/20/14,29829733124,
9/21/14,29829733124,
9/22/14,29829733124,
9/23/14,29829733124,
9/24/14,29829733124,
9/25/14,29829733124,
9/26/14,34661425924,54
9/27/14,34661425924,
9/28/14,34661425924,
9/29/14,34661425924,
9/30/14,34661425924,
10/1/14,34661425924,
10/2/14,34661425924,
10/3/14,34661425924,
10/4/14,34661425924,
10/5/14,34661425924,
10/6/14,34661425924,
10/7/14,34661425924,
10/8/14,35002482026,55
10/9/14,35002482026,
10/10/14,35002482026,
10/11/14,35002482026,
10/12/14,35002482026,
10/13/14,35002482026,
10/14/14,35002482026,
10/15/14,35002482026,
10/16/14,35002482026,
10/17/14,35002482026,
10/18/14,35002482026,
10/19/14,35002482026,
10/20/14,35002482026,
10/21/14,35002482026,
10/22/14,35002482026,
10/23/14,35985640265,56
10/24/14,35985640265,
10/25/14,35985640265,
10/26/14,35985640265,
10/27/14,35985640265,
10/28/14,35985640265,
10/29/14,35985640265,
10/30/14,35985640265,
10/31/14,35985640265,
11/1/14,35985640265,
11/2/14,35985640265,
11/3/14,35985640265,
11/4/14,39603666252,57
11/5/14,39603666252,
11/6/14,39603666252,
11/7/14,39603666252,
11/8/14,39603666252,
11/9/14,39603666252,
11/10/14,39603666252,
11/11/14,39603666252,
11/12/14,39603666252,
11/13/14,39603666252,
11/14/14,39603666252,
11/15/14,39603666252,
11/16/14,39603666252,
11/17/14,39603666252,
11/18/14,39603666252,
11/19/14,40300030328,58
11/20/14,40300030328,
11/21/14,40300030328,
11/22/14,40300030328,
11/23/14,40300030328,
11/24/14,40300030328,
11/25/14,40300030328,
11/26/14,40300030328,
11/27/14,40300030328,
11/28/14,40300030328,
11/29/14,40300030328,
11/30/14,40300030328,
12/1/14,40300030328,
12/2/14,40300030328,
12/3/14,40300030328,
12/4/14,40007470271,59
12/5/14,40007470271,
12/6/14,40007470271,
12/7/14,40007470271,
12/8/14,40007470271,
12/9/14,40007470271,
12/10/14,40007470271,
12/11/14,40007470271,
12/12/14,40007470271,
12/13/14,40007470271,
12/14/14,40007470271,
12/15/14,40007470271,
12/16/14,40007470271,
12/17/14,39457671307,60
12/18/14,39457671307,
12/19/14,39457671307,
12/20/14,39457671307,
12/21/14,39457671307,
12/22/14,39457671307,
12/23/14,39457671307,
12/24/14,39457671307,
12/25/14,39457671307,
12/26/14,39457671307,
12/27/14,39457671307,
12/28/14,39457671307,
12/29/14,39457671307,
12/30/14,39457671307,
12/31/14,40640955017,61
1/1/15,40640955017,
1/2/15,40640955017,
1/3/15,40640955017,
1/4/15,40640955017,
1/5/15,40640955017,
1/6/15,40640955017,
1/7/15,40640955017,
1/8/15,40640955017,
1/9/15,40640955017,
1/10/15,40640955017,
1/11/15,40640955017,62
1/12/15,43971662056,
1/13/15,43971662056,
1/14/15,43971662056,
1/15/15,43971662056,
1/16/15,43971662056,
1/17/15,43971662056,
1/18/15,43971662056,
1/19/15,43971662056,
1/20/15,43971662056,
1/21/15,43971662056,
1/22/15,43971662056,
1/23/15,43971662056,
1/24/15,43971662056,
1/25/15,43971662056,
1/26/15,43971662056,63
1/27/15,41272873895,
1/28/15,41272873895,
1/29/15,41272873895,
1/30/15,41272873895,
1/31/15,41272873895,
2/1/15,41272873895,
2/2/15,41272873895,
2/3/15,41272873895,
2/4/15,41272873895,
2/5/15,41272873895,
2/6/15,41272873895,
2/7/15,41272873895,64
2/8/15,44455415962,
2/9/15,44455415962,
2/10/15,44455415962,
2/11/15,44455415962,
2/12/15,44455415962,
2/13/15,44455415962,
2/14/15,44455415962,
2/15/15,44455415962,
2/16/15,44455415962,
2/17/15,44455415962,
2/18/15,44455415962,
2/19/15,44455415962,
2/20/15,44455415962,
2/21/15,44455415962,
2/22/15,44455415962,65
2/23/15,46684376317,
2/24/15,46684376317,
2/25/15,46684376317,
2/26/15,46684376317,
2/27/15,46684376317,
2/28/15,46684376317,
3/1/15,46684376317,
3/2/15,46684376317,
3/3/15,46684376317,
3/4/15,46684376317,
3/5/15,46684376317,
3/6/15,46684376317,
3/7/15,46684376317,66
3/8/15,47427554951,
3/9/15,47427554951,
3/10/15,47427554951,
3/11/15,47427554951,
3/12/15,47427554951,
3/13/15,47427554951,
3/14/15,47427554951,
3/15/15,47427554951,
3/16/15,47427554951,
3/17/15,47427554951,
3/18/15,47427554951,
3/19/15,47427554951,
3/20/15,47427554951,
3/21/15,47427554951,
3/22/15,47427554951,67
3/23/15,46717549645,
3/24/15,46717549645,
3/25/15,46717549645,
3/26/15,46717549645,
3/27/15,46717549645,
3/28/15,46717549645,
3/29/15,46717549645,
3/30/15,46717549645,
3/31/15,46717549645,
4/1/15,46717549645,
4/2/15,46717549645,
4/3/15,46717549645,68
4/4/15,49446390688,
4/5/15,49446390688,
4/6/15,49446390688,
4/7/15,49446390688,
4/8/15,49446390688,
4/9/15,49446390688,
4/10/15,49446390688,
4/11/15,49446390688,
4/12/15,49446390688,
4/13/15,49446390688,
4/14/15,49446390688,
4/15/15,49446390688,
4/16/15,49446390688,
4/17/15,49446390688,
4/18/15,49446390688,
4/19/15,49446390688,
4/20/15,49446390688,69
4/21/15,47610564514,
4/22/15,47610564514,
4/23/15,47610564513,
4/24/15,47610564514,
4/25/15,47610564514,
4/26/15,47610564513,
4/27/15,47610564514,
4/28/15,47610564514,
4/29/15,47610564513,
4/30/15,47610564514,
5/1/15,47610564514,
5/2/15,47610564513,70
5/3/15,47643398018,
5/4/15,47643398018,
5/5/15,47643398018,
5/6/15,47643398018,
5/7/15,47643398018,
5/8/15,47643398018,
5/9/15,47643398018,
5/10/15,47643398018,
5/11/15,47643398018,
5/12/15,47643398018,
5/13/15,47643398018,
5/14/15,47643398018,
5/15/15,47643398018,71
5/16/15,48807487245,
5/17/15,48807487245,
5/18/15,48807487245,
5/19/15,48807487245,
5/20/15,48807487245,
5/21/15,48807487245,
5/22/15,48807487245,
5/23/15,48807487245,
5/24/15,48807487245,
5/25/15,48807487245,
5/26/15,48807487245,
5/27/15,48807487245,
5/28/15,48807487245,
5/29/15,48807487245,
5/30/15,48807487245,
5/31/15,48807487245,
6/1/15,48807487245,72
6/2/15,47589591154,
6/3/15,47589591154,
6/4/15,47589591154,
6/5/15,47589591154,
6/6/15,47589591154,
6/7/15,47589591154,
6/8/15,47589591154,
6/9/15,47589591154,
6/10/15,47589591154,
6/11/15,47589591154,
6/12/15,47589591154,
6/13/15,47589591154,73
6/14/15,49692386355,
6/15/15,49692386355,
6/16/15,49692386355,
6/17/15,49692386355,
6/18/15,49692386355,
6/19/15,49692386355,
6/20/15,49692386355,
6/21/15,49692386355,
6/22/15,49692386355,
6/23/15,49692386355,
6/24/15,49692386355,
6/25/15,49692386355,
6/26/15,49692386355,
6/27/15,49692386355,
6/28/15,49692386355,74
6/29/15,49402014931,
6/30/15,49402014931,
7/1/15,49402014931,
7/2/15,49402014931,
7/3/15,49402014931,
7/4/15,49402014931,
7/5/15,49402014931,
7/6/15,49402014931,
7/7/15,49402014931,
7/8/15,49402014931,
7/9/15,49402014931,
7/10/15,49402014931,75
7/11/15,51076366304,
7/12/15,51076366304,
7/13/15,51076366303,
7/14/15,51076366304,
7/15/15,51076366304,
7/16/15,51076366303,
7/17/15,51076366304,
7/18/15,51076366304,
7/19/15,51076366303,
7/20/15,51076366304,
7/21/15,51076366304,
7/22/15,51076366303,
7/23/15,51076366304,76
7/24/15,52278304846,
7/25/15,52278304846,
7/26/15,52278304846,
7/27/15,52278304846,
7/28/15,52278304846,
7/29/15,52278304846,
7/30/15,52278304846,
7/31/15,52278304846,
8/1/15,52278304846,
8/2/15,52278304846,
8/3/15,52278304846,
8/4/15,52278304846,
8/5/15,52278304846,
8/6/15,52278304846,77
8/7/15,52699842409,
8/8/15,52699842409,
8/9/15,52699842409,
8/10/15,52699842409,
8/11/15,52699842409,
8/12/15,52699842409,
8/13/15,52699842409,
8/14/15,52699842409,
8/15/15,52699842409,
8/16/15,52699842409,
8/17/15,52699842409,
8/18/15,52699842409,
8/19/15,52699842409,
8/20/15,52699842409,
8/21/15,52699842409,78
8/22/15,54256630328,
8/23/15,54256630328,
8/24/15,54256630328,
8/25/15,54256630328,
8/26/15,54256630328,
8/27/15,54256630328,
8/28/15,54256630328,
8/29/15,54256630328,
8/30/15,54256630328,
8/31/15,54256630328,
9/1/15,54256630328,
9/2/15,54256630328,
9/3/15,54256630328,79
9/4/15,56957648455,
9/5/15,56957648455,
9/6/15,56957648455,
9/7/15,56957648455,
9/8/15,56957648455,
9/9/15,56957648455,
9/10/15,56957648455,
9/11/15,56957648455,
9/12/15,56957648455,
9/13/15,56957648455,
9/14/15,56957648455,
9/15/15,56957648455,
9/16/15,56957648455,
9/17/15,56957648455,80
9/18/15,59335351234,
9/19/15,59335351234,
9/20/15,59335351234,
9/21/15,59335351234,
9/22/15,59335351234,
9/23/15,59335351234,
9/24/15,59335351234,
9/25/15,59335351234,
9/26/15,59335351234,
9/27/15,59335351234,
9/28/15,59335351234,
9/29/15,59335351234,81
9/30/15,60813224039,
10/1/15,60813224039,
10/2/15,60813224039,
10/3/15,60813224039,
10/4/15,60813224039,
10/5/15,60813224039,
10/6/15,60813224039,
10/7/15,60813224039,
10/8/15,60813224039,
10/9/15,60813224039,
10/10/15,60813224039,
10/11/15,60813224039,
10/12/15,60813224039,
10/13/15,60813224039,
10/14/15,60813224039,82
10/15/15,60883825480,
10/16/15,60883825480,
10/17/15,60883825480,
10/18/15,60883825480,
10/19/15,60883825480,
10/20/15,60883825480,
10/21/15,60883825480,
10/22/15,60883825480,
10/23/15,60883825480,
10/24/15,60883825480,
10/25/15,60883825480,
10/26/15,60883825480,
10/27/15,60883825480,
10/28/15,60883825480,83
10/29/15,62253982450,
10/30/15,62253982450,
10/31/15,62253982450,
11/1/15,62253982450,
11/2/15,62253982450,
11/3/15,62253982450,
11/4/15,62253982450,
11/5/15,62253982450,
11/6/15,62253982450,
11/7/15,62253982450,
11/8/15,62253982450,
11/9/15,62253982450,
11/10/15,62253982450,84
11/11/15,65848255180,
11/12/15,65848255180,
11/13/15,65848255180,
11/14/15,65848255180,
11/15/15,65848255180,
11/16/15,65848255180,
11/17/15,65848255180,
11/18/15,65848255180,
11/19/15,65848255180,
11/20/15,65848255180,
11/21/15,65848255180,
11/22/15,65848255180,
11/23/15,65848255180,85
11/24/15,72722780643,
11/25/15,72722780643,
11/26/15,72722780643,
11/27/15,72722780643,
11/28/15,72722780643,
11/29/15,72722780643,
11/30/15,72722780643,
12/1/15,72722780643,
12/2/15,72722780643,
12/3/15,72722780643,
12/4/15,72722780643,
12/5/15,72722780643,
12/6/15,72722780643,86
12/7/15,79102380900,
12/8/15,79102380900,
12/9/15,79102380900,
12/10/15,79102380900,
12/11/15,79102380900,
12/12/15,79102380900,
12/13/15,79102380900,
12/14/15,79102380900,
12/15/15,79102380900,
12/16/15,79102380900,
12/17/15,79102380900,
12/18/15,79102380900,87
12/19/15,93448670796,
12/20/15,93448670796,
12/21/15,93448670796,
12/22/15,93448670796,
12/23/15,93448670796,
12/24/15,93448670796,
12/25/15,93448670796,
12/26/15,93448670796,
12/27/15,93448670796,
12/28/15,93448670796,
12/29/15,93448670796,
12/30/15,93448670796,88
12/31/15,1.0388E+11,
1/1/16,1.0388E+11,
1/2/16,1.0388E+11,
1/3/16,1.0388E+11,
1/4/16,1.0388E+11,
1/5/16,1.0388E+11,
1/6/16,1.0388E+11,
1/7/16,1.0388E+11,
1/8/16,1.0388E+11,
1/9/16,1.0388E+11,
1/10/16,1.0388E+11,
1/11/16,1.0388E+11,
1/12/16,1.0388E+11,89
1/13/16,1.13354E+11,
1/14/16,1.13354E+11,
1/15/16,1.13354E+11,
1/16/16,1.13354E+11,
1/17/16,1.13354E+11,
1/18/16,1.13354E+11,
1/19/16,1.13354E+11,
1/20/16,1.13354E+11,
1/21/16,1.13354E+11,
1/22/16,1.13354E+11,
1/23/16,1.13354E+11,
1/24/16,1.13354E+11,
1/25/16,1.13354E+11,90
1/26/16,1.20033E+11,
1/27/16,1.20033E+11,
1/28/16,1.20033E+11,
1/29/16,1.20033E+11,
1/30/16,1.20033E+11,
1/31/16,1.20033E+11,
2/1/16,1.20033E+11,
2/2/16,1.20033E+11,
2/3/16,1.20033E+11,
2/4/16,1.20033E+11,
2/5/16,1.20033E+11,
2/6/16,1.20033E+11,91
2/7/16,1.44116E+11,
2/8/16,1.44116E+11,
2/9/16,1.44116E+11,
2/10/16,1.44116E+11,
2/11/16,1.44116E+11,
2/12/16,1.44116E+11,
2/13/16,1.44116E+11,
2/14/16,1.44116E+11,
2/15/16,1.44116E+11,
2/16/16,1.44116E+11,
2/17/16,1.44116E+11,
2/18/16,1.44116E+11,92
2/19/16,1.63492E+11,
2/20/16,1.63492E+11,
2/21/16,1.63492E+11,
2/22/16,1.63492E+11,
2/23/16,1.63492E+11,
2/24/16,1.63492E+11,
2/25/16,1.63492E+11,
2/26/16,1.63492E+11,
2/27/16,1.63492E+11,
2/28/16,1.63492E+11,
2/29/16,1.63492E+11,
3/1/16,1.63492E+11,
3/2/16,1.63492E+11,
3/3/16,1.63492E+11,
3/4/16,1.63492E+11,
3/5/16,1.63492E+11,93
3/6/16,1.58427E+11,
3/7/16,1.58427E+11,
3/8/16,1.58427E+11,
3/9/16,1.58427E+11,
3/10/16,1.58427E+11,
3/11/16,1.58427E+11,
3/12/16,1.58427E+11,
3/13/16,1.58427E+11,
3/14/16,1.58427E+11,
3/15/16,1.58427E+11,
3/16/16,1.58427E+11,
3/17/16,1.58427E+11,94
3/18/16,1.65497E+11,
3/19/16,1.65497E+11,
3/20/16,1.65497E+11,
3/21/16,1.65497E+11,
3/22/16,1.65497E+11,
3/23/16,1.65497E+11,
3/24/16,1.65497E+11,
3/25/16,1.65497E+11,
3/26/16,1.65497E+11,
3/27/16,1.65497E+11,
3/28/16,1.65497E+11,
3/29/16,1.65497E+11,
3/30/16,1.65497E+11,
3/31/16,1.65497E+11,95
4/1/16,1.66852E+11,
4/2/16,1.66852E+11,
4/3/16,1.66852E+11,
4/4/16,1.66852E+11,
4/5/16,1.66852E+11,
4/6/16,1.66852E+11,
4/7/16,1.66852E+11,
4/8/16,1.66852E+11,
4/9/16,1.66852E+11,
4/10/16,1.66852E+11,
4/11/16,1.66852E+11,
4/12/16,1.66852E+11,
4/13/16,1.66852E+11,96
4/14/16,1.78678E+11,
4/15/16,1.78678E+11,
4/16/16,1.78678E+11,
4/17/16,1.78678E+11,
4/18/16,1.78678E+11,
4/19/16,1.78678E+11,
4/20/16,1.78678E+11,
4/21/16,1.78678E+11,
4/22/16,1.78678E+11,
4/23/16,1.78678E+11,
4/24/16,1.78678E+11,
4/25/16,1.78678E+11,
4/26/16,1.78678E+11,
4/27/16,1.78678E+11,
4/28/16,1.78666E+11,97
4/29/16,1.78659E+11,
4/30/16,1.78659E+11,
5/1/16,1.78659E+11,
5/2/16,1.78659E+11,
5/3/16,1.78659E+11,
5/4/16,1.78659E+11,
5/5/16,1.78659E+11,
5/6/16,1.78659E+11,
5/7/16,1.78659E+11,
5/8/16,1.78659E+11,
5/9/16,1.78659E+11,
5/10/16,1.78659E+11,
5/11/16,1.90503E+11,98
5/12/16,1.94255E+11,
5/13/16,1.94255E+11,
5/14/16,1.94255E+11,
5/15/16,1.94255E+11,
5/16/16,1.94255E+11,
5/17/16,1.94255E+11,
5/18/16,1.94255E+11,
5/19/16,1.94255E+11,
5/20/16,1.94255E+11,
5/21/16,1.94255E+11,
5/22/16,1.94255E+11,
5/23/16,1.94255E+11,
5/24/16,1.94771E+11,99
5/25/16,1.99312E+11,
5/26/16,1.99312E+11,
5/27/16,1.99312E+11,
5/28/16,1.99312E+11,
5/29/16,1.99312E+11,
5/30/16,1.99312E+11,
5/31/16,1.99312E+11,
6/1/16,1.99312E+11,
6/2/16,1.99312E+11,
6/3/16,1.99312E+11,
6/4/16,1.99312E+11,
6/5/16,1.99312E+11,
6/6/16,1.99312E+11,
6/7/16,1.99312E+11,
6/8/16,1.96423E+11,100
6/9/16,1.96061E+11,
6/10/16,1.96061E+11,
6/11/16,1.96061E+11,
6/12/16,1.96061E+11,
6/13/16,1.96061E+11,
6/14/16,1.96061E+11,
6/15/16,1.96061E+11,
6/16/16,1.96061E+11,
6/17/16,1.96061E+11,
6/18/16,1.96061E+11,
6/19/16,1.96061E+11,
6/20/16,1.96061E+11,
6/21/16,2.06307E+11,101
6/22/16,2.09453E+11,
6/23/16,2.09453E+11,
6/24/16,2.09453E+11,
6/25/16,2.09453E+11,
6/26/16,2.09453E+11,
6/27/16,2.09453E+11,
6/28/16,2.09453E+11,
6/29/16,2.09453E+11,
6/30/16,2.09453E+11,
7/1/16,2.09453E+11,
7/2/16,2.09453E+11,
7/3/16,2.09453E+11,
7/4/16,2.09558E+11,102
7/5/16,2.13399E+11,
7/6/16,2.13399E+11,
7/7/16,2.13399E+11,
7/8/16,2.13399E+11,
7/9/16,2.13399E+11,
7/10/16,2.13399E+11,
7/11/16,2.13399E+11,
7/12/16,2.13399E+11,
7/13/16,2.13399E+11,
7/14/16,2.13399E+11,
7/15/16,2.13399E+11,
7/16/16,2.13399E+11,
7/17/16,2.13399E+11,
7/18/16,2.13402E+11,103
7/19/16,2.13493E+11,
7/20/16,2.13493E+11,
7/21/16,2.13493E+11,
7/22/16,2.13493E+11,
7/23/16,2.13493E+11,
7/24/16,2.13493E+11,
7/25/16,2.13493E+11,
7/26/16,2.13493E+11,
7/27/16,2.13493E+11,
7/28/16,2.13493E+11,
7/29/16,2.13493E+11,
7/30/16,2.13493E+11,
7/31/16,2.13493E+11,
8/1/16,2.13493E+11,
8/2/16,2.10798E+11,104
8/3/16,2.01893E+11,
8/4/16,2.01893E+11,
8/5/16,2.01893E+11,
8/6/16,2.01893E+11,
8/7/16,2.01893E+11,
8/8/16,2.01893E+11,
8/9/16,2.01893E+11,
8/10/16,2.01893E+11,
8/11/16,2.01893E+11,
8/12/16,2.01893E+11,
8/13/16,2.01893E+11,
8/14/16,2.01893E+11,
8/15/16,2.03484E+11,105
8/16/16,2.17375E+11,
8/17/16,2.17375E+11,
8/18/16,2.17375E+11,
8/19/16,2.17375E+11,
8/20/16,2.17375E+11,
8/21/16,2.17375E+11,
8/22/16,2.17375E+11,
8/23/16,2.17375E+11,
8/24/16,2.17375E+11,
8/25/16,2.17375E+11,
8/26/16,2.17375E+11,
8/27/16,2.17375E+11,
8/28/16,2.17375E+11,
8/29/16,2.18442E+11,106
8/30/16,2.20756E+11,
8/31/16,2.20756E+11,
9/1/16,2.20756E+11,
9/2/16,2.20756E+11,
9/3/16,2.20756E+11,
9/4/16,2.20756E+11,
9/5/16,2.20756E+11,
9/6/16,2.20756E+11,
9/7/16,2.20756E+11,
9/8/16,2.20756E+11,
9/9/16,2.20756E+11,
9/10/16,2.20756E+11,
9/11/16,2.20756E+11,
9/12/16,2.24587E+11,107
9/13/16,2.25833E+11,
9/14/16,2.25833E+11,
9/15/16,2.25833E+11,
9/16/16,2.25833E+11,
9/17/16,2.25833E+11,
9/18/16,2.25833E+11,
9/19/16,2.25833E+11,
9/20/16,2.25833E+11,
9/21/16,2.25833E+11,
9/22/16,2.25833E+11,
9/23/16,2.25833E+11,
9/24/16,2.25833E+11,
9/25/16,2.34689E+11,108
9/26/16,2.41227E+11,
9/27/16,2.41227E+11,
9/28/16,2.41227E+11,
9/29/16,2.41227E+11,
9/30/16,2.41227E+11,
10/1/16,2.41227E+11,
10/2/16,2.41227E+11,
10/3/16,2.41227E+11,
10/4/16,2.41227E+11,
10/5/16,2.41227E+11,
10/6/16,2.41227E+11,
10/7/16,2.41227E+11,
10/8/16,2.5054E+11,109
10/9/16,2.58523E+11,
10/10/16,2.58523E+11,
10/11/16,2.58523E+11,
10/12/16,2.58523E+11,
10/13/16,2.58523E+11,
10/14/16,2.58523E+11,
10/15/16,2.58523E+11,
10/16/16,2.58523E+11,
10/17/16,2.58523E+11,
10/18/16,2.58523E+11,
10/19/16,2.58523E+11,
10/20/16,2.58523E+11,
10/21/16,2.58523E+11,
10/22/16,2.57535E+11,110
10/23/16,2.53618E+11,
10/24/16,2.53618E+11,
10/25/16,2.53618E+11,
10/26/16,2.53618E+11,
10/27/16,2.53618E+11,
10/28/16,2.53618E+11,
10/29/16,2.53618E+11,
10/30/16,2.53618E+11,
10/31/16,2.53618E+11,
11/1/16,2.53618E+11,
11/2/16,2.53618E+11,
11/3/16,2.53618E+11,
11/4/16,2.53618E+11,
11/5/16,2.53968E+11,111
11/6/16,2.5462E+11,
11/7/16,2.5462E+11,
11/8/16,2.5462E+11,
11/9/16,2.5462E+11,
11/10/16,2.5462E+11,
11/11/16,2.5462E+11,
11/12/16,2.5462E+11,
11/13/16,2.5462E+11,
11/14/16,2.5462E+11,
11/15/16,2.5462E+11,
11/16/16,2.5462E+11,
11/17/16,2.5462E+11,
11/18/16,2.72435E+11,112
11/19/16,2.81801E+11,
11/20/16,2.81801E+11,
11/21/16,2.81801E+11,
11/22/16,2.81801E+11,
11/23/16,2.81801E+11,
11/24/16,2.81801E+11,
11/25/16,2.81801E+11,
11/26/16,2.81801E+11,
11/27/16,2.81801E+11,
11/28/16,2.81801E+11,
11/29/16,2.81801E+11,
11/30/16,2.81801E+11,
12/1/16,2.81801E+11,
12/2/16,2.8618E+11,113
12/3/16,2.86766E+11,
12/4/16,2.86766E+11,
12/5/16,2.86766E+11,
12/6/16,2.86766E+11,
12/7/16,2.86766E+11,
12/8/16,2.86766E+11,
12/9/16,2.86766E+11,
12/10/16,2.86766E+11,
12/11/16,2.86766E+11,
12/12/16,2.86766E+11,
12/13/16,2.86766E+11,
12/14/16,2.86766E+11,
12/15/16,3.08312E+11,114
12/16/16,3.10154E+11,
12/17/16,3.10154E+11,
12/18/16,3.10154E+11,
12/19/16,3.10154E+11,
12/20/16,3.10154E+11,
12/21/16,3.10154E+11,
12/22/16,3.10154E+11,
12/23/16,3.10154E+11,
12/24/16,3.10154E+11,
12/25/16,3.10154E+11,
12/26/16,3.10154E+11,
12/27/16,3.10154E+11,
12/28/16,3.12083E+11,115
12/29/16,3.17688E+11,
12/30/16,3.17688E+11,
12/31/16,3.17688E+11,
1/1/17,3.17688E+11,
1/2/17,3.17688E+11,
1/3/17,3.17688E+11,
1/4/17,3.17688E+11,
1/5/17,3.17688E+11,
1/6/17,3.17688E+11,
1/7/17,3.17688E+11,
1/8/17,3.17688E+11,
1/9/17,3.17688E+11,
1/10/17,3.19489E+11,116
1/11/17,3.369E+11,
1/12/17,3.369E+11,
1/13/17,3.369E+11,
1/14/17,3.369E+11,
1/15/17,3.369E+11,
1/16/17,3.369E+11,
1/17/17,3.369E+11,
1/18/17,3.369E+11,
1/19/17,3.369E+11,
1/20/17,3.369E+11,
1/21/17,3.369E+11,
1/22/17,3.39478E+11,117
1/23/17,3.92963E+11,
1/24/17,3.92963E+11,
1/25/17,3.92963E+11,
1/26/17,3.92963E+11,
1/27/17,3.92963E+11,
1/28/17,3.92963E+11,
1/29/17,3.92963E+11,
1/30/17,3.92963E+11,
1/31/17,3.92963E+11,
2/1/17,3.92963E+11,
2/2/17,3.92963E+11,
2/3/17,3.92963E+11,
2/4/17,3.93568E+11,118
2/5/17,4.22171E+11,
2/6/17,4.22171E+11,
2/7/17,4.22171E+11,
2/8/17,4.22171E+11,
2/9/17,4.22171E+11,
2/10/17,4.22171E+11,
2/11/17,4.22171E+11,
2/12/17,4.22171E+11,
2/13/17,4.22171E+11,
2/14/17,4.22171E+11,
2/15/17,4.22171E+11,
2/16/17,4.22171E+11,
2/17/17,4.22171E+11,
2/18/17,4.32944E+11,119
2/19/17,4.4078E+11,
2/20/17,4.4078E+11,
2/21/17,4.4078E+11,
2/22/17,4.4078E+11,
2/23/17,4.4078E+11,
2/24/17,4.4078E+11,
2/25/17,4.4078E+11,
2/26/17,4.4078E+11,
2/27/17,4.4078E+11,
2/28/17,4.4078E+11,
3/1/17,4.4078E+11,
3/2/17,4.4078E+11,
3/3/17,4.45546E+11,120
3/4/17,4.60769E+11,
3/5/17,4.60769E+11,
3/6/17,4.60769E+11,
3/7/17,4.60769E+11,
3/8/17,4.60769E+11,
3/9/17,4.60769E+11,
3/10/17,4.60769E+11,
3/11/17,4.60769E+11,
3/12/17,4.60769E+11,
3/13/17,4.60769E+11,
3/14/17,4.60769E+11,
3/15/17,4.60769E+11,
3/16/17,4.60769E+11,
3/17/17,4.69886E+11,121
3/18/17,4.75705E+11,
3/19/17,4.75705E+11,
3/20/17,4.75705E+11,
3/21/17,4.75705E+11,
3/22/17,4.75705E+11,
3/23/17,4.75705E+11,
3/24/17,4.75705E+11,
3/25/17,4.75705E+11,
3/26/17,4.75705E+11,
3/27/17,4.75705E+11,
3/28/17,4.75705E+11,
3/29/17,4.75705E+11,
3/30/17,4.82855E+11,122
3/31/17,4.99636E+11,
4/1/17,4.99636E+11,
4/2/17,4.99636E+11,
4/3/17,4.99636E+11,
4/4/17,4.99636E+11,
4/5/17,4.99636E+11,
4/6/17,4.99636E+11,
4/7/17,4.99636E+11,
4/8/17,4.99636E+11,
4/9/17,4.99636E+11,
4/10/17,4.99636E+11,
4/11/17,4.99636E+11,
4/12/17,4.99636E+11,
4/13/17,5.17808E+11,123
4/14/17,5.20809E+11,
4/15/17,5.20809E+11,
4/16/17,5.20809E+11,
4/17/17,5.20809E+11,
4/18/17,5.20809E+11,
4/19/17,5.20809E+11,
4/20/17,5.20809E+11,
4/21/17,5.20809E+11,
4/22/17,5.20809E+11,
4/23/17,5.20809E+11,
4/24/17,5.20809E+11,
4/25/17,5.20809E+11,
4/26/17,5.20809E+11,
4/27/17,5.2184E+11,124
4/28/17,5.21975E+11,
4/29/17,5.21975E+11,
4/30/17,5.21975E+11,
5/1/17,5.21975E+11,
5/2/17,5.21975E+11,
5/3/17,5.21975E+11,
5/4/17,5.21975E+11,
5/5/17,5.21975E+11,
5/6/17,5.21975E+11,
5/7/17,5.21975E+11,
5/8/17,5.21975E+11,
5/9/17,5.21975E+11,
5/10/17,5.55093E+11,125
5/11/17,5.59971E+11,
5/12/17,5.59971E+11,
5/13/17,5.59971E+11,
5/14/17,5.59971E+11,
5/15/17,5.59971E+11,
5/16/17,5.59971E+11,
5/17/17,5.59971E+11,
5/18/17,5.59971E+11,
5/19/17,5.59971E+11,
5/20/17,5.59971E+11,
5/21/17,5.59971E+11,
5/22/17,5.59971E+11,
5/23/17,5.84152E+11,126
5/24/17,5.95922E+11,
5/25/17,5.95922E+11,
5/26/17,5.95922E+11,
5/27/17,5.95922E+11,
5/28/17,5.95922E+11,
5/29/17,5.95922E+11,
5/30/17,5.95922E+11,
5/31/17,5.95922E+11,
6/1/17,5.95922E+11,
6/2/17,5.95922E+11,
6/3/17,5.95922E+11,
6/4/17,6.28337E+11,127
6/5/17,6.7876E+11,
6/6/17,6.7876E+11,
6/7/17,6.7876E+11,
6/8/17,6.7876E+11,
6/9/17,6.7876E+11,
6/10/17,6.7876E+11,
6/11/17,6.7876E+11,
6/12/17,6.7876E+11,
6/13/17,6.7876E+11,
6/14/17,6.7876E+11,
6/15/17,6.7876E+11,
6/16/17,6.7876E+11,
6/17/17,6.79669E+11,128
6/18/17,7.11697E+11,
6/19/17,7.11697E+11,
6/20/17,7.11697E+11,
6/21/17,7.11697E+11,
6/22/17,7.11697E+11,
6/23/17,7.11697E+11,
6/24/17,7.11697E+11,
6/25/17,7.11697E+11,
6/26/17,7.11697E+11,
6/27/17,7.11697E+11,
6/28/17,7.11697E+11,
6/29/17,7.11697E+11,
6/30/17,7.11697E+11,
7/1/17,7.08708E+11,
7/2/17,7.08708E+11,129
7/3/17,7.08659E+11,
7/4/17,7.08659E+11,
7/5/17,7.08659E+11,
7/6/17,7.08659E+11,
7/7/17,7.08659E+11,
7/8/17,7.08659E+11,
7/9/17,7.08659E+11,
7/10/17,7.08659E+11,
7/11/17,7.08659E+11,
7/12/17,7.08659E+11,
7/13/17,7.08659E+11,
7/14/17,7.61765E+11,130
7/15/17,8.04525E+11,
7/16/17,8.04525E+11,
7/17/17,8.04525E+11,
7/18/17,8.04525E+11,
7/19/17,8.04525E+11,
7/20/17,8.04525E+11,
7/21/17,8.04525E+11,
7/22/17,8.04525E+11,
7/23/17,8.04525E+11,
7/24/17,8.04525E+11,
7/25/17,8.04525E+11,
7/26/17,8.04525E+11,
7/27/17,8.36352E+11,131
7/28/17,8.60222E+11,
7/29/17,8.60222E+11,
7/30/17,8.60222E+11,
7/31/17,8.60222E+11,
8/1/17,8.60222E+11,
8/2/17,8.60222E+11,
8/3/17,8.60222E+11,
8/4/17,8.60222E+11,
8/5/17,8.60222E+11,
8/6/17,8.60222E+11,
8/7/17,8.60222E+11,
8/8/17,8.60222E+11,
8/9/17,8.88075E+11,132
8/10/17,9.23233E+11,
8/11/17,9.23233E+11,
8/12/17,9.23233E+11,
8/13/17,9.23233E+11,
8/14/17,9.23233E+11,
8/15/17,9.23233E+11,
8/16/17,9.23233E+11,
8/17/17,9.23233E+11,
8/18/17,9.23233E+11,
8/19/17,9.23233E+11,
8/20/17,9.23233E+11,
8/21/17,9.23233E+11,
8/22/17,9.23233E+11,
8/23/17,9.23233E+11,
8/24/17,8.91643E+11,133
8/25/17,8.88172E+11,
8/26/17,8.88172E+11,
8/27/17,8.88172E+11,
8/28/17,8.88172E+11,
8/29/17,8.88172E+11,
8/30/17,8.88172E+11,
8/31/17,8.88172E+11,
9/1/17,8.88172E+11,
9/2/17,8.88172E+11,
9/3/17,8.88172E+11,
9/4/17,8.88172E+11,
9/5/17,8.88172E+11,
9/6/17,9.03315E+11,134
9/7/17,9.22725E+11,
9/8/17,9.22725E+11,
9/9/17,9.22725E+11,
9/10/17,9.22725E+11,
9/11/17,9.22725E+11,
9/12/17,9.22725E+11,
9/13/17,9.22725E+11,
9/14/17,9.22725E+11,
9/15/17,9.22725E+11,
9/16/17,9.22725E+11,
9/17/17,9.22725E+11,
9/18/17,1.05219E+12,135
9/19/17,1.1034E+12,
9/20/17,1.1034E+12,
9/21/17,1.1034E+12,
9/22/17,1.1034E+12,
9/23/17,1.1034E+12,
9/24/17,1.1034E+12,
9/25/17,1.1034E+12,
9/26/17,1.1034E+12,
9/27/17,1.1034E+12,
9/28/17,1.1034E+12,
9/29/17,1.1034E+12,
9/30/17,1.1034E+12,
10/1/17,1.1034E+12,
10/2/17,1.12359E+12,136
10/3/17,1.12386E+12,
10/4/17,1.12386E+12,
10/5/17,1.12386E+12,
10/6/17,1.12386E+12,
10/7/17,1.12386E+12,
10/8/17,1.12386E+12,
10/9/17,1.12386E+12,
10/10/17,1.12386E+12,
10/11/17,1.12386E+12,
10/12/17,1.12386E+12,
10/13/17,1.12386E+12,
10/14/17,1.12386E+12,
10/15/17,1.18295E+12,137
10/16/17,1.19679E+12,
10/17/17,1.19679E+12,
10/18/17,1.19679E+12,
10/19/17,1.19679E+12,
10/20/17,1.19679E+12,
10/21/17,1.19679E+12,
10/22/17,1.19679E+12,
10/23/17,1.19679E+12,
10/24/17,1.19679E+12,
10/25/17,1.19679E+12,
10/26/17,1.23378E+12,138
10/27/17,1.45284E+12,
10/28/17,1.45284E+12,
10/29/17,1.45284E+12,
10/30/17,1.45284E+12,
10/31/17,1.45284E+12,
11/1/17,1.45284E+12,
11/2/17,1.45284E+12,
11/3/17,1.45284E+12,
11/4/17,1.45284E+12,
11/5/17,1.45284E+12,
11/6/17,1.45284E+12,
11/7/17,1.45284E+12,
11/8/17,1.45284E+12,
11/9/17,1.45284E+12,
11/10/17,1.42337E+12,139
11/11/17,1.36442E+12,
11/12/17,1.36442E+12,
11/13/17,1.36442E+12,
11/14/17,1.36442E+12,
11/15/17,1.36442E+12,
11/16/17,1.36442E+12,
11/17/17,1.36442E+12,
11/18/17,1.36442E+12,
11/19/17,1.36442E+12,
11/20/17,1.36442E+12,
11/21/17,1.36442E+12,
11/22/17,1.36442E+12,
11/23/17,1.36442E+12,
11/24/17,1.36197E+12,140
11/25/17,1.347E+12,
11/26/17,1.347E+12,
11/27/17,1.347E+12,
11/28/17,1.347E+12,
11/29/17,1.347E+12,
11/30/17,1.347E+12,
12/1/17,1.347E+12,
12/2/17,1.347E+12,
12/3/17,1.347E+12,
12/4/17,1.347E+12,
12/5/17,1.347E+12,
12/6/17,1.40798E+12,141
12/7/17,1.5909E+12,
12/8/17,1.5909E+12,
12/9/17,1.5909E+12,
12/10/17,1.5909E+12,
12/11/17,1.5909E+12,
12/12/17,1.5909E+12,
12/13/17,1.5909E+12,
12/14/17,1.5909E+12,
12/15/17,1.5909E+12,
12/16/17,1.5909E+12,
12/17/17,1.5909E+12,
12/18/17,1.71805E+12,142
12/19/17,1.87311E+12,
12/20/17,1.87311E+12,
12/21/17,1.87311E+12,
12/22/17,1.87311E+12,
12/23/17,1.87311E+12,
12/24/17,1.87311E+12,
12/25/17,1.87311E+12,
12/26/17,1.87311E+12,
12/27/17,1.87311E+12,
12/28/17,1.87311E+12,
12/29/17,1.87311E+12,
12/30/17,1.87311E+12,
12/31/17,1.87311E+12,
1/1/18,1.92258E+12,143
1/2/18,1.93114E+12,
1/3/18,1.93114E+12,
1/4/18,1.93114E+12,
1/5/18,1.93114E+12,
1/6/18,1.93114E+12,
1/7/18,1.93114E+12,
1/8/18,1.93114E+12,
1/9/18,1.93114E+12,
1/10/18,1.93114E+12,
1/11/18,1.93114E+12,
1/12/18,1.93114E+12,
1/13/18,2.13425E+12,144
1/14/18,2.22785E+12,
1/15/18,2.22785E+12,
1/16/18,2.22785E+12,
1/17/18,2.22785E+12,
1/18/18,2.22785E+12,
1/19/18,2.22785E+12,
1/20/18,2.22785E+12,
1/21/18,2.22785E+12,
1/22/18,2.22785E+12,
1/23/18,2.22785E+12,
1/24/18,2.22785E+12,
1/25/18,2.46059E+12,145
1/26/18,2.60308E+12,
1/27/18,2.60308E+12,
1/28/18,2.60308E+12,
1/29/18,2.60308E+12,
1/30/18,2.60308E+12,
1/31/18,2.60308E+12,
2/1/18,2.60308E+12,
2/2/18,2.60308E+12,
2/3/18,2.60308E+12,
2/4/18,2.60308E+12,
2/5/18,2.60308E+12,
2/6/18,2.60787E+12,146
2/7/18,2.87467E+12,
2/8/18,2.87467E+12,
2/9/18,2.87467E+12,
2/10/18,2.87467E+12,
2/11/18,2.87467E+12,
2/12/18,2.87467E+12,
2/13/18,2.87467E+12,
2/14/18,2.87467E+12,
2/15/18,2.87467E+12,
2/16/18,2.87467E+12,
2/17/18,2.87467E+12,
2/18/18,2.87467E+12,
2/19/18,2.87467E+12,
2/20/18,2.96785E+12,147
2/21/18,3.00738E+12,
2/22/18,3.00738E+12,
2/23/18,3.00738E+12,
2/24/18,3.00738E+12,
2/25/18,3.00738E+12,
2/26/18,3.00738E+12,
2/27/18,3.00738E+12,
2/28/18,3.00738E+12,
3/1/18,3.00738E+12,
3/2/18,3.00738E+12,
3/3/18,3.00738E+12,
3/4/18,3.00738E+12,
3/5/18,3.23358E+12,148
3/6/18,3.29061E+12,
3/7/18,3.29061E+12,
3/8/18,3.29061E+12,
3/9/18,3.29061E+12,
3/10/18,3.29061E+12,
3/11/18,3.29061E+12,
3/12/18,3.29061E+12,
3/13/18,3.29061E+12,
3/14/18,3.29061E+12,
3/15/18,3.29061E+12,
3/16/18,3.29061E+12,
3/17/18,3.29061E+12,
3/18/18,3.3817E+12,149
3/19/18,3.46254E+12,
3/20/18,3.46254E+12,
3/21/18,3.46254E+12,
3/22/18,3.46254E+12,
3/23/18,3.46254E+12,
3/24/18,3.46254E+12,
3/25/18,3.46254E+12,
3/26/18,3.46254E+12,
3/27/18,3.46254E+12,
3/28/18,3.46254E+12,
3/29/18,3.46254E+12,
3/30/18,3.46254E+12,
3/31/18,3.46254E+12,
4/1/18,3.49429E+12,150
4/2/18,3.51106E+12,
4/3/18,3.51106E+12,
4/4/18,3.51106E+12,
4/5/18,3.51106E+12,
4/6/18,3.51106E+12,
4/7/18,3.51106E+12,
4/8/18,3.51106E+12,
4/9/18,3.51106E+12,
4/10/18,3.51106E+12,
4/11/18,3.51106E+12,
4/12/18,3.51106E+12,
4/13/18,3.51106E+12,
4/14/18,3.79619E+12,151
4/15/18,3.83932E+12,
4/16/18,3.83932E+12,
4/17/18,3.83932E+12,
4/18/18,3.83932E+12,
4/19/18,3.83932E+12,
4/20/18,3.83932E+12,
4/21/18,3.83932E+12,
4/22/18,3.83932E+12,
4/23/18,3.83932E+12,
4/24/18,3.83932E+12,
4/25/18,3.83932E+12,
4/26/18,3.83932E+12,
4/27/18,3.94356E+12,152
4/28/18,4.02206E+12,
4/29/18,4.02206E+12,
4/30/18,4.02206E+12,
5/1/18,4.02206E+12,
5/2/18,4.02206E+12,
5/3/18,4.02206E+12,
5/4/18,4.02206E+12,
5/5/18,4.02206E+12,
5/6/18,4.02206E+12,
5/7/18,4.02206E+12,
5/8/18,4.02206E+12,
5/9/18,4.02206E+12,
5/10/18,4.02206E+12,
5/11/18,4.13812E+12,153
5/12/18,4.14388E+12,
5/13/18,4.14388E+12,
5/14/18,4.14388E+12,
5/15/18,4.14388E+12,
5/16/18,4.14388E+12,
5/17/18,4.14388E+12,
5/18/18,4.14388E+12,
5/19/18,4.14388E+12,
5/20/18,4.14388E+12,
5/21/18,4.14388E+12,
5/22/18,4.14388E+12,
5/23/18,4.14388E+12,
5/24/18,4.21914E+12,154
5/25/18,4.30695E+12,
5/26/18,4.30695E+12,
5/27/18,4.30695E+12,
5/28/18,4.30695E+12,
5/29/18,4.30695E+12,
5/30/18,4.30695E+12,
5/31/18,4.30695E+12,
6/1/18,4.30695E+12,
6/2/18,4.30695E+12,
6/3/18,4.30695E+12,
6/4/18,4.30695E+12,
6/5/18,4.41559E+12,155
6/6/18,4.9407E+12,
6/7/18,4.9407E+12,
6/8/18,4.9407E+12,
6/9/18,4.9407E+12,
6/10/18,4.9407E+12,
6/11/18,4.9407E+12,
6/12/18,4.9407E+12,
6/13/18,4.9407E+12,
6/14/18,4.9407E+12,
6/15/18,4.9407E+12,
6/16/18,4.9407E+12,
6/17/18,4.9407E+12,
6/18/18,4.9407E+12,
6/19/18,5.02455E+12,156
6/20/18,5.0775E+12,
6/21/18,5.0775E+12,
6/22/18,5.0775E+12,
6/23/18,5.0775E+12,
6/24/18,5.0775E+12,
6/25/18,5.0775E+12,
6/26/18,5.0775E+12,
6/27/18,5.0775E+12,
6/28/18,5.0775E+12,
6/29/18,5.0775E+12,
6/30/18,5.0775E+12,
7/1/18,5.0775E+12,
7/2/18,5.17289E+12,157
7/3/18,5.36368E+12,
7/4/18,5.36368E+12,
7/5/18,5.36368E+12,
7/6/18,5.36368E+12,
7/7/18,5.36368E+12,
7/8/18,5.36368E+12,
7/9/18,5.36368E+12,
7/10/18,5.36368E+12,
7/11/18,5.36368E+12,
7/12/18,5.36368E+12,
7/13/18,5.36368E+12,
7/14/18,5.36368E+12,
7/15/18,5.36368E+12,
7/16/18,5.36368E+12,
7/17/18,5.19962E+12,158
7/18/18,5.17867E+12,
7/19/18,5.17867E+12,
7/20/18,5.17867E+12,
7/21/18,5.17867E+12,
7/22/18,5.17867E+12,
7/23/18,5.17867E+12,
7/24/18,5.17867E+12,
7/25/18,5.17867E+12,
7/26/18,5.17867E+12,
7/27/18,5.17867E+12,
7/28/18,5.17867E+12,
7/29/18,5.59579E+12,159
7/30/18,5.94944E+12,
7/31/18,5.94944E+12,
8/1/18,5.94944E+12,
8/2/18,5.94944E+12,
8/3/18,5.94944E+12,
8/4/18,5.94944E+12,
8/5/18,5.94944E+12,
8/6/18,5.94944E+12,
8/7/18,5.94944E+12,
8/8/18,5.94944E+12,
8/9/18,5.94944E+12,
8/10/18,5.94944E+12,
8/11/18,6.19784E+12,160
8/12/18,6.38932E+12,
8/13/18,6.38932E+12,
8/14/18,6.38932E+12,
8/15/18,6.38932E+12,
8/16/18,6.38932E+12,
8/17/18,6.38932E+12,
8/18/18,6.38932E+12,
8/19/18,6.38932E+12,
8/20/18,6.38932E+12,
8/21/18,6.38932E+12,
8/22/18,6.38932E+12,
8/23/18,6.38932E+12,
8/24/18,6.50504E+12,161
8/25/18,6.72723E+12,
8/26/18,6.72723E+12,
8/27/18,6.72723E+12,
8/28/18,6.72723E+12,
8/29/18,6.72723E+12,
8/30/18,6.72723E+12,
8/31/18,6.72723E+12,
9/1/18,6.72723E+12,
9/2/18,6.72723E+12,
9/3/18,6.72723E+12,
9/4/18,6.72723E+12,
9/5/18,6.72723E+12,
9/6/18,6.72723E+12,
9/7/18,6.97118E+12,162
9/8/18,7.0192E+12,
9/9/18,7.0192E+12,
9/10/18,7.0192E+12,
9/11/18,7.0192E+12,
9/12/18,7.0192E+12,
9/13/18,7.0192E+12,
9/14/18,7.0192E+12,
9/15/18,7.0192E+12,
9/16/18,7.0192E+12,
9/17/18,7.0192E+12,
9/18/18,7.0192E+12,
9/19/18,7.0192E+12,
9/20/18,7.03133E+12,163
9/21/18,7.15263E+12,
9/22/18,7.15263E+12,
9/23/18,7.15263E+12,
9/24/18,7.15263E+12,
9/25/18,7.15263E+12,
9/26/18,7.15263E+12,
9/27/18,7.15263E+12,
9/28/18,7.15263E+12,
9/29/18,7.15263E+12,
9/30/18,7.15263E+12,
10/1/18,7.15263E+12,
10/2/18,7.15263E+12,
10/3/18,7.15263E+12,
10/4/18,7.36427E+12,164
10/5/18,7.45497E+12,
10/6/18,7.45497E+12,
10/7/18,7.45497E+12,
10/8/18,7.45497E+12,
10/9/18,7.45497E+12,
10/10/18,7.45497E+12,
10/11/18,7.45497E+12,
10/12/18,7.45497E+12,
10/13/18,7.45497E+12,
10/14/18,7.45497E+12,
10/15/18,7.45497E+12,
10/16/18,7.45497E+12,
10/17/18,7.45497E+12,
10/18/18,7.42736E+12,165
10/19/18,7.18285E+12,
10/20/18,7.18285E+12,
10/21/18,7.18285E+12,
10/22/18,7.18285E+12,
10/23/18,7.18285E+12,
10/24/18,7.18285E+12,
10/25/18,7.18285E+12,
10/26/18,7.18285E+12,
10/27/18,7.18285E+12,
10/28/18,7.18285E+12,
10/29/18,7.18285E+12,
10/30/18,7.18285E+12,
10/31/18,7.18285E+12,
11/1/18,7.18301E+12,166
11/2/18,7.1844E+12,
11/3/18,7.1844E+12,
11/4/18,7.1844E+12,
11/5/18,7.1844E+12,
11/6/18,7.1844E+12,
11/7/18,7.1844E+12,
11/8/18,7.1844E+12,
11/9/18,7.1844E+12,
11/10/18,7.1844E+12,
11/11/18,7.1844E+12,
11/12/18,7.1844E+12,
11/13/18,7.1844E+12,
11/14/18,7.1844E+12,
11/15/18,7.1844E+12,
11/16/18,7.17597E+12,167
11/17/18,6.6533E+12,
11/18/18,6.6533E+12,
11/19/18,6.6533E+12,
11/20/18,6.6533E+12,
11/21/18,6.6533E+12,
11/22/18,6.6533E+12,
11/23/18,6.6533E+12,
11/24/18,6.6533E+12,
11/25/18,6.6533E+12,
11/26/18,6.6533E+12,
11/27/18,6.6533E+12,
11/28/18,6.6533E+12,
11/29/18,6.6533E+12,
11/30/18,6.6533E+12,
12/1/18,6.6533E+12,
12/2/18,6.6533E+12,
12/3/18,6.19402E+12,168
12/4/18,5.6464E+12,
12/5/18,5.6464E+12,
12/6/18,5.6464E+12,
12/7/18,5.6464E+12,
12/8/18,5.6464E+12,
12/9/18,5.6464E+12,
12/10/18,5.6464E+12,
12/11/18,5.6464E+12,
12/12/18,5.6464E+12,
12/13/18,5.6464E+12,
12/14/18,5.6464E+12,
12/15/18,5.6464E+12,
12/16/18,5.6464E+12,
12/17/18,5.6464E+12,
12/18/18,5.62109E+12,169
12/19/18,5.10642E+12,
12/20/18,5.10642E+12,
12/21/18,5.10642E+12,
12/22/18,5.10642E+12,
12/23/18,5.10642E+12,
12/24/18,5.10642E+12,
12/25/18,5.10642E+12,
12/26/18,5.10642E+12,
12/27/18,5.10642E+12,
12/28/18,5.10642E+12,
12/29/18,5.10642E+12,
12/30/18,5.10642E+12,
12/31/18,5.24851E+12,170
1/1/19,5.6186E+12,
1/2/19,5.6186E+12,
1/3/19,5.6186E+12,
1/4/19,5.6186E+12,
1/5/19,5.6186E+12,
1/6/19,5.6186E+12,
1/7/19,5.6186E+12,
1/8/19,5.6186E+12,
1/9/19,5.6186E+12,
1/10/19,5.6186E+12,
1/11/19,5.6186E+12,
1/12/19,5.6186E+12,
1/13/19,5.6186E+12,
1/14/19,5.86261E+12,171
1/15/19,5.88399E+12,
1/16/19,5.88399E+12,
1/17/19,5.88399E+12,
1/18/19,5.88399E+12,
1/19/19,5.88399E+12,
1/20/19,5.88399E+12,
1/21/19,5.88399E+12,
1/22/19,5.88399E+12,
1/23/19,5.88399E+12,
1/24/19,5.88399E+12,
1/25/19,5.88399E+12,
1/26/19,5.88399E+12,
1/27/19,5.88399E+12,
1/28/19,5.83666E+12,172
1/29/19,5.81466E+12,
1/30/19,5.81466E+12,
1/31/19,5.81466E+12,
2/1/19,5.81466E+12,
2/2/19,5.81466E+12,
2/3/19,5.81466E+12,
2/4/19,5.81466E+12,
2/5/19,5.81466E+12,
2/6/19,5.81466E+12,
2/7/19,5.81466E+12,
2/8/19,5.81466E+12,
2/9/19,5.81466E+12,
2/10/19,5.89401E+12,173
2/11/19,6.06152E+12,
2/12/19,6.06152E+12,
2/13/19,6.06152E+12,
2/14/19,6.06152E+12,
2/15/19,6.06152E+12,
2/16/19,6.06152E+12,
2/17/19,6.06152E+12,
2/18/19,6.06152E+12,
2/19/19,6.06152E+12,
2/20/19,6.06152E+12,
2/21/19,6.06152E+12,
2/22/19,6.06152E+12,
2/23/19,6.06152E+12,
2/24/19,6.06408E+12,174
2/25/19,6.07185E+12,
2/26/19,6.07185E+12,
2/27/19,6.07185E+12,
2/28/19,6.07185E+12,
3/1/19,6.07185E+12,
3/2/19,6.07185E+12,
3/3/19,6.07185E+12,
3/4/19,6.07185E+12,
3/5/19,6.07185E+12,
3/6/19,6.07185E+12,
3/7/19,6.07185E+12,
3/8/19,6.07185E+12,
3/9/19,6.07185E+12,
3/10/19,6.07122E+12,175
3/11/19,6.06889E+12,
3/12/19,6.06889E+12,
3/13/19,6.06889E+12,
3/14/19,6.06889E+12,
3/15/19,6.06889E+12,
3/16/19,6.06889E+12,
3/17/19,6.06889E+12,
3/18/19,6.06889E+12,
3/19/19,6.06889E+12,
3/20/19,6.06889E+12,
3/21/19,6.06889E+12,
3/22/19,6.06889E+12,
3/23/19,6.06889E+12,
3/24/19,6.36892E+12,176
3/25/19,6.37927E+12,
3/26/19,6.37927E+12,
3/27/19,6.37927E+12,
3/28/19,6.37927E+12,
3/29/19,6.37927E+12,
3/30/19,6.37927E+12,
3/31/19,6.37927E+12,
4/1/19,6.37927E+12,
4/2/19,6.37927E+12,
4/3/19,6.37927E+12,
4/4/19,6.37927E+12,
4/5/19,6.37927E+12,
4/6/19,6.37956E+12,177
4/7/19,6.39302E+12,
4/8/19,6.39302E+12,
4/9/19,6.39302E+12,
4/10/19,6.39302E+12,
4/11/19,6.39302E+12,
4/12/19,6.39302E+12,
4/13/19,6.39302E+12,
4/14/19,6.39302E+12,
4/15/19,6.39302E+12,
4/16/19,6.39302E+12,
4/17/19,6.39302E+12,
4/18/19,6.39302E+12,
4/19/19,6.39302E+12,
4/20/19,6.39302E+12,
4/21/19,6.35772E+12,178
4/22/19,6.35303E+12,
4/23/19,6.35303E+12,
4/24/19,6.35303E+12,
4/25/19,6.35303E+12,
4/26/19,6.35303E+12,
4/27/19,6.35303E+12,
4/28/19,6.35303E+12,
4/29/19,6.35303E+12,
4/30/19,6.35303E+12,
5/1/19,6.35303E+12,
5/2/19,6.35303E+12,
5/3/19,6.35303E+12,
5/4/19,6.55405E+12,179
5/5/19,6.70217E+12,
5/6/19,6.70217E+12,
5/7/19,6.70217E+12,
5/8/19,6.70217E+12,
5/9/19,6.70217E+12,
5/10/19,6.70217E+12,
5/11/19,6.70217E+12,
5/12/19,6.70217E+12,
5/13/19,6.70217E+12,
5/14/19,6.70217E+12,
5/15/19,6.70217E+12,
5/16/19,6.70217E+12,
5/17/19,6.70217E+12,
5/18/19,6.70378E+12,180
5/19/19,6.70463E+12,
5/20/19,6.70463E+12,
5/21/19,6.70463E+12,
5/22/19,6.70463E+12,
5/23/19,6.70463E+12,
5/24/19,6.70463E+12,
5/25/19,6.70463E+12,
5/26/19,6.70463E+12,
5/27/19,6.70463E+12,
5/28/19,6.70463E+12,
5/29/19,6.70463E+12,
5/30/19,6.7471E+12,181
5/31/19,7.45968E+12,
6/1/19,7.45968E+12,
6/2/19,7.45968E+12,
6/3/19,7.45968E+12,
6/4/19,7.45968E+12,
6/5/19,7.45968E+12,
6/6/19,7.45968E+12,
6/7/19,7.45968E+12,
6/8/19,7.45968E+12,
6/9/19,7.45968E+12,
6/10/19,7.45968E+12,
6/11/19,7.45968E+12,
6/12/19,7.45968E+12,
6/13/19,7.45968E+12,
6/14/19,7.41148E+12,182
6/15/19,7.4094E+12,
6/16/19,7.4094E+12,
6/17/19,7.4094E+12,
6/18/19,7.4094E+12,
6/19/19,7.4094E+12,
6/20/19,7.4094E+12,
6/21/19,7.4094E+12,
6/22/19,7.4094E+12,
6/23/19,7.4094E+12,
6/24/19,7.4094E+12,
6/25/19,7.4094E+12,
6/26/19,7.4094E+12,
6/27/19,7.86812E+12,183
6/28/19,7.93471E+12,
6/29/19,7.93471E+12,
6/30/19,7.93471E+12,
7/1/19,7.93471E+12,
7/2/19,7.93471E+12,
7/3/19,7.93471E+12,
7/4/19,7.93471E+12,
7/5/19,7.93471E+12,
7/6/19,7.93471E+12,
7/7/19,7.93471E+12,
7/8/19,7.93471E+12,
7/9/19,8.58745E+12,184
7/10/19,9.06416E+12,
7/11/19,9.06416E+12,
7/12/19,9.06416E+12,
7/13/19,9.06416E+12,
7/14/19,9.06416E+12,
7/15/19,9.06416E+12,
7/16/19,9.06416E+12,
7/17/19,9.06416E+12,
7/18/19,9.06416E+12,
7/19/19,9.06416E+12,
7/20/19,9.06416E+12,
7/21/19,9.06416E+12,
7/22/19,9.06416E+12,
7/23/19,9.03316E+12,185
7/24/19,9.01379E+12,
7/25/19,9.01379E+12,
7/26/19,9.01379E+12,
7/27/19,9.01379E+12,
7/28/19,9.01379E+12,
7/29/19,9.01379E+12,
7/30/19,9.01379E+12,
7/31/19,9.01379E+12,
8/1/19,9.01379E+12,
8/2/19,9.01379E+12,
8/3/19,9.01379E+12,
8/4/19,9.01379E+12,
8/5/19,9.89023E+12,186
8/6/19,9.98535E+12,
8/7/19,9.98535E+12,
8/8/19,9.98535E+12,
8/9/19,9.98535E+12,
8/10/19,9.98535E+12,
8/11/19,9.98535E+12,
8/12/19,9.98535E+12,
8/13/19,9.98535E+12,
8/14/19,9.98535E+12,
8/15/19,9.98535E+12,
8/16/19,9.98535E+12,
8/17/19,9.98535E+12,
8/18/19,1.00168E+13,187
8/19/19,1.01835E+13,
8/20/19,1.01835E+13,
8/21/19,1.01835E+13,
8/22/19,1.01835E+13,
8/23/19,1.01835E+13,
8/24/19,1.01835E+13,
8/25/19,1.01835E+13,
8/26/19,1.01835E+13,
8/27/19,1.01835E+13,
8/28/19,1.01835E+13,
8/29/19,1.01835E+13,
8/30/19,1.01835E+13,
8/31/19,1.01835E+13,
9/1/19,1.06856E+13,188
9/2/19,1.0772E+13,
9/3/19,1.0772E+13,
9/4/19,1.0772E+13,
9/5/19,1.0772E+13,
9/6/19,1.0772E+13,
9/7/19,1.0772E+13,
9/8/19,1.0772E+13,
9/9/19,1.0772E+13,
9/10/19,1.0772E+13,
9/11/19,1.0772E+13,
9/12/19,1.0772E+13,
9/13/19,1.09584E+13,189
9/14/19,1.18906E+13,
9/15/19,1.18906E+13,
9/16/19,1.18906E+13,
9/17/19,1.18906E+13,
9/18/19,1.18906E+13,
9/19/19,1.18906E+13,
9/20/19,1.18906E+13,
9/21/19,1.18906E+13,
9/22/19,1.18906E+13,
9/23/19,1.18906E+13,
9/24/19,1.18906E+13,
9/25/19,1.18906E+13,
9/26/19,1.20177E+13,190
9/27/19,1.27598E+13,
9/28/19,1.27598E+13,
9/29/19,1.27598E+13,
9/30/19,1.27598E+13,
10/1/19,1.27598E+13,
10/2/19,1.27598E+13,
10/3/19,1.27598E+13,
10/4/19,1.27598E+13,
10/5/19,1.27598E+13,
10/6/19,1.27598E+13,
10/7/19,1.27598E+13,
10/8/19,1.27598E+13,
10/9/19,1.27598E+13,
10/10/19,1.28748E+13,191
10/11/19,1.30081E+13,
10/12/19,1.30081E+13,
10/13/19,1.30081E+13,
10/14/19,1.30081E+13,
10/15/19,1.30081E+13,
10/16/19,1.30081E+13,
10/17/19,1.30081E+13,
10/18/19,1.30081E+13,
10/19/19,1.30081E+13,
10/20/19,1.30081E+13,
10/21/19,1.30081E+13,
10/22/19,1.30081E+13,
10/23/19,1.30691E+13,192
10/24/19,1.36915E+13,
10/25/19,1.36915E+13,
10/26/19,1.36915E+13,
10/27/19,1.36915E+13,
10/28/19,1.36915E+13,
10/29/19,1.36915E+13,
10/30/19,1.36915E+13,
10/31/19,1.36915E+13,
11/1/19,1.36915E+13,
11/2/19,1.36915E+13,
11/3/19,1.36915E+13,
11/4/19,1.36915E+13,
11/5/19,1.36915E+13,
11/6/19,1.36915E+13,
11/7/19,1.36699E+13,193
11/8/19,1.272E+13,
11/9/19,1.272E+13,
11/10/19,1.272E+13,
11/11/19,1.272E+13,
11/12/19,1.272E+13,
11/13/19,1.272E+13,
11/14/19,1.272E+13,
11/15/19,1.272E+13,
11/16/19,1.272E+13,
11/17/19,1.272E+13,
11/18/19,1.272E+13,
11/19/19,1.272E+13,
11/20/19,1.272E+13,
11/21/19,1.27958E+13,194
11/22/19,1.29732E+13,
11/23/19,1.29732E+13,
11/24/19,1.29732E+13,
11/25/19,1.29732E+13,
11/26/19,1.29732E+13,
11/27/19,1.29732E+13,
11/28/19,1.29732E+13,
11/29/19,1.29732E+13,
11/30/19,1.29732E+13,
12/1/19,1.29732E+13,
12/2/19,1.29732E+13,
12/3/19,1.29732E+13,
12/4/19,1.29732E+13,
12/5/19,1.2956E+13,195
12/6/19,1.28768E+13,
12/7/19,1.28768E+13,
12/8/19,1.28768E+13,
12/9/19,1.28768E+13,
12/10/19,1.28768E+13,
12/11/19,1.28768E+13,
12/12/19,1.28768E+13,
12/13/19,1.28768E+13,
12/14/19,1.28768E+13,
12/15/19,1.28768E+13,
12/16/19,1.28768E+13,
12/17/19,1.28768E+13,
12/18/19,1.28768E+13,
12/19/19,1.28928E+13,196
12/20/19,1.29486E+13,
12/21/19,1.29486E+13,
12/22/19,1.29486E+13,
12/23/19,1.29486E+13,
12/24/19,1.29486E+13,
12/25/19,1.29486E+13,
12/26/19,1.29486E+13,
12/27/19,1.29486E+13,
12/28/19,1.29486E+13,
12/29/19,1.29486E+13,
12/30/19,1.29486E+13,
12/31/19,1.29486E+13,
1/1/20,1.30317E+13,197
1/2/20,1.37988E+13,
1/3/20,1.37988E+13,
1/4/20,1.37988E+13,
1/5/20,1.37988E+13,
1/6/20,1.37988E+13,
1/7/20,1.37988E+13,
1/8/20,1.37988E+13,
1/9/20,1.37988E+13,
1/10/20,1.37988E+13,
1/11/20,1.37988E+13,
1/12/20,1.37988E+13,
1/13/20,1.37988E+13,
1/14/20,1.3819E+13,198
1/15/20,1.47764E+13,
1/16/20,1.47764E+13,
1/17/20,1.47764E+13,
1/18/20,1.47764E+13,
1/19/20,1.47764E+13,
1/20/20,1.47764E+13,
1/21/20,1.47764E+13,
1/22/20,1.47764E+13,
1/23/20,1.47764E+13,
1/24/20,1.47764E+13,
1/25/20,1.47764E+13,
1/26/20,1.47764E+13,
1/27/20,1.47764E+13,
1/28/20,1.52038E+13,199
1/29/20,1.54661E+13,
1/30/20,1.54661E+13,
1/31/20,1.54661E+13,
2/1/20,1.54661E+13,
2/2/20,1.54661E+13,
2/3/20,1.54661E+13,
2/4/20,1.54661E+13,
2/5/20,1.54661E+13,
2/6/20,1.54661E+13,
2/7/20,1.54661E+13,
2/8/20,1.54661E+13,
2/9/20,1.54661E+13,
2/10/20,1.54661E+13,
2/11/20,1.55211E+13,200
2/12/20,1.55467E+13,
2/13/20,1.55467E+13,
2/14/20,1.55467E+13,
2/15/20,1.55467E+13,
2/16/20,1.55467E+13,
2/17/20,1.55467E+13,
2/18/20,1.55467E+13,
2/19/20,1.55467E+13,
2/20/20,1.55467E+13,
2/21/20,1.55467E+13,
2/22/20,1.55467E+13,
2/23/20,1.55467E+13,
2/24/20,1.55467E+13,
2/25/20,1.55094E+13,201
2/26/20,1.54869E+13,
2/27/20,1.54869E+13,
2/28/20,1.54869E+13,
2/29/20,1.54869E+13,
3/1/20,1.54869E+13,
3/2/20,1.54869E+13,
3/3/20,1.54869E+13,
3/4/20,1.54869E+13,
3/5/20,1.54869E+13,
3/6/20,1.54869E+13,
3/7/20,1.54869E+13,
3/8/20,1.54869E+13,
3/9/20,1.60768E+13,202
3/10/20,1.65529E+13,
3/11/20,1.65529E+13,
3/12/20,1.65529E+13,
3/13/20,1.65529E+13,
3/14/20,1.65529E+13,
3/15/20,1.65529E+13,
3/16/20,1.65529E+13,
3/17/20,1.65529E+13,
3/18/20,1.65529E+13,
3/19/20,1.65529E+13,
3/20/20,1.65529E+13,
3/21/20,1.65529E+13,
3/22/20,1.65529E+13,
3/23/20,1.65529E+13,
3/24/20,1.65529E+13,
3/25/20,1.65529E+13,
3/26/20,1.41436E+13,203
3/27/20,1.39125E+13,
3/28/20,1.39125E+13,
3/29/20,1.39125E+13,
3/30/20,1.39125E+13,
3/31/20,1.39125E+13,
4/1/20,1.39125E+13,
4/2/20,1.39125E+13,
4/3/20,1.39125E+13,
4/4/20,1.39125E+13,
4/5/20,1.39125E+13,
4/6/20,1.39125E+13,
4/7/20,1.39125E+13,
4/8/20,1.43975E+13,204
4/9/20,1.47152E+13,
4/10/20,1.47152E+13,
4/11/20,1.47152E+13,
4/12/20,1.47152E+13,
4/13/20,1.47152E+13,
4/14/20,1.47152E+13,
4/15/20,1.47152E+13,
4/16/20,1.47152E+13,
4/17/20,1.47152E+13,
4/18/20,1.47152E+13,
4/19/20,1.47152E+13,
4/20/20,1.47152E+13,
4/21/20,1.56248E+13,205
4/22/20,1.59587E+13,
4/23/20,1.59587E+13,
4/24/20,1.59587E+13,
4/25/20,1.59587E+13,
4/26/20,1.59587E+13,
4/27/20,1.59587E+13,
4/28/20,1.59587E+13,
4/29/20,1.59587E+13,
4/30/20,1.59587E+13,
5/1/20,1.59587E+13,
5/2/20,1.59587E+13,
5/3/20,1.59587E+13,
5/4/20,1.59587E+13,
5/5/20,1.60798E+13,206
5/6/20,1.61048E+13,
5/7/20,1.61048E+13,
5/8/20,1.61048E+13,
5/9/20,1.61048E+13,
5/10/20,1.61048E+13,
5/11/20,1.61048E+13,
5/12/20,1.61048E+13,
5/13/20,1.61048E+13,
5/14/20,1.61048E+13,
5/15/20,1.61048E+13,
5/16/20,1.61048E+13,
5/17/20,1.61048E+13,
5/18/20,1.61048E+13,
5/19/20,1.61048E+13,
5/20/20,1.52137E+13,207
5/21/20,1.5138E+13,
5/22/20,1.5138E+13,
5/23/20,1.5138E+13,
5/24/20,1.5138E+13,
5/25/20,1.5138E+13,
5/26/20,1.5138E+13,
5/27/20,1.5138E+13,
5/28/20,1.5138E+13,
5/29/20,1.5138E+13,
5/30/20,1.5138E+13,
5/31/20,1.5138E+13,
6/1/20,1.5138E+13,
6/2/20,1.5138E+13,
6/3/20,1.5138E+13,
6/4/20,1.44771E+13,208
6/5/20,1.37324E+13,
6/6/20,1.37324E+13,
6/7/20,1.37324E+13,
6/8/20,1.37324E+13,
6/9/20,1.37324E+13,
6/10/20,1.37324E+13,
6/11/20,1.37324E+13,
6/12/20,1.37324E+13,
6/13/20,1.37324E+13,
6/14/20,1.37324E+13,
6/15/20,1.37324E+13,
6/16/20,1.4266E+13,209
6/17/20,1.57847E+13,
6/18/20,1.57847E+13,
6/19/20,1.57847E+13,
6/20/20,1.57847E+13,
6/21/20,1.57847E+13,
6/22/20,1.57847E+13,
6/23/20,1.57847E+13,
6/24/20,1.57847E+13,
6/25/20,1.57847E+13,
6/26/20,1.57847E+13,
6/27/20,1.57847E+13,
6/28/20,1.57847E+13,
6/29/20,1.57847E+13,
6/30/20,1.57846E+13,210
7/1/20,1.57842E+13,
7/2/20,1.57842E+13,
7/3/20,1.57842E+13,
7/4/20,1.57842E+13,
7/5/20,1.57842E+13,
7/6/20,1.57842E+13,
7/7/20,1.57842E+13,
7/8/20,1.57842E+13,
7/9/20,1.57842E+13,
7/10/20,1.57842E+13,
7/11/20,1.57842E+13,
7/12/20,1.57842E+13,
7/13/20,1.65704E+13,211
7/14/20,1.73459E+13,
7/15/20,1.73459E+13,
7/16/20,1.73459E+13,
7/17/20,1.73459E+13,
7/18/20,1.73459E+13,
7/19/20,1.73459E+13,
7/20/20,1.73459E+13,
7/21/20,1.73459E+13,
7/22/20,1.73459E+13,
7/23/20,1.73459E+13,
7/24/20,1.73459E+13,
7/25/20,1.73459E+13,
7/26/20,1.73459E+13,
7/27/20,1.73092E+13,212
7/28/20,1.68476E+13,
7/29/20,1.68476E+13,
7/30/20,1.68476E+13,
7/31/20,1.68476E+13,
8/1/20,1.68476E+13,
8/2/20,1.68476E+13,
8/3/20,1.68476E+13,
8/4/20,1.68476E+13,
8/5/20,1.68476E+13,
8/6/20,1.68476E+13,
8/7/20,1.68476E+13,
8/8/20,1.68476E+13,
8/9/20,1.68476E+13,
8/10/20,1.68717E+13,213
8/11/20,1.69478E+13,
8/12/20,1.69478E+13,
8/13/20,1.69478E+13,
8/14/20,1.69478E+13,
8/15/20,1.69478E+13,
8/16/20,1.69478E+13,
8/17/20,1.69478E+13,
8/18/20,1.69478E+13,
8/19/20,1.69478E+13,
8/20/20,1.69478E+13,
8/21/20,1.69478E+13,
8/22/20,1.69478E+13,
8/23/20,1.69478E+13,
8/24/20,1.73409E+13,214
8/25/20,1.7558E+13,
8/26/20,1.7558E+13,
8/27/20,1.7558E+13,
8/28/20,1.7558E+13,
8/29/20,1.7558E+13,
8/30/20,1.7558E+13,
8/31/20,1.7558E+13,
9/1/20,1.7558E+13,
9/2/20,1.7558E+13,
9/3/20,1.7558E+13,
9/4/20,1.7558E+13,
9/5/20,1.7558E+13,
9/6/20,1.7558E+13,
9/7/20,1.74453E+13,215
9/8/20,1.7346E+13,
9/9/20,1.7346E+13,
9/10/20,1.7346E+13,
9/11/20,1.7346E+13,
9/12/20,1.7346E+13,
9/13/20,1.7346E+13,
9/14/20,1.7346E+13,
9/15/20,1.7346E+13,
9/16/20,1.7346E+13,
9/17/20,1.7346E+13,
9/18/20,1.7346E+13,
9/19/20,1.7346E+13,
9/20/20,1.91483E+13,216
9/21/20,1.93147E+13,
9/22/20,1.93147E+13,
9/23/20,1.93147E+13,
9/24/20,1.93147E+13,
9/25/20,1.93147E+13,
9/26/20,1.93147E+13,
9/27/20,1.93147E+13,
9/28/20,1.93147E+13,
9/29/20,1.93147E+13,
9/30/20,1.93147E+13,
10/1/20,1.93147E+13,
10/2/20,1.93147E+13,
10/3/20,1.93147E+13,
10/4/20,1.93007E+13,217
10/5/20,1.92981E+13,
10/6/20,1.92981E+13,
10/7/20,1.92981E+13,
10/8/20,1.92981E+13,
10/9/20,1.92981E+13,
10/10/20,1.92981E+13,
10/11/20,1.92981E+13,
10/12/20,1.92981E+13,
10/13/20,1.92981E+13,
10/14/20,1.92981E+13,
10/15/20,1.92981E+13,
10/16/20,1.92981E+13,
10/17/20,1.95297E+13,218
10/18/20,1.99973E+13,
10/19/20,1.99973E+13,
10/20/20,1.99973E+13,
10/21/20,1.99973E+13,
10/22/20,1.99973E+13,
10/23/20,1.99973E+13,
10/24/20,1.99973E+13,
10/25/20,1.99973E+13,
10/26/20,1.99973E+13,
10/27/20,1.99973E+13,
10/28/20,1.99973E+13,
10/29/20,1.99973E+13,
10/30/20,1.99973E+13,
10/31/20,1.99973E+13,
11/1/20,1.99973E+13,
11/2/20,1.99973E+13,
11/3/20,1.78653E+13,219
11/4/20,1.67878E+13,
11/5/20,1.67878E+13,
11/6/20,1.67878E+13,
11/7/20,1.67878E+13,
11/8/20,1.67878E+13,
11/9/20,1.67878E+13,
11/10/20,1.67878E+13,
11/11/20,1.67878E+13,
11/12/20,1.67878E+13,
11/13/20,1.67878E+13,
11/14/20,1.67878E+13,
11/15/20,1.67878E+13,
11/16/20,1.70406E+13,220
11/17/20,1.75968E+13,
11/18/20,1.75968E+13,
11/19/20,1.75968E+13,
11/20/20,1.75968E+13,
11/21/20,1.75968E+13,
11/22/20,1.75968E+13,
11/23/20,1.75968E+13,
11/24/20,1.75968E+13,
11/25/20,1.75968E+13,
11/26/20,1.75968E+13,
11/27/20,1.75968E+13,
11/28/20,1.75968E+13,
11/29/20,1.81585E+13,221
11/30/20,1.91572E+13,
12/1/20,1.91572E+13,
12/2/20,1.91572E+13,
12/3/20,1.91572E+13,
12/4/20,1.91572E+13,
12/5/20,1.91572E+13,
12/6/20,1.91572E+13,
12/7/20,1.91572E+13,
12/8/20,1.91572E+13,
12/9/20,1.91572E+13,
12/10/20,1.91572E+13,
12/11/20,1.91572E+13,
12/12/20,1.91572E+13,
12/13/20,1.91447E+13,222
12/14/20,1.86702E+13,
12/15/20,1.86702E+13,
12/16/20,1.86702E+13,
12/17/20,1.86702E+13,
12/18/20,1.86702E+13,
12/19/20,1.86702E+13,
12/20/20,1.86702E+13,
12/21/20,1.86702E+13,
12/22/20,1.86702E+13,
12/23/20,1.86702E+13,
12/24/20,1.86702E+13,
12/25/20,1.86702E+13,
12/26/20,1.86702E+13,
12/27/20,1.86702E+13,
12/28/20,1.86E+13,223
12/29/20,1.85996E+13,
12/30/20,1.85996E+13,
12/31/20,1.85996E+13,
1/1/21,1.85996E+13,
1/2/21,1.85996E+13,
1/3/21,1.85996E+13,
1/4/21,1.85996E+13,
1/5/21,1.85996E+13,
1/6/21,1.85996E+13,
1/7/21,1.85996E+13,
1/8/21,1.85996E+13,
1/9/21,1.93652E+13,224
1/10/21,2.06074E+13,
1/11/21,2.06074E+13,
1/12/21,2.06074E+13,
1/13/21,2.06074E+13,
1/14/21,2.06074E+13,
1/15/21,2.06074E+13,
1/16/21,2.06074E+13,
1/17/21,2.06074E+13,
1/18/21,2.06074E+13,
1/19/21,2.06074E+13,
1/20/21,2.06074E+13,
1/21/21,2.06074E+13,
1/22/21,2.06074E+13,
1/23/21,2.07371E+13,225
1/24/21,2.08235E+13,
1/25/21,2.08235E+13,
1/26/21,2.08235E+13,
1/27/21,2.08235E+13,
1/28/21,2.08235E+13,
1/29/21,2.08235E+13,
1/30/21,2.08235E+13,
1/31/21,2.08235E+13,
2/1/21,2.08235E+13,
2/2/21,2.08235E+13,
2/3/21,2.08235E+13,
2/4/21,2.08235E+13,
2/5/21,2.08235E+13,
2/6/21,2.13845E+13,226
2/7/21,2.14344E+13,
2/8/21,2.14344E+13,
2/9/21,2.14344E+13,
2/10/21,2.14344E+13,
2/11/21,2.14344E+13,
2/12/21,2.14344E+13,
2/13/21,2.14344E+13,
2/14/21,2.14344E+13,
2/15/21,2.14344E+13,
2/16/21,2.14344E+13,
2/17/21,2.14344E+13,
2/18/21,2.14344E+13,
2/19/21,2.14552E+13,227
2/20/21,2.17241E+13,
2/21/21,2.17241E+13,
2/22/21,2.17241E+13,
2/23/21,2.17241E+13,
2/24/21,2.17241E+13,
2/25/21,2.17241E+13,
2/26/21,2.17241E+13,
2/27/21,2.17241E+13,
2/28/21,2.17241E+13,
3/1/21,2.17241E+13,
3/2/21,2.17241E+13,
3/3/21,2.17241E+13,
3/4/21,2.17241E+13,
3/5/21,2.17241E+13,
3/6/21,2.14737E+13,228
3/7/21,2.14483E+13,
3/8/21,2.14483E+13,
3/9/21,2.14483E+13,
3/10/21,2.14483E+13,
3/11/21,2.14483E+13,
3/12/21,2.14483E+13,
3/13/21,2.14483E+13,
3/14/21,2.14483E+13,
3/15/21,2.14483E+13,
3/16/21,2.14483E+13,
3/17/21,2.14483E+13,
3/18/21,2.14483E+13,
3/19/21,2.15244E+13,229
3/20/21,2.18656E+13,
3/21/21,2.18656E+13,
3/22/21,2.18656E+13,
3/23/21,2.18656E+13,
3/24/21,2.18656E+13,
3/25/21,2.18656E+13,
3/26/21,2.18656E+13,
3/27/21,2.18656E+13,
3/28/21,2.18656E+13,
3/29/21,2.18656E+13,
3/30/21,2.18656E+13,
3/31/21,2.18656E+13,
4/1/21,2.18656E+13,
4/2/21,2.30648E+13,230
4/3/21,2.31374E+13,
4/4/21,2.31374E+13,
4/5/21,2.31374E+13,
4/6/21,2.31374E+13,
4/7/21,2.31374E+13,
4/8/21,2.31374E+13,
4/9/21,2.31374E+13,
4/10/21,2.31374E+13,
4/11/21,2.31374E+13,
4/12/21,2.31374E+13,
4/13/21,2.31374E+13,
4/14/21,2.31374E+13,
4/15/21,2.32176E+13,231
4/16/21,2.3582E+13,
4/17/21,2.3582E+13,
4/18/21,2.3582E+13,
4/19/21,2.3582E+13,
4/20/21,2.3582E+13,
4/21/21,2.3582E+13,
4/22/21,2.3582E+13,
4/23/21,2.3582E+13,
4/24/21,2.3582E+13,
4/25/21,2.3582E+13,
4/26/21,2.3582E+13,
4/27/21,2.3582E+13,
4/28/21,2.3582E+13,
4/29/21,2.3582E+13,
4/30/21,2.3582E+13,
5/1/21,2.30045E+13,232
5/2/21,2.06088E+13,
5/3/21,2.06088E+13,
5/4/21,2.06088E+13,
5/5/21,2.06088E+13,
5/6/21,2.06088E+13,
5/7/21,2.06088E+13,
5/8/21,2.06088E+13,
5/9/21,2.06088E+13,
5/10/21,2.06088E+13,
5/11/21,2.06088E+13,
5/12/21,2.06088E+13,
5/13/21,2.32273E+13,233
5/14/21,2.50465E+13,
5/15/21,2.50465E+13,
5/16/21,2.50465E+13,
5/17/21,2.50465E+13,
5/18/21,2.50465E+13,
5/19/21,2.50465E+13,
5/20/21,2.50465E+13,
5/21/21,2.50465E+13,
5/22/21,2.50465E+13,
5/23/21,2.50465E+13,
5/24/21,2.50465E+13,
5/25/21,2.50465E+13,
5/26/21,2.50465E+13,
5/27/21,2.50465E+13,
5/28/21,2.50465E+13,
5/29/21,2.50465E+13,
5/30/21,2.12143E+13,234
5/31/21,2.10477E+13,
6/1/21,2.10477E+13,
6/2/21,2.10477E+13,
6/3/21,2.10477E+13,
6/4/21,2.10477E+13,
6/5/21,2.10477E+13,
6/6/21,2.10477E+13,
6/7/21,2.10477E+13,
6/8/21,2.10477E+13,
6/9/21,2.10477E+13,
6/10/21,2.10477E+13,
6/11/21,2.10477E+13,
6/12/21,2.10477E+13,
6/13/21,2.08366E+13,235
6/14/21,1.99328E+13,
6/15/21,1.99328E+13,
6/16/21,1.99328E+13,
6/17/21,1.99328E+13,
6/18/21,1.99328E+13,
6/19/21,1.99328E+13,
6/20/21,1.99328E+13,
6/21/21,1.99328E+13,
6/22/21,1.99328E+13,
6/23/21,1.99328E+13,
6/24/21,1.99328E+13,
6/25/21,1.99328E+13,
6/26/21,1.99328E+13,
6/27/21,1.99328E+13,
6/28/21,1.99328E+13,
6/29/21,1.99328E+13,
6/30/21,1.99328E+13,
7/1/21,1.99328E+13,
7/2/21,1.99328E+13,
7/3/21,1.56349E+13,236
7/4/21,1.4363E+13,
7/5/21,1.4363E+13,
7/6/21,1.4363E+13,
7/7/21,1.4363E+13,
7/8/21,1.4363E+13,
7/9/21,1.4363E+13,
7/10/21,1.4363E+13,
7/11/21,1.4363E+13,
7/12/21,1.4363E+13,
7/13/21,1.4363E+13,
7/14/21,1.4363E+13,
7/15/21,1.4363E+13,
7/16/21,1.4363E+13,
7/17/21,1.43485E+13,237
7/18/21,1.36726E+13,
7/19/21,1.36726E+13,
7/20/21,1.36726E+13,
7/21/21,1.36726E+13,
7/22/21,1.36726E+13,
7/23/21,1.36726E+13,
7/24/21,1.36726E+13,
7/25/21,1.36726E+13,
7/26/21,1.36726E+13,
7/27/21,1.36726E+13,
7/28/21,1.36726E+13,
7/29/21,1.36726E+13,
7/30/21,1.36726E+13,
7/31/21,1.43192E+13,238
8/1/21,1.44964E+13,
8/2/21,1.44964E+13,
8/3/21,1.44964E+13,
8/4/21,1.44964E+13,
8/5/21,1.44964E+13,
8/6/21,1.44964E+13,
8/7/21,1.44964E+13,
8/8/21,1.44964E+13,
8/9/21,1.44964E+13,
8/10/21,1.44964E+13,
8/11/21,1.44964E+13,
8/12/21,1.44964E+13,
8/13/21,1.53248E+13,239
8/14/21,1.55561E+13,
8/15/21,1.55561E+13,
8/16/21,1.55561E+13,
8/17/21,1.55561E+13,
8/18/21,1.55561E+13,
8/19/21,1.55561E+13,
8/20/21,1.55561E+13,
8/21/21,1.55561E+13,
8/22/21,1.55561E+13,
8/23/21,1.55561E+13,
8/24/21,1.55561E+13,
8/25/21,1.64311E+13,240
8/26/21,1.7615E+13,
8/27/21,1.7615E+13,
8/28/21,1.7615E+13,
8/29/21,1.7615E+13,
8/30/21,1.7615E+13,
8/31/21,1.7615E+13,
9/1/21,1.7615E+13,
9/2/21,1.7615E+13,
9/3/21,1.7615E+13,
9/4/21,1.7615E+13,
9/5/21,1.7615E+13,
9/6/21,1.7615E+13,
9/7/21,1.7615E+13,
9/8/21,1.84039E+13,241
9/9/21,1.84152E+13,
9/10/21,1.84152E+13,
9/11/21,1.84152E+13,
9/12/21,1.84152E+13,
9/13/21,1.84152E+13,
9/14/21,1.84152E+13,
9/15/21,1.84152E+13,
9/16/21,1.84152E+13,
9/17/21,1.84152E+13,
9/18/21,1.84152E+13,
9/19/21,1.84152E+13,
9/20/21,1.84152E+13,
9/21/21,1.8633E+13,242
9/22/21,1.89976E+13,
9/23/21,1.89976E+13,
9/24/21,1.89976E+13,
9/25/21,1.89976E+13,
9/26/21,1.89976E+13,
9/27/21,1.89976E+13,
9/28/21,1.89976E+13,
9/29/21,1.89976E+13,
9/30/21,1.89976E+13,
10/1/21,1.89976E+13,
10/2/21,1.89976E+13,
10/3/21,1.89976E+13,
10/4/21,1.90091E+13,243
10/5/21,1.9893E+13,
10/6/21,1.9893E+13,
10/7/21,1.9893E+13,
10/8/21,1.9893E+13,
10/9/21,1.9893E+13,
10/10/21,1.9893E+13,
10/11/21,1.9893E+13,
10/12/21,1.9893E+13,
10/13/21,1.9893E+13,
10/14/21,1.9893E+13,
10/15/21,1.9893E+13,
10/16/21,1.9893E+13,
10/17/21,1.9893E+13,
10/18/21,1.99174E+13,244
10/19/21,2.00825E+13,
10/20/21,2.00825E+13,
10/21/21,2.00825E+13,
10/22/21,2.00825E+13,
10/23/21,2.00825E+13,
10/24/21,2.00825E+13,
10/25/21,2.00825E+13,
10/26/21,2.00825E+13,
10/27/21,2.00825E+13,
10/28/21,2.00825E+13,
10/29/21,2.00825E+13,
10/30/21,2.00825E+13,
10/31/21,2.02867E+13,245
11/1/21,2.16593E+13,
11/2/21,2.16593E+13,
11/3/21,2.16593E+13,
11/4/21,2.16593E+13,
11/5/21,2.16593E+13,
11/6/21,2.16593E+13,
11/7/21,2.16593E+13,
11/8/21,2.16593E+13,
11/9/21,2.16593E+13,
11/10/21,2.16593E+13,
11/11/21,2.16593E+13,
11/12/21,2.16593E+13,
11/13/21,2.16593E+13,
11/14/21,2.2435E+13,246
11/15/21,2.26741E+13,
11/16/21,2.26741E+13,
11/17/21,2.26741E+13,
11/18/21,2.26741E+13,
11/19/21,2.26741E+13,
11/20/21,2.26741E+13,
11/21/21,2.26741E+13,
11/22/21,2.26741E+13,
11/23/21,2.26741E+13,
11/24/21,2.26741E+13,
11/25/21,2.26741E+13,
11/26/21,2.26741E+13,
11/27/21,2.26741E+13,
11/28/21,2.24647E+13,247
11/29/21,2.23357E+13,
11/30/21,2.23357E+13,
12/1/21,2.23357E+13,
12/2/21,2.23357E+13,
12/3/21,2.23357E+13,
12/4/21,2.23357E+13,
12/5/21,2.23357E+13,
12/6/21,2.23357E+13,
12/7/21,2.23357E+13,
12/8/21,2.23357E+13,
12/9/21,2.23357E+13,
12/10/21,2.23357E+13,
12/11/21,2.34687E+13,248
12/12/21,2.41953E+13,
12/13/21,2.41953E+13,
12/14/21,2.41953E+13,
12/15/21,2.41953E+13,
12/16/21,2.41953E+13,
12/17/21,2.41953E+13,
12/18/21,2.41953E+13,
12/19/21,2.41953E+13,
12/20/21,2.41953E+13,
12/21/21,2.41953E+13,
12/22/21,2.41953E+13,
12/23/21,2.41953E+13,
12/24/21,2.41953E+13,
12/25/21,2.42425E+13,249
12/26/21,2.42723E+13,
12/27/21,2.42723E+13,
12/28/21,2.42723E+13,
12/29/21,2.42723E+13,
12/30/21,2.42723E+13,
12/31/21,2.42723E+13,
1/1/22,2.42723E+13,
1/2/22,2.42723E+13,
1/3/22,2.42723E+13,
1/4/22,2.42723E+13,
1/5/22,2.42723E+13,
1/6/22,2.42723E+13,
1/7/22,2.42723E+13,
1/8/22,2.43415E+13,250
1/9/22,2.43719E+13,
1/10/22,2.43719E+13,
1/11/22,2.43719E+13,
1/12/22,2.43719E+13,
1/13/22,2.43719E+13,
1/14/22,2.43719E+13,
1/15/22,2.43719E+13,
1/16/22,2.43719E+13,
1/17/22,2.43719E+13,
1/18/22,2.43719E+13,
1/19/22,2.43719E+13,
1/20/22,2.43719E+13,
1/21/22,2.63381E+13,251
1/22/22,2.66432E+13,
1/23/22,2.66432E+13,
1/24/22,2.66432E+13,
1/25/22,2.66432E+13,
1/26/22,2.66432E+13,
1/27/22,2.66432E+13,
1/28/22,2.66432E+13,
1/29/22,2.66432E+13,
1/30/22,2.66432E+13,
1/31/22,2.66432E+13,
2/1/22,2.66432E+13,
2/2/22,2.66432E+13,
2/3/22,2.66432E+13,
2/4/22,2.66847E+13,252
2/5/22,2.66905E+13,
2/6/22,2.66905E+13,
2/7/22,2.66905E+13,
2/8/22,2.66905E+13,
2/9/22,2.66905E+13,
2/10/22,2.66905E+13,
2/11/22,2.66905E+13,
2/12/22,2.66905E+13,
2/13/22,2.66905E+13,
2/14/22,2.66905E+13,
2/15/22,2.66905E+13,
2/16/22,2.66905E+13,
2/17/22,2.73248E+13,253
2/18/22,2.79672E+13,
2/19/22,2.79672E+13,
2/20/22,2.79672E+13,
2/21/22,2.79672E+13,
2/22/22,2.79672E+13,
2/23/22,2.79672E+13,
2/24/22,2.79672E+13,
2/25/22,2.79672E+13,
2/26/22,2.79672E+13,
2/27/22,2.79672E+13,
2/28/22,2.79672E+13,
3/1/22,2.79672E+13,
3/2/22,2.79672E+13,
3/3/22,2.78517E+13,254
3/4/22,2.75503E+13,
3/5/22,2.75503E+13,
3/6/22,2.75503E+13,
3/7/22,2.75503E+13,
3/8/22,2.75503E+13,
3/9/22,2.75503E+13,
3/10/22,2.75503E+13,
3/11/22,2.75503E+13,
3/12/22,2.75503E+13,
3/13/22,2.75503E+13,
3/14/22,2.75503E+13,
3/15/22,2.75503E+13,
3/16/22,2.75503E+13,
3/17/22,2.75209E+13,255
3/18/22,2.74527E+13,
3/19/22,2.74527E+13,
3/20/22,2.74527E+13,
3/21/22,2.74527E+13,
3/22/22,2.74527E+13,
3/23/22,2.74527E+13,
3/24/22,2.74527E+13,
3/25/22,2.74527E+13,
3/26/22,2.74527E+13,
3/27/22,2.74527E+13,
3/28/22,2.74527E+13,
3/29/22,2.74527E+13,
3/30/22,2.74527E+13,
3/31/22,2.83159E+13,256
4/1/22,2.85872E+13,
4/2/22,2.85872E+13,
4/3/22,2.85872E+13,
4/4/22,2.85872E+13,
4/5/22,2.85872E+13,
4/6/22,2.85872E+13,
4/7/22,2.85872E+13,
4/8/22,2.85872E+13,
4/9/22,2.85872E+13,
4/10/22,2.85872E+13,
4/11/22,2.85872E+13,
4/12/22,2.85872E+13,
4/13/22,2.85872E+13,
4/14/22,2.83516E+13,257
4/15/22,2.82259E+13,
4/16/22,2.82259E+13,
4/17/22,2.82259E+13,
4/18/22,2.82259E+13,
4/19/22,2.82259E+13,
4/20/22,2.82259E+13,
4/21/22,2.82259E+13,
4/22/22,2.82259E+13,
4/23/22,2.82259E+13,
4/24/22,2.82259E+13,
4/25/22,2.82259E+13,
4/26/22,2.82259E+13,
4/27/22,2.87703E+13,258
4/28/22,2.97944E+13,
4/29/22,2.97944E+13,
4/30/22,2.97944E+13,
5/1/22,2.97944E+13,
5/2/22,2.97944E+13,
5/3/22,2.97944E+13,
5/4/22,2.97944E+13,
5/5/22,2.97944E+13,
5/6/22,2.97944E+13,
5/7/22,2.97944E+13,
5/8/22,2.97944E+13,
5/9/22,2.97944E+13,
5/10/22,2.9823E+13,259
5/11/22,3.12511E+13,
5/12/22,3.12511E+13,
5/13/22,3.12511E+13,
5/14/22,3.12511E+13,
5/15/22,3.12511E+13,
5/16/22,3.12511E+13,
5/17/22,3.12511E+13,
5/18/22,3.12511E+13,
5/19/22,3.12511E+13,
5/20/22,3.12511E+13,
5/21/22,3.12511E+13,
5/22/22,3.12511E+13,
5/23/22,3.12511E+13,
5/24/22,3.12511E+13,
5/25/22,3.07059E+13,260
5/26/22,2.98974E+13,
5/27/22,2.98974E+13,
5/28/22,2.98974E+13,
5/29/22,2.98974E+13,
5/30/22,2.98974E+13,
5/31/22,2.98974E+13,
6/1/22,2.98974E+13,
6/2/22,2.98974E+13,
6/3/22,2.98974E+13,
6/4/22,2.98974E+13,
6/5/22,2.98974E+13,
6/6/22,2.98974E+13,
6/7/22,2.98974E+13,
6/8/22,3.01077E+13,261
6/9/22,3.02833E+13,
6/10/22,3.02833E+13,
6/11/22,3.02833E+13,
6/12/22,3.02833E+13,
6/13/22,3.02833E+13,
6/14/22,3.02833E+13,
6/15/22,3.02833E+13,
6/16/22,3.02833E+13,
6/17/22,3.02833E+13,
6/18/22,3.02833E+13,
6/19/22,3.02833E+13,
6/20/22,3.02833E+13,
6/21/22,3.02833E+13,
6/22/22,3.01396E+13,262
6/23/22,2.95702E+13,
6/24/22,2.95702E+13,
6/25/22,2.95702E+13,
6/26/22,2.95702E+13,
6/27/22,2.95702E+13,
6/28/22,2.95702E+13,
6/29/22,2.95702E+13,
6/30/22,2.95702E+13,
7/1/22,2.95702E+13,
7/2/22,2.95702E+13,
7/3/22,2.95702E+13,
7/4/22,2.95702E+13,
7/5/22,2.95702E+13,
7/6/22,2.95702E+13,
7/7/22,2.91555E+13,263
7/8/22,2.91528E+13,
7/9/22,2.91528E+13,
7/10/22,2.91528E+13,
7/11/22,2.91528E+13,
7/12/22,2.91528E+13,
7/13/22,2.91528E+13,
7/14/22,2.91528E+13,
7/15/22,2.91528E+13,
7/16/22,2.91528E+13,
7/17/22,2.91528E+13,
7/18/22,2.91528E+13,
7/19/22,2.91528E+13,
7/20/22,2.91528E+13,
7/21/22,2.88271E+13,264
7/22/22,2.76926E+13,
7/23/22,2.76926E+13,
7/24/22,2.76926E+13,
7/25/22,2.76926E+13,
7/26/22,2.76926E+13,
7/27/22,2.76926E+13,
7/28/22,2.76926E+13,
7/29/22,2.76926E+13,
7/30/22,2.76926E+13,
7/31/22,2.76926E+13,
8/1/22,2.76926E+13,
8/2/22,2.76926E+13,
8/3/22,2.76926E+13,
8/4/22,2.79154E+13,265
8/5/22,2.81747E+13,
8/6/22,2.81747E+13,
8/7/22,2.81747E+13,
8/8/22,2.81747E+13,
8/9/22,2.81747E+13,
8/10/22,2.81747E+13,
8/11/22,2.81747E+13,
8/12/22,2.81747E+13,
8/13/22,2.81747E+13,
8/14/22,2.81747E+13,
8/15/22,2.81747E+13,
8/16/22,2.81747E+13,
8/17/22,2.81747E+13,
8/18/22,2.82754E+13,266
8/19/22,2.83516E+13,
8/20/22,2.83516E+13,
8/21/22,2.83516E+13,
8/22/22,2.83516E+13,
8/23/22,2.83516E+13,
8/24/22,2.83516E+13,
8/25/22,2.83516E+13,
8/26/22,2.83516E+13,
8/27/22,2.83516E+13,
8/28/22,2.83516E+13,
8/29/22,2.83516E+13,
8/30/22,2.83516E+13,
8/31/22,3.02937E+13,267
9/1/22,3.09771E+13,
9/2/22,3.09771E+13,
9/3/22,3.09771E+13,
9/4/22,3.09771E+13,
9/5/22,3.09771E+13,
9/6/22,3.09771E+13,
9/7/22,3.09771E+13,
9/8/22,3.09771E+13,
9/9/22,3.09771E+13,
9/10/22,3.09771E+13,
9/11/22,3.09771E+13,
9/12/22,3.09771E+13,
9/13/22,3.11252E+13,268
9/14/22,3.20454E+13,
9/15/22,3.20454E+13,
9/16/22,3.20454E+13,
9/17/22,3.20454E+13,
9/18/22,3.20454E+13,
9/19/22,3.20454E+13,
9/20/22,3.20454E+13,
9/21/22,3.20454E+13,
9/22/22,3.20454E+13,
9/23/22,3.20454E+13,
9/24/22,3.20454E+13,
9/25/22,3.20454E+13,
9/26/22,3.20454E+13,
9/27/22,3.20454E+13,
9/28/22,3.14199E+13,269
9/29/22,3.13605E+13,
9/30/22,3.13605E+13,
10/1/22,3.13605E+13,
10/2/22,3.13605E+13,
10/3/22,3.13605E+13,
10/4/22,3.13605E+13,
10/5/22,3.13605E+13,
10/6/22,3.13605E+13,
10/7/22,3.13605E+13,
10/8/22,3.13605E+13,
10/9/22,3.13605E+13,
10/10/22,3.37387E+13,270
10/11/22,3.56108E+13,
10/12/22,3.56108E+13,
10/13/22,3.56108E+13,
10/14/22,3.56108E+13,
10/15/22,3.56108E+13,
10/16/22,3.56108E+13,
10/17/22,3.56108E+13,
10/18/22,3.56108E+13,
10/19/22,3.56108E+13,
10/20/22,3.56108E+13,
10/21/22,3.56108E+13,
10/22/22,3.56108E+13,
10/23/22,3.56266E+13,271
10/24/22,3.68357E+13,
10/25/22,3.68357E+13,
10/26/22,3.68357E+13,
10/27/22,3.68357E+13,
10/28/22,3.68357E+13,
10/29/22,3.68357E+13,
10/30/22,3.68357E+13,
10/31/22,3.68357E+13,
11/1/22,3.68357E+13,
11/2/22,3.68357E+13,
11/3/22,3.68357E+13,
11/4/22,3.68357E+13,
11/5/22,3.68357E+13,
11/6/22,3.68357E+13,
11/7/22,3.67668E+13,272
11/8/22,3.67622E+13,
11/9/22,3.67622E+13,
11/10/22,3.67622E+13,
11/11/22,3.67622E+13,
11/12/22,3.67622E+13,
11/13/22,3.67622E+13,
11/14/22,3.67622E+13,
11/15/22,3.67622E+13,
11/16/22,3.67622E+13,
11/17/22,3.67622E+13,
11/18/22,3.67622E+13,
11/19/22,3.67622E+13,
11/20/22,3.67736E+13,273
11/21/22,3.69505E+13,
11/22/22,3.69505E+13,
11/23/22,3.69505E+13,
11/24/22,3.69505E+13,
11/25/22,3.69505E+13,
11/26/22,3.69505E+13,
11/27/22,3.69505E+13,
11/28/22,3.69505E+13,
11/29/22,3.69505E+13,
11/30/22,3.69505E+13,
12/1/22,3.69505E+13,
12/2/22,3.69505E+13,
12/3/22,3.69505E+13,
12/4/22,3.69505E+13,
12/5/22,3.69505E+13,
12/6/22,3.44648E+13,274
12/7/22,3.42443E+13,
12/8/22,3.42443E+13,
12/9/22,3.42443E+13,
12/10/22,3.42443E+13,
12/11/22,3.42443E+13,
12/12/22,3.42443E+13,
12/13/22,3.42443E+13,
12/14/22,3.42443E+13,
12/15/22,3.42443E+13,
12/16/22,3.42443E+13,
12/17/22,3.42443E+13,
12/18/22,3.42443E+13,
12/19/22,3.46066E+13,275
12/20/22,3.53641E+13,
12/21/22,3.53641E+13,
12/22/22,3.53641E+13,
12/23/22,3.53641E+13,
12/24/22,3.53641E+13,
12/25/22,3.53641E+13,
12/26/22,3.53641E+13,
12/27/22,3.53641E+13,
12/28/22,3.53641E+13,
12/29/22,3.53641E+13,
12/30/22,3.53641E+13,
12/31/22,3.53641E+13,
1/1/23,3.53641E+13,
1/2/23,3.53641E+13,
1/3/23,3.42091E+13,276
1/4/23,3.40936E+13,
1/5/23,3.40936E+13,
1/6/23,3.40936E+13,
1/7/23,3.40936E+13,
1/8/23,3.40936E+13,
1/9/23,3.40936E+13,
1/10/23,3.40936E+13,
1/11/23,3.40936E+13,
1/12/23,3.40936E+13,
1/13/23,3.40936E+13,
1/14/23,3.40936E+13,
1/15/23,3.4587E+13,277
1/16/23,3.75905E+13,
1/17/23,3.75905E+13,
1/18/23,3.75905E+13,
1/19/23,3.75905E+13,
1/20/23,3.75905E+13,
1/21/23,3.75905E+13,
1/22/23,3.75905E+13,
1/23/23,3.75905E+13,
1/24/23,3.75905E+13,
1/25/23,3.75905E+13,
1/26/23,3.75905E+13,
1/27/23,3.75905E+13,
1/28/23,3.75905E+13,
1/29/23,3.88589E+13,278
1/30/23,3.93509E+13,
1/31/23,3.93509E+13,
2/1/23,3.93509E+13,
2/2/23,3.93509E+13,
2/3/23,3.93509E+13,
2/4/23,3.93509E+13,
2/5/23,3.93509E+13,
2/6/23,3.93509E+13,
2/7/23,3.93509E+13,
2/8/23,3.93509E+13,
2/9/23,3.93509E+13,
2/10/23,3.93509E+13,
2/11/23,3.93509E+13,
2/12/23,3.92265E+13,279
2/13/23,3.91564E+13,
2/14/23,3.91564E+13,
2/15/23,3.91564E+13,
2/16/23,3.91564E+13,
2/17/23,3.91564E+13,
2/18/23,3.91564E+13,
2/19/23,3.91564E+13,
2/20/23,3.91564E+13,
2/21/23,3.91564E+13,
2/22/23,3.91564E+13,
2/23/23,3.91564E+13,
2/24/23,3.91564E+13,
2/25/23,4.28353E+13,280
2/26/23,4.30538E+13,
2/27/23,4.30538E+13,
2/28/23,4.30538E+13,
3/1/23,4.30538E+13,
3/2/23,4.30538E+13,
3/3/23,4.30538E+13,
3/4/23,4.30538E+13,
3/5/23,4.30538E+13,
3/6/23,4.30538E+13,
3/7/23,4.30538E+13,
3/8/23,4.30538E+13,
3/9/23,4.30538E+13,
3/10/23,4.31271E+13,281
3/11/23,4.35517E+13,
3/12/23,4.35517E+13,
3/13/23,4.35517E+13,
3/14/23,4.35517E+13,
3/15/23,4.35517E+13,
3/16/23,4.35517E+13,
3/17/23,4.35517E+13,
3/18/23,4.35517E+13,
3/19/23,4.35517E+13,
3/20/23,4.35517E+13,
3/21/23,4.35517E+13,
3/22/23,4.35517E+13,
3/23/23,4.37676E+13,282
3/24/23,4.68434E+13,
3/25/23,4.68434E+13,
3/26/23,4.68434E+13,
3/27/23,4.68434E+13,
3/28/23,4.68434E+13,
3/29/23,4.68434E+13,
3/30/23,4.68434E+13,
3/31/23,4.68434E+13,
,,
,,
,,
,,
,,
,,
,,
,,
,,
,,
,,
,,
,,
,,
,,
,,
,,
,,
,,
,,
,,
,,
,,
,,
,,
,,
,,
,,
,,
,,
,,
,,
,,
,,
,,
,,
,,
,,
,,
,,
,,
,,
,,
,,
,,
,,
,,
,,
,,
,,
,,
,,
,,
,,
,,
,,
,,
,,
,,
,,
,,
,,
,,
,,
,,
,,
,,
,,
,,
,,
,,
,,
,,
,,
,,
,,
,,
,,
,,
,,
,,
,,
,,
,,
,,
,,
,,
,,
,,
,,